CROHME,CROHME,CROHME,CROHME,CROPME,CROPME,CROPME,CROPME
width,height,aspect ratio,title,width,height,aspect ratio,title
412,97,4.247422680412371,101_Fabricio.png,300,64,4.6875,101_Fabricio.png
577,125,4.616,101_Frank.png,300,64,4.6875,101_Frank.png
411,113,3.6371681415929205,101_Nina.png,300,64,4.6875,101_Nina.png
409,109,3.7522935779816513,101_alfonso.png,300,64,4.6875,101_alfonso.png
440,93,4.731182795698925,101_carlos.png,300,64,4.6875,101_carlos.png
384,114,3.3684210526315788,101_caue.png,300,64,4.6875,101_caue.png
570,114,5.0,101_danilo.png,300,64,4.6875,101_danilo.png
336,99,3.393939393939394,101_david.png,300,64,4.6875,101_david.png
488,106,4.60377358490566,101_edwin.png,300,64,4.6875,101_edwin.png
350,109,3.2110091743119265,101_fujita.png,300,64,4.6875,101_fujita.png
490,114,4.298245614035087,101_herbert.png,300,64,4.6875,101_herbert.png
493,115,4.28695652173913,101_hirata.png,300,64,4.6875,101_hirata.png
369,109,3.385321100917431,101_jorge.png,300,64,4.6875,101_jorge.png
456,112,4.071428571428571,101_leissi.png,300,64,4.6875,101_leissi.png
324,109,2.9724770642201834,101_leo.png,300,64,4.6875,101_leo.png
542,109,4.972477064220183,101_miguel.png,300,64,4.6875,101_miguel.png
438,107,4.093457943925234,101_mijail.png,300,64,4.6875,101_mijail.png
344,99,3.474747474747475,101_rosario.png,300,64,4.6875,101_rosario.png
374,97,3.8556701030927836,101_user0.png,300,64,4.6875,101_user0.png
980,184,5.326086956521739,105_Fabricio.png,331,39,8.487179487179487,105_Fabricio.png
1042,185,5.632432432432433,105_Frank.png,331,39,8.487179487179487,105_Frank.png
775,161,4.813664596273292,105_Nina.png,331,39,8.487179487179487,105_Nina.png
1029,216,4.763888888888889,105_alfonso.png,331,39,8.487179487179487,105_alfonso.png
936,165,5.672727272727273,105_carlos.png,331,39,8.487179487179487,105_carlos.png
1121,162,6.919753086419753,105_caue.png,331,39,8.487179487179487,105_caue.png
1158,222,5.216216216216216,105_danilo.png,331,39,8.487179487179487,105_danilo.png
803,166,4.837349397590361,105_david.png,331,39,8.487179487179487,105_david.png
1050,187,5.614973262032086,105_edwin.png,331,39,8.487179487179487,105_edwin.png
1085,211,5.14218009478673,105_fujita.png,331,39,8.487179487179487,105_fujita.png
884,171,5.169590643274854,105_herbert.png,331,39,8.487179487179487,105_herbert.png
925,196,4.719387755102041,105_hirata.png,331,39,8.487179487179487,105_hirata.png
921,202,4.5594059405940595,105_leissi.png,331,39,8.487179487179487,105_leissi.png
990,192,5.15625,105_leo.png,331,39,8.487179487179487,105_leo.png
893,183,4.879781420765028,105_lucelia.png,331,39,8.487179487179487,105_lucelia.png
1102,169,6.520710059171598,105_miguel.png,331,39,8.487179487179487,105_miguel.png
991,171,5.795321637426901,105_mijail.png,331,39,8.487179487179487,105_mijail.png
949,169,5.615384615384615,105_rosario.png,331,39,8.487179487179487,105_rosario.png
815,179,4.553072625698324,105_user0.png,331,39,8.487179487179487,105_user0.png
313,93,3.3655913978494625,106_Fabricio.png,175,31,5.645161290322581,106_Fabricio.png
343,89,3.853932584269663,106_Frank.png,175,31,5.645161290322581,106_Frank.png
281,107,2.6261682242990654,106_Nina.png,175,31,5.645161290322581,106_Nina.png
262,89,2.943820224719101,106_alfonso.png,175,31,5.645161290322581,106_alfonso.png
313,84,3.7261904761904763,106_carlos.png,175,31,5.645161290322581,106_carlos.png
293,96,3.0520833333333335,106_caue.png,175,31,5.645161290322581,106_caue.png
276,91,3.032967032967033,106_daniel.png,175,31,5.645161290322581,106_daniel.png
292,92,3.1739130434782608,106_david.png,175,31,5.645161290322581,106_david.png
288,76,3.789473684210526,106_edwin.png,175,31,5.645161290322581,106_edwin.png
308,98,3.142857142857143,106_fabio.png,175,31,5.645161290322581,106_fabio.png
319,116,2.75,106_fujita.png,175,31,5.645161290322581,106_fujita.png
308,88,3.5,106_herbert.png,175,31,5.645161290322581,106_herbert.png
224,80,2.8,106_jorge.png,175,31,5.645161290322581,106_jorge.png
273,98,2.7857142857142856,106_leissi.png,175,31,5.645161290322581,106_leissi.png
383,106,3.6132075471698113,106_leo.png,175,31,5.645161290322581,106_leo.png
338,94,3.595744680851064,106_miguel.png,175,31,5.645161290322581,106_miguel.png
247,90,2.7444444444444445,106_rosario.png,175,31,5.645161290322581,106_rosario.png
245,100,2.45,106_user0.png,175,31,5.645161290322581,106_user0.png
435,88,4.943181818181818,107_Fabricio.png,303,31,9.774193548387096,107_Fabricio.png
568,92,6.173913043478261,107_Frank.png,303,31,9.774193548387096,107_Frank.png
401,81,4.950617283950617,107_Nina.png,303,31,9.774193548387096,107_Nina.png
446,93,4.795698924731183,107_alfonso.png,303,31,9.774193548387096,107_alfonso.png
572,90,6.355555555555555,107_bruno.png,303,31,9.774193548387096,107_bruno.png
503,89,5.651685393258427,107_carlos.png,303,31,9.774193548387096,107_carlos.png
451,86,5.244186046511628,107_caue.png,303,31,9.774193548387096,107_caue.png
459,92,4.989130434782608,107_daniel.png,303,31,9.774193548387096,107_daniel.png
488,87,5.609195402298851,107_david.png,303,31,9.774193548387096,107_david.png
590,85,6.9411764705882355,107_edwin.png,303,31,9.774193548387096,107_edwin.png
487,93,5.236559139784946,107_herbert.png,303,31,9.774193548387096,107_herbert.png
467,88,5.306818181818182,107_hirata.png,303,31,9.774193548387096,107_hirata.png
427,97,4.402061855670103,107_jorge.png,303,31,9.774193548387096,107_jorge.png
443,80,5.5375,107_leissi.png,303,31,9.774193548387096,107_leissi.png
420,98,4.285714285714286,107_leo.png,303,31,9.774193548387096,107_leo.png
537,84,6.392857142857143,107_miguel.png,303,31,9.774193548387096,107_miguel.png
364,91,4.0,107_rosario.png,303,31,9.774193548387096,107_rosario.png
411,85,4.8352941176470585,107_user0.png,303,31,9.774193548387096,107_user0.png
689,124,5.556451612903226,108_Fabricio.png,150,22,6.818181818181818,108_Fabricio.png
520,98,5.3061224489795915,108_Frank.png,150,22,6.818181818181818,108_Frank.png
277,90,3.077777777777778,108_Nina.png,150,22,6.818181818181818,108_Nina.png
477,117,4.076923076923077,108_Willian.png,150,22,6.818181818181818,108_Willian.png
465,110,4.2272727272727275,108_alfonso.png,150,22,6.818181818181818,108_alfonso.png
629,113,5.566371681415929,108_bruno.png,150,22,6.818181818181818,108_bruno.png
579,103,5.621359223300971,108_carlos.png,150,22,6.818181818181818,108_carlos.png
440,111,3.963963963963964,108_caue.png,150,22,6.818181818181818,108_caue.png
529,102,5.186274509803922,108_danilo.png,150,22,6.818181818181818,108_danilo.png
458,88,5.204545454545454,108_david.png,150,22,6.818181818181818,108_david.png
460,106,4.339622641509434,108_edwin.png,150,22,6.818181818181818,108_edwin.png
526,107,4.91588785046729,108_herbert.png,150,22,6.818181818181818,108_herbert.png
492,102,4.823529411764706,108_jorge.png,150,22,6.818181818181818,108_jorge.png
447,103,4.339805825242719,108_leissi.png,150,22,6.818181818181818,108_leissi.png
465,123,3.7804878048780486,108_leo.png,150,22,6.818181818181818,108_leo.png
460,116,3.9655172413793105,108_maira.png,150,22,6.818181818181818,108_maira.png
448,104,4.3076923076923075,108_miguel.png,150,22,6.818181818181818,108_miguel.png
361,99,3.6464646464646466,108_rosario.png,150,22,6.818181818181818,108_rosario.png
419,90,4.655555555555556,108_user0.png,150,22,6.818181818181818,108_user0.png
267,179,1.4916201117318435,109_Fabricio.png,119,44,2.7045454545454546,109_Fabricio.png
335,140,2.392857142857143,109_Frank.png,119,44,2.7045454545454546,109_Frank.png
243,150,1.62,109_Nina.png,119,44,2.7045454545454546,109_Nina.png
272,149,1.825503355704698,109_alfonso.png,119,44,2.7045454545454546,109_alfonso.png
283,127,2.2283464566929134,109_carlos.png,119,44,2.7045454545454546,109_carlos.png
283,137,2.065693430656934,109_caue.png,119,44,2.7045454545454546,109_caue.png
375,152,2.4671052631578947,109_daniel.png,119,44,2.7045454545454546,109_daniel.png
274,126,2.1746031746031744,109_edwin.png,119,44,2.7045454545454546,109_edwin.png
310,132,2.3484848484848486,109_herbert.png,119,44,2.7045454545454546,109_herbert.png
349,127,2.748031496062992,109_jorge.png,119,44,2.7045454545454546,109_jorge.png
303,125,2.424,109_leissi.png,119,44,2.7045454545454546,109_leissi.png
266,146,1.821917808219178,109_leo.png,119,44,2.7045454545454546,109_leo.png
338,152,2.223684210526316,109_lucelia.png,119,44,2.7045454545454546,109_lucelia.png
350,153,2.287581699346405,109_miguel.png,119,44,2.7045454545454546,109_miguel.png
271,133,2.037593984962406,109_rosario.png,119,44,2.7045454545454546,109_rosario.png
304,137,2.218978102189781,109_silas.png,119,44,2.7045454545454546,109_silas.png
209,129,1.62015503875969,109_user0.png,119,44,2.7045454545454546,109_user0.png
120,70,1.7142857142857142,10_em_81.png,58,25,2.32,10_em_81.png
157,58,2.706896551724138,10_em_86.png,83,22,3.772727272727273,10_em_86.png
172,64,2.6875,10_em_87.png,75,22,3.409090909090909,10_em_87.png
167,62,2.693548387096774,10_em_89.png,75,22,3.409090909090909,10_em_89.png
454,164,2.768292682926829,110_Fabricio.png,169,44,3.840909090909091,110_Fabricio.png
512,159,3.220125786163522,110_Frank.png,169,44,3.840909090909091,110_Frank.png
433,166,2.608433734939759,110_Nina.png,169,44,3.840909090909091,110_Nina.png
483,185,2.610810810810811,110_alfonso.png,169,44,3.840909090909091,110_alfonso.png
477,154,3.0974025974025974,110_carlos.png,169,44,3.840909090909091,110_carlos.png
471,153,3.0784313725490198,110_caue.png,169,44,3.840909090909091,110_caue.png
538,166,3.2409638554216866,110_danilo.png,169,44,3.840909090909091,110_danilo.png
387,150,2.58,110_david.png,169,44,3.840909090909091,110_david.png
627,166,3.7771084337349397,110_edwin.png,169,44,3.840909090909091,110_edwin.png
610,190,3.210526315789474,110_fujita.png,169,44,3.840909090909091,110_fujita.png
431,154,2.7987012987012987,110_herbert.png,169,44,3.840909090909091,110_herbert.png
411,159,2.5849056603773586,110_jorge.png,169,44,3.840909090909091,110_jorge.png
429,156,2.75,110_leissi.png,169,44,3.840909090909091,110_leissi.png
515,169,3.0473372781065087,110_leo.png,169,44,3.840909090909091,110_leo.png
499,147,3.3945578231292517,110_miguel.png,169,44,3.840909090909091,110_miguel.png
429,152,2.8223684210526314,110_rosario.png,169,44,3.840909090909091,110_rosario.png
357,163,2.1901840490797544,110_user0.png,169,44,3.840909090909091,110_user0.png
764,148,5.162162162162162,111_Fabricio.png,286,36,7.944444444444445,111_Fabricio.png
884,150,5.8933333333333335,111_Frank.png,286,36,7.944444444444445,111_Frank.png
705,137,5.145985401459854,111_Nina.png,286,36,7.944444444444445,111_Nina.png
890,143,6.223776223776224,111_alfonso.png,286,36,7.944444444444445,111_alfonso.png
784,148,5.297297297297297,111_carlos.png,286,36,7.944444444444445,111_carlos.png
752,141,5.333333333333333,111_caue.png,286,36,7.944444444444445,111_caue.png
936,144,6.5,111_david.png,286,36,7.944444444444445,111_david.png
918,137,6.700729927007299,111_edwin.png,286,36,7.944444444444445,111_edwin.png
770,121,6.363636363636363,111_herbert.png,286,36,7.944444444444445,111_herbert.png
874,159,5.49685534591195,111_hirata.png,286,36,7.944444444444445,111_hirata.png
826,154,5.363636363636363,111_jorge.png,286,36,7.944444444444445,111_jorge.png
751,139,5.402877697841727,111_leissi.png,286,36,7.944444444444445,111_leissi.png
710,163,4.355828220858895,111_leo.png,286,36,7.944444444444445,111_leo.png
997,143,6.972027972027972,111_miguel.png,286,36,7.944444444444445,111_miguel.png
863,132,6.537878787878788,111_miguel2.png,286,36,7.944444444444445,111_miguel2.png
688,137,5.021897810218978,111_rosario.png,286,36,7.944444444444445,111_rosario.png
699,140,4.992857142857143,111_user0.png,286,36,7.944444444444445,111_user0.png
542,171,3.1695906432748537,116_Fabricio.png,192,39,4.923076923076923,116_Fabricio.png
550,170,3.235294117647059,116_Frank.png,192,39,4.923076923076923,116_Frank.png
447,156,2.8653846153846154,116_Nina.png,192,39,4.923076923076923,116_Nina.png
518,168,3.0833333333333335,116_alfonso.png,192,39,4.923076923076923,116_alfonso.png
584,166,3.5180722891566263,116_carlos.png,192,39,4.923076923076923,116_carlos.png
524,154,3.4025974025974026,116_caue.png,192,39,4.923076923076923,116_caue.png
466,162,2.876543209876543,116_david.png,192,39,4.923076923076923,116_david.png
580,164,3.5365853658536586,116_edwin.png,192,39,4.923076923076923,116_edwin.png
548,157,3.4904458598726116,116_herbert.png,192,39,4.923076923076923,116_herbert.png
401,146,2.7465753424657535,116_hirata.png,192,39,4.923076923076923,116_hirata.png
499,148,3.3716216216216215,116_jorge.png,192,39,4.923076923076923,116_jorge.png
475,156,3.0448717948717947,116_leissi.png,192,39,4.923076923076923,116_leissi.png
407,140,2.907142857142857,116_leo.png,192,39,4.923076923076923,116_leo.png
626,169,3.7041420118343193,116_miguel.png,192,39,4.923076923076923,116_miguel.png
437,159,2.748427672955975,116_rosario.png,192,39,4.923076923076923,116_rosario.png
442,157,2.8152866242038215,116_user0.png,192,39,4.923076923076923,116_user0.png
553,122,4.532786885245901,117_Fabricio.png,400,39,10.256410256410257,117_Fabricio.png
577,109,5.293577981651376,117_Frank.png,400,39,10.256410256410257,117_Frank.png
509,116,4.387931034482759,117_Nina.png,400,39,10.256410256410257,117_Nina.png
527,117,4.504273504273504,117_alfonso.png,400,39,10.256410256410257,117_alfonso.png
573,106,5.40566037735849,117_carlos.png,400,39,10.256410256410257,117_carlos.png
598,105,5.695238095238095,117_caue.png,400,39,10.256410256410257,117_caue.png
551,113,4.876106194690266,117_david.png,400,39,10.256410256410257,117_david.png
554,115,4.817391304347826,117_edwin.png,400,39,10.256410256410257,117_edwin.png
521,117,4.452991452991453,117_hirata.png,400,39,10.256410256410257,117_hirata.png
441,105,4.2,117_jorge.png,400,39,10.256410256410257,117_jorge.png
491,113,4.345132743362832,117_leissi.png,400,39,10.256410256410257,117_leissi.png
485,114,4.254385964912281,117_leo.png,400,39,10.256410256410257,117_leo.png
543,106,5.122641509433962,117_lucelia.png,400,39,10.256410256410257,117_lucelia.png
406,106,3.830188679245283,117_rosario.png,400,39,10.256410256410257,117_rosario.png
476,108,4.407407407407407,117_user0.png,400,39,10.256410256410257,117_user0.png
436,153,2.849673202614379,118_Fabricio.png,189,64,2.953125,118_Fabricio.png
397,138,2.8768115942028984,118_Frank.png,189,64,2.953125,118_Frank.png
282,127,2.220472440944882,118_Nina.png,189,64,2.953125,118_Nina.png
386,150,2.5733333333333333,118_alfonso.png,189,64,2.953125,118_alfonso.png
421,138,3.050724637681159,118_carlos.png,189,64,2.953125,118_carlos.png
432,154,2.8051948051948052,118_caue.png,189,64,2.953125,118_caue.png
313,138,2.2681159420289854,118_david.png,189,64,2.953125,118_david.png
435,144,3.0208333333333335,118_edwin.png,189,64,2.953125,118_edwin.png
384,123,3.1219512195121952,118_fujita.png,189,64,2.953125,118_fujita.png
492,153,3.215686274509804,118_herbert.png,189,64,2.953125,118_herbert.png
377,122,3.0901639344262297,118_hirata.png,189,64,2.953125,118_hirata.png
355,109,3.256880733944954,118_jorge.png,189,64,2.953125,118_jorge.png
370,124,2.9838709677419355,118_leissi.png,189,64,2.953125,118_leissi.png
369,140,2.6357142857142857,118_leo.png,189,64,2.953125,118_leo.png
341,126,2.7063492063492065,118_lucelia.png,189,64,2.953125,118_lucelia.png
492,157,3.1337579617834397,118_miguel.png,189,64,2.953125,118_miguel.png
282,127,2.220472440944882,118_rosario.png,189,64,2.953125,118_rosario.png
367,139,2.6402877697841727,118_user0.png,189,64,2.953125,118_user0.png
83,58,1.4310344827586208,11_em_91.png,42,19,2.210526315789474,11_em_91.png
198,78,2.5384615384615383,11_em_95.png,89,22,4.045454545454546,11_em_95.png
96,78,1.2307692307692308,11_em_99.png,69,28,2.4642857142857144,11_em_99.png
660,220,3.0,124_Fabricio.png,189,69,2.739130434782609,124_Fabricio.png
515,211,2.440758293838863,124_Frank.png,189,69,2.739130434782609,124_Frank.png
500,204,2.450980392156863,124_Nina.png,189,69,2.739130434782609,124_Nina.png
564,211,2.6729857819905214,124_alfonso.png,189,69,2.739130434782609,124_alfonso.png
532,195,2.7282051282051283,124_carlos.png,189,69,2.739130434782609,124_carlos.png
684,209,3.272727272727273,124_caue.png,189,69,2.739130434782609,124_caue.png
495,193,2.564766839378238,124_daniel.png,189,69,2.739130434782609,124_daniel.png
542,211,2.5687203791469195,124_david.png,189,69,2.739130434782609,124_david.png
528,199,2.6532663316582914,124_edwin.png,189,69,2.739130434782609,124_edwin.png
641,190,3.373684210526316,124_jorge.png,189,69,2.739130434782609,124_jorge.png
578,198,2.919191919191919,124_leissi.png,189,69,2.739130434782609,124_leissi.png
777,215,3.613953488372093,124_leo.png,189,69,2.739130434782609,124_leo.png
657,245,2.6816326530612247,124_maira.png,189,69,2.739130434782609,124_maira.png
629,205,3.0682926829268293,124_miguel.png,189,69,2.739130434782609,124_miguel.png
441,182,2.423076923076923,124_rosario.png,189,69,2.739130434782609,124_rosario.png
441,185,2.383783783783784,124_silas.png,189,69,2.739130434782609,124_silas.png
487,206,2.3640776699029127,124_user0.png,189,69,2.739130434782609,124_user0.png
627,147,4.26530612244898,126_Fabricio.png,275,39,7.051282051282051,126_Fabricio.png
577,124,4.653225806451613,126_Frank.png,275,39,7.051282051282051,126_Frank.png
509,142,3.584507042253521,126_Nina.png,275,39,7.051282051282051,126_Nina.png
583,156,3.7371794871794872,126_alfonso.png,275,39,7.051282051282051,126_alfonso.png
670,152,4.407894736842105,126_carlos.png,275,39,7.051282051282051,126_carlos.png
580,139,4.172661870503597,126_caue.png,275,39,7.051282051282051,126_caue.png
672,147,4.571428571428571,126_danilo.png,275,39,7.051282051282051,126_danilo.png
614,130,4.723076923076923,126_david.png,275,39,7.051282051282051,126_david.png
535,127,4.21259842519685,126_edwin.png,275,39,7.051282051282051,126_edwin.png
706,154,4.584415584415584,126_fujita.png,275,39,7.051282051282051,126_fujita.png
734,161,4.559006211180124,126_herbert.png,275,39,7.051282051282051,126_herbert.png
497,134,3.708955223880597,126_jorge.png,275,39,7.051282051282051,126_jorge.png
546,135,4.044444444444444,126_leissi.png,275,39,7.051282051282051,126_leissi.png
548,132,4.151515151515151,126_leo.png,275,39,7.051282051282051,126_leo.png
612,137,4.467153284671533,126_miguel.png,275,39,7.051282051282051,126_miguel.png
515,129,3.992248062015504,126_rosario.png,275,39,7.051282051282051,126_rosario.png
571,152,3.7565789473684212,126_user0.png,275,39,7.051282051282051,126_user0.png
125,70,1.7857142857142858,127_Fabricio.png,72,22,3.272727272727273,127_Fabricio.png
148,68,2.176470588235294,127_Frank.png,72,22,3.272727272727273,127_Frank.png
138,72,1.9166666666666667,127_Nina.png,72,22,3.272727272727273,127_Nina.png
172,75,2.2933333333333334,127_alfonso.png,72,22,3.272727272727273,127_alfonso.png
88,73,1.2054794520547945,127_caue.png,72,22,3.272727272727273,127_caue.png
213,72,2.9583333333333335,127_danilo.png,72,22,3.272727272727273,127_danilo.png
122,72,1.6944444444444444,127_david.png,72,22,3.272727272727273,127_david.png
133,65,2.046153846153846,127_edwin.png,72,22,3.272727272727273,127_edwin.png
136,70,1.9428571428571428,127_fujita.png,72,22,3.272727272727273,127_fujita.png
129,61,2.1147540983606556,127_herbert.png,72,22,3.272727272727273,127_herbert.png
131,69,1.8985507246376812,127_hirata.png,72,22,3.272727272727273,127_hirata.png
122,69,1.7681159420289856,127_jorge.png,72,22,3.272727272727273,127_jorge.png
134,63,2.126984126984127,127_leissi.png,72,22,3.272727272727273,127_leissi.png
145,66,2.196969696969697,127_leo.png,72,22,3.272727272727273,127_leo.png
166,68,2.4411764705882355,127_miguel.png,72,22,3.272727272727273,127_miguel.png
110,78,1.4102564102564104,127_rosario.png,72,22,3.272727272727273,127_rosario.png
143,68,2.1029411764705883,127_user0.png,72,22,3.272727272727273,127_user0.png
596,132,4.515151515151516,129_Fabricio.png,292,39,7.487179487179487,129_Fabricio.png
635,111,5.7207207207207205,129_Frank.png,292,39,7.487179487179487,129_Frank.png
622,151,4.119205298013245,129_Nina.png,292,39,7.487179487179487,129_Nina.png
687,146,4.705479452054795,129_alfonso.png,292,39,7.487179487179487,129_alfonso.png
556,118,4.711864406779661,129_carlos.png,292,39,7.487179487179487,129_carlos.png
503,123,4.0894308943089435,129_caue.png,292,39,7.487179487179487,129_caue.png
500,133,3.7593984962406015,129_david.png,292,39,7.487179487179487,129_david.png
755,138,5.471014492753623,129_edwin.png,292,39,7.487179487179487,129_edwin.png
588,136,4.323529411764706,129_jorge.png,292,39,7.487179487179487,129_jorge.png
494,117,4.222222222222222,129_leissi.png,292,39,7.487179487179487,129_leissi.png
682,154,4.428571428571429,129_leo.png,292,39,7.487179487179487,129_leo.png
641,133,4.819548872180451,129_miguel.png,292,39,7.487179487179487,129_miguel.png
533,132,4.037878787878788,129_rosario.png,292,39,7.487179487179487,129_rosario.png
596,114,5.228070175438597,129_silas.png,292,39,7.487179487179487,129_silas.png
469,131,3.5801526717557253,129_user0.png,292,39,7.487179487179487,129_user0.png
311,103,3.0194174757281553,130_Fabricio.png,308,33,9.333333333333334,130_Fabricio.png
509,117,4.35042735042735,130_Frank.png,308,33,9.333333333333334,130_Frank.png
389,115,3.382608695652174,130_Nina.png,308,33,9.333333333333334,130_Nina.png
429,116,3.6982758620689653,130_alfonso.png,308,33,9.333333333333334,130_alfonso.png
419,100,4.19,130_bruno.png,308,33,9.333333333333334,130_bruno.png
460,99,4.646464646464646,130_carlos.png,308,33,9.333333333333334,130_carlos.png
419,93,4.505376344086022,130_caue.png,308,33,9.333333333333334,130_caue.png
534,104,5.134615384615385,130_danilo.png,308,33,9.333333333333334,130_danilo.png
405,98,4.13265306122449,130_david.png,308,33,9.333333333333334,130_david.png
457,104,4.394230769230769,130_edwin.png,308,33,9.333333333333334,130_edwin.png
411,120,3.425,130_hirata.png,308,33,9.333333333333334,130_hirata.png
355,97,3.6597938144329896,130_jorge.png,308,33,9.333333333333334,130_jorge.png
397,104,3.8173076923076925,130_leissi.png,308,33,9.333333333333334,130_leissi.png
425,112,3.794642857142857,130_leo.png,308,33,9.333333333333334,130_leo.png
481,113,4.256637168141593,130_miguel.png,308,33,9.333333333333334,130_miguel.png
363,110,3.3,130_rosario.png,308,33,9.333333333333334,130_rosario.png
351,115,3.0521739130434784,130_user0.png,308,33,9.333333333333334,130_user0.png
1056,112,9.428571428571429,131_Fabricio.png,506,31,16.322580645161292,131_Fabricio.png
944,115,8.208695652173914,131_Frank.png,506,31,16.322580645161292,131_Frank.png
823,120,6.858333333333333,131_Nina.png,506,31,16.322580645161292,131_Nina.png
971,124,7.830645161290323,131_alfonso.png,506,31,16.322580645161292,131_alfonso.png
1124,120,9.366666666666667,131_carlos.png,506,31,16.322580645161292,131_carlos.png
901,112,8.044642857142858,131_caue.png,506,31,16.322580645161292,131_caue.png
979,114,8.587719298245615,131_david.png,506,31,16.322580645161292,131_david.png
1157,119,9.722689075630251,131_edwin.png,506,31,16.322580645161292,131_edwin.png
836,131,6.3816793893129775,131_jorge.png,506,31,16.322580645161292,131_jorge.png
943,108,8.731481481481481,131_leissi.png,506,31,16.322580645161292,131_leissi.png
719,135,5.325925925925926,131_leo.png,506,31,16.322580645161292,131_leo.png
1061,135,7.859259259259259,131_maira.png,506,31,16.322580645161292,131_maira.png
988,119,8.302521008403362,131_miguel.png,506,31,16.322580645161292,131_miguel.png
898,136,6.602941176470588,131_mijail.png,506,31,16.322580645161292,131_mijail.png
709,117,6.05982905982906,131_rosario.png,506,31,16.322580645161292,131_rosario.png
947,112,8.455357142857142,131_user0.png,506,31,16.322580645161292,131_user0.png
482,99,4.8686868686868685,2009210-947-0.png,256,33,7.757575757575758,2009210-947-0.png
61,55,1.1090909090909091,2009210-947-102.png,28,19,1.4736842105263157,2009210-947-102.png
69,62,1.1129032258064515,2009210-947-103.png,25,28,0.8928571428571429,2009210-947-103.png
46,54,0.8518518518518519,2009210-947-105.png,17,14,1.2142857142857142,2009210-947-105.png
60,57,1.0526315789473684,2009210-947-111.png,33,28,1.1785714285714286,2009210-947-111.png
37,54,0.6851851851851852,2009210-947-113.png,14,19,0.7368421052631579,2009210-947-113.png
37,60,0.6166666666666667,2009210-947-114.png,11,25,0.44,2009210-947-114.png
90,70,1.2857142857142858,2009210-947-115.png,50,22,2.272727272727273,2009210-947-115.png
166,81,2.049382716049383,2009210-947-116.png,111,22,5.045454545454546,2009210-947-116.png
106,127,0.8346456692913385,2009210-947-118.png,42,19,2.210526315789474,2009210-947-118.png
43,56,0.7678571428571429,2009210-947-119.png,22,19,1.1578947368421053,2009210-947-119.png
239,139,1.7194244604316546,2009210-947-12.png,128,67,1.9104477611940298,2009210-947-12.png
46,56,0.8214285714285714,2009210-947-122.png,22,19,1.1578947368421053,2009210-947-122.png
56,57,0.9824561403508771,2009210-947-123.png,31,19,1.631578947368421,2009210-947-123.png
83,79,1.0506329113924051,2009210-947-124.png,72,31,2.3225806451612905,2009210-947-124.png
94,104,0.9038461538461539,2009210-947-126.png,36,28,1.2857142857142858,2009210-947-126.png
274,101,2.712871287128713,2009210-947-13.png,172,33,5.212121212121212,2009210-947-13.png
125,78,1.6025641025641026,2009210-947-131.png,64,25,2.56,2009210-947-131.png
166,111,1.4954954954954955,2009210-947-132.png,106,72,1.4722222222222223,2009210-947-132.png
156,78,2.0,2009210-947-133.png,103,28,3.6785714285714284,2009210-947-133.png
49,58,0.8448275862068966,2009210-947-134.png,14,19,0.7368421052631579,2009210-947-134.png
137,138,0.9927536231884058,2009210-947-135.png,44,39,1.1282051282051282,2009210-947-135.png
140,76,1.8421052631578947,2009210-947-137.png,61,19,3.210526315789474,2009210-947-137.png
307,131,2.3435114503816794,2009210-947-14.png,125,50,2.5,2009210-947-14.png
68,60,1.1333333333333333,2009210-947-142.png,44,28,1.5714285714285714,2009210-947-142.png
43,54,0.7962962962962963,2009210-947-146.png,14,19,0.7368421052631579,2009210-947-146.png
52,54,0.9629629629629629,2009210-947-147.png,42,22,1.9090909090909092,2009210-947-147.png
242,80,3.025,2009210-947-148.png,197,28,7.035714285714286,2009210-947-148.png
84,56,1.5,2009210-947-149.png,36,19,1.894736842105263,2009210-947-149.png
85,116,0.7327586206896551,2009210-947-15.png,25,25,1.0,2009210-947-15.png
55,54,1.0185185185185186,2009210-947-151.png,17,19,0.8947368421052632,2009210-947-151.png
55,58,0.9482758620689655,2009210-947-154.png,36,19,1.894736842105263,2009210-947-154.png
49,66,0.7424242424242424,2009210-947-155.png,8,19,0.42105263157894735,2009210-947-155.png
143,105,1.361904761904762,2009210-947-156.png,69,25,2.76,2009210-947-156.png
105,76,1.381578947368421,2009210-947-157.png,61,28,2.1785714285714284,2009210-947-157.png
64,77,0.8311688311688312,2009210-947-159.png,25,25,1.0,2009210-947-159.png
59,57,1.0350877192982457,2009210-947-16.png,28,19,1.4736842105263157,2009210-947-16.png
75,57,1.3157894736842106,2009210-947-160.png,50,22,2.272727272727273,2009210-947-160.png
74,74,1.0,2009210-947-161.png,33,17,1.9411764705882353,2009210-947-161.png
110,95,1.1578947368421053,2009210-947-162.png,81,33,2.4545454545454546,2009210-947-162.png
54,73,0.7397260273972602,2009210-947-165.png,25,25,1.0,2009210-947-165.png
97,87,1.1149425287356323,2009210-947-166.png,56,25,2.24,2009210-947-166.png
235,76,3.0921052631578947,2009210-947-167.png,161,28,5.75,2009210-947-167.png
222,115,1.9304347826086956,2009210-947-169.png,128,28,4.571428571428571,2009210-947-169.png
63,58,1.0862068965517242,2009210-947-17.png,25,28,0.8928571428571429,2009210-947-17.png
49,54,0.9074074074074074,2009210-947-172.png,22,19,1.1578947368421053,2009210-947-172.png
161,77,2.090909090909091,2009210-947-175.png,75,22,3.409090909090909,2009210-947-175.png
36,54,0.6666666666666666,2009210-947-176.png,14,19,0.7368421052631579,2009210-947-176.png
120,149,0.8053691275167785,2009210-947-178.png,33,36,0.9166666666666666,2009210-947-178.png
40,54,0.7407407407407407,2009210-947-179.png,14,19,0.7368421052631579,2009210-947-179.png
404,102,3.9607843137254903,2009210-947-18.png,139,31,4.483870967741935,2009210-947-18.png
80,60,1.3333333333333333,2009210-947-181.png,75,25,3.0,2009210-947-181.png
67,54,1.2407407407407407,2009210-947-183.png,33,19,1.736842105263158,2009210-947-183.png
78,55,1.4181818181818182,2009210-947-185.png,28,19,1.4736842105263157,2009210-947-185.png
106,57,1.8596491228070176,2009210-947-189.png,28,14,2.0,2009210-947-189.png
366,101,3.623762376237624,2009210-947-19.png,150,31,4.838709677419355,2009210-947-19.png
101,72,1.4027777777777777,2009210-947-190.png,75,31,2.4193548387096775,2009210-947-190.png
113,77,1.4675324675324675,2009210-947-192.png,50,31,1.6129032258064515,2009210-947-192.png
119,60,1.9833333333333334,2009210-947-195.png,56,19,2.9473684210526314,2009210-947-195.png
171,76,2.25,2009210-947-196.png,114,25,4.56,2009210-947-196.png
166,95,1.7473684210526317,2009210-947-197.png,175,42,4.166666666666667,2009210-947-197.png
87,62,1.403225806451613,2009210-947-198.png,67,22,3.0454545454545454,2009210-947-198.png
83,71,1.1690140845070423,2009210-947-199.png,64,33,1.9393939393939394,2009210-947-199.png
209,133,1.5714285714285714,2009210-947-2.png,119,36,3.3055555555555554,2009210-947-2.png
39,54,0.7222222222222222,2009210-947-201.png,17,19,0.8947368421052632,2009210-947-201.png
67,56,1.1964285714285714,2009210-947-203.png,28,19,1.4736842105263157,2009210-947-203.png
86,72,1.1944444444444444,2009210-947-204.png,50,28,1.7857142857142858,2009210-947-204.png
152,177,0.8587570621468926,2009210-947-205.png,17,33,0.5151515151515151,2009210-947-205.png
77,82,0.9390243902439024,2009210-947-206.png,31,22,1.4090909090909092,2009210-947-206.png
39,65,0.6,2009210-947-207.png,22,19,1.1578947368421053,2009210-947-207.png
116,100,1.16,2009210-947-208.png,53,39,1.358974358974359,2009210-947-208.png
49,54,0.9074074074074074,2009210-947-21.png,14,19,0.7368421052631579,2009210-947-21.png
136,72,1.8888888888888888,2009210-947-211.png,97,28,3.4642857142857144,2009210-947-211.png
66,58,1.1379310344827587,2009210-947-212.png,36,19,1.894736842105263,2009210-947-212.png
58,58,1.0,2009210-947-213.png,39,28,1.3928571428571428,2009210-947-213.png
88,71,1.2394366197183098,2009210-947-214.png,50,25,2.0,2009210-947-214.png
46,64,0.71875,2009210-947-215.png,8,19,0.42105263157894735,2009210-947-215.png
49,57,0.8596491228070176,2009210-947-216.png,22,19,1.1578947368421053,2009210-947-216.png
137,73,1.8767123287671232,2009210-947-218.png,78,28,2.7857142857142856,2009210-947-218.png
49,54,0.9074074074074074,2009210-947-220.png,19,19,1.0,2009210-947-220.png
39,61,0.639344262295082,2009210-947-221.png,11,25,0.44,2009210-947-221.png
224,77,2.909090909090909,2009210-947-223.png,122,22,5.545454545454546,2009210-947-223.png
79,60,1.3166666666666667,2009210-947-224.png,36,19,1.894736842105263,2009210-947-224.png
56,60,0.9333333333333333,2009210-947-225.png,39,28,1.3928571428571428,2009210-947-225.png
68,56,1.2142857142857142,2009210-947-229.png,33,19,1.736842105263158,2009210-947-229.png
162,163,0.9938650306748467,2009210-947-230.png,81,64,1.265625,2009210-947-230.png
93,74,1.2567567567567568,2009210-947-233.png,36,19,1.894736842105263,2009210-947-233.png
257,96,2.6770833333333335,2009210-947-235.png,125,28,4.464285714285714,2009210-947-235.png
114,103,1.1067961165048543,2009210-947-236.png,64,36,1.7777777777777777,2009210-947-236.png
280,129,2.1705426356589146,2009210-947-24.png,219,36,6.083333333333333,2009210-947-24.png
357,151,2.3642384105960264,2009210-947-26.png,108,39,2.769230769230769,2009210-947-26.png
56,71,0.7887323943661971,2009210-947-3.png,33,25,1.32,2009210-947-3.png
378,166,2.2771084337349397,2009210-947-30.png,136,39,3.4871794871794872,2009210-947-30.png
504,97,5.195876288659794,2009210-947-32.png,200,25,8.0,2009210-947-32.png
149,73,2.041095890410959,2009210-947-33.png,94,28,3.357142857142857,2009210-947-33.png
182,93,1.956989247311828,2009210-947-35.png,144,33,4.363636363636363,2009210-947-35.png
265,79,3.3544303797468356,2009210-947-37.png,103,25,4.12,2009210-947-37.png
203,124,1.6370967741935485,2009210-947-38.png,58,33,1.7575757575757576,2009210-947-38.png
109,68,1.6029411764705883,2009210-947-4.png,83,28,2.9642857142857144,2009210-947-4.png
80,57,1.4035087719298245,2009210-947-40.png,28,19,1.4736842105263157,2009210-947-40.png
159,86,1.8488372093023255,2009210-947-41.png,83,25,3.32,2009210-947-41.png
170,106,1.6037735849056605,2009210-947-42.png,78,33,2.3636363636363638,2009210-947-42.png
188,158,1.1898734177215189,2009210-947-43.png,50,39,1.2820512820512822,2009210-947-43.png
245,108,2.2685185185185186,2009210-947-44.png,147,39,3.769230769230769,2009210-947-44.png
203,67,3.029850746268657,2009210-947-45.png,131,22,5.954545454545454,2009210-947-45.png
171,107,1.5981308411214954,2009210-947-46.png,114,50,2.28,2009210-947-46.png
105,91,1.1538461538461537,2009210-947-47.png,28,22,1.2727272727272727,2009210-947-47.png
286,109,2.623853211009174,2009210-947-48.png,128,33,3.878787878787879,2009210-947-48.png
311,114,2.7280701754385963,2009210-947-5.png,142,22,6.454545454545454,2009210-947-5.png
183,140,1.3071428571428572,2009210-947-52.png,86,47,1.8297872340425532,2009210-947-52.png
106,90,1.1777777777777778,2009210-947-53.png,53,28,1.8928571428571428,2009210-947-53.png
205,87,2.3563218390804597,2009210-947-54.png,147,31,4.741935483870968,2009210-947-54.png
219,164,1.3353658536585367,2009210-947-55.png,86,39,2.2051282051282053,2009210-947-55.png
224,74,3.027027027027027,2009210-947-56.png,122,28,4.357142857142857,2009210-947-56.png
199,62,3.2096774193548385,2009210-947-58.png,156,28,5.571428571428571,2009210-947-58.png
167,96,1.7395833333333333,2009210-947-59.png,100,33,3.0303030303030303,2009210-947-59.png
289,132,2.1893939393939394,2009210-947-6.png,206,67,3.074626865671642,2009210-947-6.png
148,103,1.4368932038834952,2009210-947-60.png,44,22,2.0,2009210-947-60.png
493,73,6.7534246575342465,2009210-947-61.png,297,25,11.88,2009210-947-61.png
95,54,1.7592592592592593,2009210-947-64.png,36,17,2.1176470588235294,2009210-947-64.png
84,57,1.4736842105263157,2009210-947-65.png,36,19,1.894736842105263,2009210-947-65.png
192,162,1.1851851851851851,2009210-947-69.png,111,72,1.5416666666666667,2009210-947-69.png
182,99,1.8383838383838385,2009210-947-7.png,142,47,3.021276595744681,2009210-947-7.png
41,58,0.7068965517241379,2009210-947-70.png,25,19,1.3157894736842106,2009210-947-70.png
63,60,1.05,2009210-947-71.png,31,19,1.631578947368421,2009210-947-71.png
278,94,2.9574468085106385,2009210-947-72.png,264,67,3.9402985074626864,2009210-947-72.png
139,136,1.0220588235294117,2009210-947-73.png,44,36,1.2222222222222223,2009210-947-73.png
107,124,0.8629032258064516,2009210-947-74.png,44,25,1.76,2009210-947-74.png
38,63,0.6031746031746031,2009210-947-77.png,11,25,0.44,2009210-947-77.png
209,281,0.7437722419928826,2009210-947-78.png,36,56,0.6428571428571429,2009210-947-78.png
250,350,0.7142857142857143,2009210-947-79.png,36,67,0.5373134328358209,2009210-947-79.png
170,111,1.5315315315315314,2009210-947-80.png,78,28,2.7857142857142856,2009210-947-80.png
115,86,1.3372093023255813,2009210-947-82.png,53,25,2.12,2009210-947-82.png
313,265,1.181132075471698,2009210-947-84.png,78,44,1.7727272727272727,2009210-947-84.png
50,54,0.9259259259259259,2009210-947-87.png,17,14,1.2142857142857142,2009210-947-87.png
50,54,0.9259259259259259,2009210-947-93.png,14,14,1.0,2009210-947-93.png
36,54,0.6666666666666666,2009210-947-94.png,14,19,0.7368421052631579,2009210-947-94.png
57,82,0.6951219512195121,2009210-947-95.png,36,25,1.44,2009210-947-95.png
81,61,1.3278688524590163,2009210-947-99.png,28,19,1.4736842105263157,2009210-947-99.png
75,54,1.3888888888888888,2009212-1031-0.png,39,17,2.2941176470588234,2009212-1031-0.png
237,71,3.3380281690140845,2009212-1031-1.png,131,28,4.678571428571429,2009212-1031-1.png
187,161,1.1614906832298137,2009212-1031-10.png,75,33,2.272727272727273,2009212-1031-10.png
165,66,2.5,2009212-1031-101.png,83,22,3.772727272727273,2009212-1031-101.png
77,56,1.375,2009212-1031-102.png,36,19,1.894736842105263,2009212-1031-102.png
97,66,1.4696969696969697,2009212-1031-103.png,56,28,2.0,2009212-1031-103.png
76,72,1.0555555555555556,2009212-1031-105.png,33,19,1.736842105263158,2009212-1031-105.png
82,93,0.8817204301075269,2009212-1031-107.png,39,31,1.2580645161290323,2009212-1031-107.png
90,64,1.40625,2009212-1031-108.png,36,19,1.894736842105263,2009212-1031-108.png
79,65,1.2153846153846153,2009212-1031-109.png,50,28,1.7857142857142858,2009212-1031-109.png
169,82,2.0609756097560976,2009212-1031-110.png,92,28,3.2857142857142856,2009212-1031-110.png
212,135,1.5703703703703704,2009212-1031-111.png,86,53,1.6226415094339623,2009212-1031-111.png
93,54,1.7222222222222223,2009212-1031-112.png,17,14,1.2142857142857142,2009212-1031-112.png
52,70,0.7428571428571429,2009212-1031-113.png,25,25,1.0,2009212-1031-113.png
62,58,1.0689655172413792,2009212-1031-116.png,33,28,1.1785714285714286,2009212-1031-116.png
51,62,0.8225806451612904,2009212-1031-117.png,42,28,1.5,2009212-1031-117.png
36,81,0.4444444444444444,2009212-1031-118.png,8,19,0.42105263157894735,2009212-1031-118.png
124,64,1.9375,2009212-1031-120.png,111,28,3.9642857142857144,2009212-1031-120.png
62,56,1.1071428571428572,2009212-1031-121.png,36,19,1.894736842105263,2009212-1031-121.png
108,57,1.894736842105263,2009212-1031-124.png,69,28,2.4642857142857144,2009212-1031-124.png
120,146,0.821917808219178,2009212-1031-127.png,33,22,1.5,2009212-1031-127.png
111,136,0.8161764705882353,2009212-1031-128.png,47,39,1.205128205128205,2009212-1031-128.png
92,103,0.8932038834951457,2009212-1031-129.png,36,25,1.44,2009212-1031-129.png
216,105,2.057142857142857,2009212-1031-13.png,128,67,1.9104477611940298,2009212-1031-13.png
128,67,1.9104477611940298,2009212-1031-131.png,97,28,3.4642857142857144,2009212-1031-131.png
380,154,2.4675324675324677,2009212-1031-132.png,236,56,4.214285714285714,2009212-1031-132.png
93,64,1.453125,2009212-1031-134.png,78,22,3.5454545454545454,2009212-1031-134.png
69,58,1.1896551724137931,2009212-1031-135.png,33,28,1.1785714285714286,2009212-1031-135.png
119,74,1.6081081081081081,2009212-1031-136.png,89,33,2.696969696969697,2009212-1031-136.png
38,54,0.7037037037037037,2009212-1031-137.png,14,19,0.7368421052631579,2009212-1031-137.png
144,72,2.0,2009212-1031-139.png,111,28,3.9642857142857144,2009212-1031-139.png
44,58,0.7586206896551724,2009212-1031-14.png,25,19,1.3157894736842106,2009212-1031-14.png
63,63,1.0,2009212-1031-142.png,31,19,1.631578947368421,2009212-1031-142.png
127,74,1.7162162162162162,2009212-1031-143.png,56,19,2.9473684210526314,2009212-1031-143.png
67,54,1.2407407407407407,2009212-1031-15.png,25,14,1.7857142857142858,2009212-1031-15.png
45,54,0.8333333333333334,2009212-1031-150.png,14,19,0.7368421052631579,2009212-1031-150.png
83,71,1.1690140845070423,2009212-1031-151.png,47,28,1.6785714285714286,2009212-1031-151.png
117,66,1.7727272727272727,2009212-1031-16.png,53,19,2.789473684210526,2009212-1031-16.png
138,68,2.0294117647058822,2009212-1031-17.png,69,22,3.1363636363636362,2009212-1031-17.png
265,222,1.1936936936936937,2009212-1031-19.png,142,72,1.9722222222222223,2009212-1031-19.png
96,98,0.9795918367346939,2009212-1031-20.png,42,28,1.5,2009212-1031-20.png
54,54,1.0,2009212-1031-21.png,36,22,1.6363636363636365,2009212-1031-21.png
65,54,1.2037037037037037,2009212-1031-22.png,31,22,1.4090909090909092,2009212-1031-22.png
85,57,1.4912280701754386,2009212-1031-24.png,50,19,2.6315789473684212,2009212-1031-24.png
60,54,1.1111111111111112,2009212-1031-26.png,14,14,1.0,2009212-1031-26.png
94,115,0.8173913043478261,2009212-1031-27.png,39,31,1.2580645161290323,2009212-1031-27.png
52,65,0.8,2009212-1031-3.png,17,19,0.8947368421052632,2009212-1031-3.png
63,65,0.9692307692307692,2009212-1031-30.png,25,28,0.8928571428571429,2009212-1031-30.png
190,97,1.958762886597938,2009212-1031-34.png,69,22,3.1363636363636362,2009212-1031-34.png
33,75,0.44,2009212-1031-36.png,8,19,0.42105263157894735,2009212-1031-36.png
88,149,0.5906040268456376,2009212-1031-37.png,31,39,0.7948717948717948,2009212-1031-37.png
121,64,1.890625,2009212-1031-39.png,58,28,2.0714285714285716,2009212-1031-39.png
40,54,0.7407407407407407,2009212-1031-42.png,14,19,0.7368421052631579,2009212-1031-42.png
123,60,2.05,2009212-1031-43.png,56,25,2.24,2009212-1031-43.png
238,142,1.676056338028169,2009212-1031-44.png,81,31,2.6129032258064515,2009212-1031-44.png
39,54,0.7222222222222222,2009212-1031-45.png,14,19,0.7368421052631579,2009212-1031-45.png
86,96,0.8958333333333334,2009212-1031-47.png,22,19,1.1578947368421053,2009212-1031-47.png
172,150,1.1466666666666667,2009212-1031-50.png,47,44,1.0681818181818181,2009212-1031-50.png
35,69,0.5072463768115942,2009212-1031-51.png,11,25,0.44,2009212-1031-51.png
146,63,2.3174603174603177,2009212-1031-53.png,83,25,3.32,2009212-1031-53.png
134,59,2.2711864406779663,2009212-1031-55.png,58,19,3.0526315789473686,2009212-1031-55.png
45,54,0.8333333333333334,2009212-1031-56.png,22,19,1.1578947368421053,2009212-1031-56.png
271,60,4.516666666666667,2009212-1031-58.png,133,22,6.045454545454546,2009212-1031-58.png
106,60,1.7666666666666666,2009212-1031-6.png,50,19,2.6315789473684212,2009212-1031-6.png
89,71,1.2535211267605635,2009212-1031-60.png,36,25,1.44,2009212-1031-60.png
82,56,1.4642857142857142,2009212-1031-61.png,31,14,2.2142857142857144,2009212-1031-61.png
41,54,0.7592592592592593,2009212-1031-63.png,14,19,0.7368421052631579,2009212-1031-63.png
166,74,2.2432432432432434,2009212-1031-64.png,114,28,4.071428571428571,2009212-1031-64.png
90,90,1.0,2009212-1031-68.png,50,31,1.6129032258064515,2009212-1031-68.png
167,125,1.336,2009212-1031-70.png,97,47,2.0638297872340425,2009212-1031-70.png
63,54,1.1666666666666667,2009212-1031-72.png,36,22,1.6363636363636365,2009212-1031-72.png
342,111,3.081081081081081,2009212-1031-75.png,122,36,3.388888888888889,2009212-1031-75.png
45,54,0.8333333333333334,2009212-1031-76.png,19,19,1.0,2009212-1031-76.png
46,66,0.696969696969697,2009212-1031-79.png,14,19,0.7368421052631579,2009212-1031-79.png
110,71,1.5492957746478873,2009212-1031-80.png,44,28,1.5714285714285714,2009212-1031-80.png
72,69,1.0434782608695652,2009212-1031-81.png,39,28,1.3928571428571428,2009212-1031-81.png
65,54,1.2037037037037037,2009212-1031-82.png,19,14,1.3571428571428572,2009212-1031-82.png
73,63,1.1587301587301588,2009212-1031-83.png,36,19,1.894736842105263,2009212-1031-83.png
52,54,0.9629629629629629,2009212-1031-86.png,11,19,0.5789473684210527,2009212-1031-86.png
64,122,0.5245901639344263,2009212-1031-87.png,19,31,0.6129032258064516,2009212-1031-87.png
92,81,1.1358024691358024,2009212-1031-88.png,44,17,2.588235294117647,2009212-1031-88.png
64,64,1.0,2009212-1031-9.png,31,19,1.631578947368421,2009212-1031-9.png
218,131,1.6641221374045803,2009212-1031-93.png,122,53,2.30188679245283,2009212-1031-93.png
84,56,1.5,2009212-1031-94.png,28,14,2.0,2009212-1031-94.png
151,69,2.1884057971014492,2009212-1031-96.png,103,28,3.6785714285714284,2009212-1031-96.png
102,120,0.85,2009212-1031-97.png,31,28,1.1071428571428572,2009212-1031-97.png
67,63,1.0634920634920635,2009212-1031-98.png,47,28,1.6785714285714286,2009212-1031-98.png
526,85,6.188235294117647,2009212-952-0.png,256,33,7.757575757575758,2009212-952-0.png
337,145,2.3241379310344827,2009212-952-1.png,139,67,2.074626865671642,2009212-952-1.png
48,62,0.7741935483870968,2009212-952-100.png,17,14,1.2142857142857142,2009212-952-100.png
231,100,2.31,2009212-952-101.png,97,25,3.88,2009212-952-101.png
47,54,0.8703703703703703,2009212-952-104.png,11,19,0.5789473684210527,2009212-952-104.png
49,54,0.9074074074074074,2009212-952-108.png,22,19,1.1578947368421053,2009212-952-108.png
42,54,0.7777777777777778,2009212-952-11.png,14,19,0.7368421052631579,2009212-952-11.png
174,130,1.3384615384615384,2009212-952-111.png,78,25,3.12,2009212-952-111.png
115,71,1.619718309859155,2009212-952-112.png,81,28,2.892857142857143,2009212-952-112.png
113,63,1.7936507936507937,2009212-952-113.png,67,28,2.392857142857143,2009212-952-113.png
65,54,1.2037037037037037,2009212-952-114.png,25,14,1.7857142857142858,2009212-952-114.png
44,58,0.7586206896551724,2009212-952-115.png,25,19,1.3157894736842106,2009212-952-115.png
140,59,2.3728813559322033,2009212-952-117.png,78,19,4.105263157894737,2009212-952-117.png
270,123,2.1951219512195124,2009212-952-12.png,128,67,1.9104477611940298,2009212-952-12.png
48,54,0.8888888888888888,2009212-952-120.png,36,19,1.894736842105263,2009212-952-120.png
79,57,1.3859649122807018,2009212-952-122.png,36,19,1.894736842105263,2009212-952-122.png
300,93,3.225806451612903,2009212-952-13.png,172,33,5.212121212121212,2009212-952-13.png
236,120,1.9666666666666666,2009212-952-14.png,125,50,2.5,2009212-952-14.png
131,62,2.1129032258064515,2009212-952-15.png,81,22,3.6818181818181817,2009212-952-15.png
443,159,2.7861635220125787,2009212-952-16.png,197,42,4.690476190476191,2009212-952-16.png
352,117,3.0085470085470085,2009212-952-18.png,139,31,4.483870967741935,2009212-952-18.png
306,100,3.06,2009212-952-19.png,150,31,4.838709677419355,2009212-952-19.png
226,128,1.765625,2009212-952-2.png,119,36,3.3055555555555554,2009212-952-2.png
142,76,1.868421052631579,2009212-952-21.png,89,28,3.1785714285714284,2009212-952-21.png
142,62,2.2903225806451615,2009212-952-22.png,122,28,4.357142857142857,2009212-952-22.png
367,106,3.4622641509433962,2009212-952-24.png,219,36,6.083333333333333,2009212-952-24.png
266,153,1.738562091503268,2009212-952-26.png,108,39,2.769230769230769,2009212-952-26.png
63,69,0.9130434782608695,2009212-952-27.png,39,28,1.3928571428571428,2009212-952-27.png
34,70,0.4857142857142857,2009212-952-29.png,11,25,0.44,2009212-952-29.png
173,149,1.1610738255033557,2009212-952-3.png,72,53,1.3584905660377358,2009212-952-3.png
413,174,2.3735632183908044,2009212-952-30.png,136,39,3.4871794871794872,2009212-952-30.png
355,189,1.8783068783068784,2009212-952-31.png,136,39,3.4871794871794872,2009212-952-31.png
523,79,6.620253164556962,2009212-952-32.png,200,25,8.0,2009212-952-32.png
60,54,1.1111111111111112,2009212-952-33.png,17,19,0.8947368421052632,2009212-952-33.png
353,179,1.9720670391061452,2009212-952-36.png,147,39,3.769230769230769,2009212-952-36.png
197,71,2.7746478873239435,2009212-952-37.png,103,25,4.12,2009212-952-37.png
182,131,1.3893129770992367,2009212-952-38.png,58,33,1.7575757575757576,2009212-952-38.png
68,64,1.0625,2009212-952-39.png,42,28,1.5,2009212-952-39.png
114,78,1.4615384615384615,2009212-952-4.png,61,25,2.44,2009212-952-4.png
134,116,1.1551724137931034,2009212-952-41.png,61,36,1.6944444444444444,2009212-952-41.png
222,118,1.88135593220339,2009212-952-42.png,78,33,2.3636363636363638,2009212-952-42.png
184,166,1.108433734939759,2009212-952-43.png,50,39,1.2820512820512822,2009212-952-43.png
277,110,2.518181818181818,2009212-952-44.png,147,39,3.769230769230769,2009212-952-44.png
88,63,1.3968253968253967,2009212-952-45.png,56,19,2.9473684210526314,2009212-952-45.png
76,57,1.3333333333333333,2009212-952-47.png,33,19,1.736842105263158,2009212-952-47.png
225,92,2.4456521739130435,2009212-952-48.png,128,33,3.878787878787879,2009212-952-48.png
204,65,3.1384615384615384,2009212-952-49.png,122,28,4.357142857142857,2009212-952-49.png
146,99,1.4747474747474747,2009212-952-51.png,64,25,2.56,2009212-952-51.png
229,96,2.3854166666666665,2009212-952-54.png,147,31,4.741935483870968,2009212-952-54.png
226,81,2.7901234567901234,2009212-952-56.png,122,28,4.357142857142857,2009212-952-56.png
49,54,0.9074074074074074,2009212-952-59.png,14,14,1.0,2009212-952-59.png
401,149,2.6912751677852347,2009212-952-6.png,206,67,3.074626865671642,2009212-952-6.png
138,150,0.92,2009212-952-60.png,44,22,2.0,2009212-952-60.png
560,87,6.436781609195402,2009212-952-61.png,297,25,11.88,2009212-952-61.png
514,130,3.953846153846154,2009212-952-62.png,256,31,8.258064516129032,2009212-952-62.png
67,60,1.1166666666666667,2009212-952-63.png,47,22,2.1363636363636362,2009212-952-63.png
283,66,4.287878787878788,2009212-952-64.png,139,22,6.318181818181818,2009212-952-64.png
210,84,2.5,2009212-952-67.png,131,31,4.225806451612903,2009212-952-67.png
256,91,2.8131868131868134,2009212-952-68.png,147,31,4.741935483870968,2009212-952-68.png
148,81,1.8271604938271604,2009212-952-69.png,86,33,2.606060606060606,2009212-952-69.png
228,91,2.5054945054945055,2009212-952-7.png,142,47,3.021276595744681,2009212-952-7.png
86,65,1.323076923076923,2009212-952-71.png,33,19,1.736842105263158,2009212-952-71.png
343,134,2.5597014925373136,2009212-952-72.png,264,67,3.9402985074626864,2009212-952-72.png
109,142,0.7676056338028169,2009212-952-73.png,44,36,1.2222222222222223,2009212-952-73.png
110,124,0.8870967741935484,2009212-952-74.png,44,25,1.76,2009212-952-74.png
33,54,0.6111111111111112,2009212-952-76.png,14,19,0.7368421052631579,2009212-952-76.png
56,54,1.037037037037037,2009212-952-77.png,14,14,1.0,2009212-952-77.png
190,383,0.4960835509138381,2009212-952-78.png,36,56,0.6428571428571429,2009212-952-78.png
260,389,0.6683804627249358,2009212-952-79.png,36,67,0.5373134328358209,2009212-952-79.png
184,123,1.4959349593495934,2009212-952-80.png,78,28,2.7857142857142856,2009212-952-80.png
86,84,1.0238095238095237,2009212-952-81.png,42,25,1.68,2009212-952-81.png
39,54,0.7222222222222222,2009212-952-82.png,14,19,0.7368421052631579,2009212-952-82.png
353,322,1.0962732919254659,2009212-952-84.png,78,44,1.7727272727272727,2009212-952-84.png
77,63,1.2222222222222223,2009212-952-95.png,39,19,2.0526315789473686,2009212-952-95.png
71,63,1.126984126984127,2009212-952-99.png,33,28,1.1785714285714286,2009212-952-99.png
488,98,4.979591836734694,2009213-137-0.png,256,33,7.757575757575758,2009213-137-0.png
319,135,2.362962962962963,2009213-137-1.png,139,67,2.074626865671642,2009213-137-1.png
86,88,0.9772727272727273,2009213-137-10.png,36,25,1.44,2009213-137-10.png
61,87,0.7011494252873564,2009213-137-104.png,19,25,0.76,2009213-137-104.png
103,114,0.9035087719298246,2009213-137-113.png,36,39,0.9230769230769231,2009213-137-113.png
63,54,1.1666666666666667,2009213-137-114.png,14,14,1.0,2009213-137-114.png
140,73,1.917808219178082,2009213-137-116.png,94,28,3.357142857142857,2009213-137-116.png
143,122,1.1721311475409837,2009213-137-117.png,58,36,1.6111111111111112,2009213-137-117.png
101,83,1.216867469879518,2009213-137-118.png,53,25,2.12,2009213-137-118.png
245,110,2.227272727272727,2009213-137-12.png,128,67,1.9104477611940298,2009213-137-12.png
61,56,1.0892857142857142,2009213-137-120.png,36,19,1.894736842105263,2009213-137-120.png
181,83,2.180722891566265,2009213-137-121.png,114,28,4.071428571428571,2009213-137-121.png
68,58,1.1724137931034482,2009213-137-123.png,36,19,1.894736842105263,2009213-137-123.png
196,143,1.3706293706293706,2009213-137-126.png,44,39,1.1282051282051282,2009213-137-126.png
89,103,0.8640776699029126,2009213-137-127.png,33,28,1.1785714285714286,2009213-137-127.png
179,85,2.1058823529411765,2009213-137-128.png,133,28,4.75,2009213-137-128.png
96,61,1.5737704918032787,2009213-137-129.png,47,28,1.6785714285714286,2009213-137-129.png
195,86,2.2674418604651163,2009213-137-13.png,172,33,5.212121212121212,2009213-137-13.png
154,148,1.0405405405405406,2009213-137-130.png,75,47,1.5957446808510638,2009213-137-130.png
38,54,0.7037037037037037,2009213-137-131.png,14,19,0.7368421052631579,2009213-137-131.png
45,60,0.75,2009213-137-132.png,25,19,1.3157894736842106,2009213-137-132.png
77,64,1.203125,2009213-137-135.png,28,28,1.0,2009213-137-135.png
228,85,2.6823529411764704,2009213-137-136.png,147,28,5.25,2009213-137-136.png
46,54,0.8518518518518519,2009213-137-137.png,19,19,1.0,2009213-137-137.png
42,54,0.7777777777777778,2009213-137-138.png,22,19,1.1578947368421053,2009213-137-138.png
252,134,1.8805970149253732,2009213-137-14.png,125,50,2.5,2009213-137-14.png
80,59,1.3559322033898304,2009213-137-140.png,42,28,1.5,2009213-137-140.png
136,74,1.837837837837838,2009213-137-141.png,92,28,3.2857142857142856,2009213-137-141.png
138,85,1.6235294117647059,2009213-137-143.png,75,19,3.9473684210526314,2009213-137-143.png
62,81,0.7654320987654321,2009213-137-144.png,36,25,1.44,2009213-137-144.png
38,54,0.7037037037037037,2009213-137-145.png,14,19,0.7368421052631579,2009213-137-145.png
137,112,1.2232142857142858,2009213-137-146.png,56,28,2.0,2009213-137-146.png
85,60,1.4166666666666667,2009213-137-147.png,58,19,3.0526315789473686,2009213-137-147.png
78,74,1.054054054054054,2009213-137-148.png,22,19,1.1578947368421053,2009213-137-148.png
56,54,1.037037037037037,2009213-137-149.png,14,14,1.0,2009213-137-149.png
178,69,2.579710144927536,2009213-137-150.png,103,22,4.681818181818182,2009213-137-150.png
115,77,1.4935064935064934,2009213-137-151.png,92,33,2.787878787878788,2009213-137-151.png
113,174,0.6494252873563219,2009213-137-152.png,22,42,0.5238095238095238,2009213-137-152.png
49,60,0.8166666666666667,2009213-137-153.png,22,19,1.1578947368421053,2009213-137-153.png
106,77,1.3766233766233766,2009213-137-156.png,89,28,3.1785714285714284,2009213-137-156.png
151,125,1.208,2009213-137-157.png,67,28,2.392857142857143,2009213-137-157.png
137,123,1.113821138211382,2009213-137-158.png,56,28,2.0,2009213-137-158.png
43,54,0.7962962962962963,2009213-137-159.png,14,19,0.7368421052631579,2009213-137-159.png
60,57,1.0526315789473684,2009213-137-160.png,28,19,1.4736842105263157,2009213-137-160.png
127,99,1.2828282828282829,2009213-137-161.png,47,28,1.6785714285714286,2009213-137-161.png
68,73,0.9315068493150684,2009213-137-162.png,47,28,1.6785714285714286,2009213-137-162.png
219,93,2.3548387096774195,2009213-137-164.png,114,28,4.071428571428571,2009213-137-164.png
53,54,0.9814814814814815,2009213-137-166.png,25,14,1.7857142857142858,2009213-137-166.png
264,84,3.142857142857143,2009213-137-17.png,103,22,4.681818181818182,2009213-137-17.png
39,67,0.582089552238806,2009213-137-170.png,14,19,0.7368421052631579,2009213-137-170.png
47,54,0.8703703703703703,2009213-137-171.png,14,14,1.0,2009213-137-171.png
116,94,1.2340425531914894,2009213-137-172.png,58,25,2.32,2009213-137-172.png
244,89,2.741573033707865,2009213-137-176.png,100,22,4.545454545454546,2009213-137-176.png
94,71,1.323943661971831,2009213-137-177.png,56,28,2.0,2009213-137-177.png
448,150,2.986666666666667,2009213-137-18.png,139,31,4.483870967741935,2009213-137-18.png
121,82,1.475609756097561,2009213-137-180.png,83,36,2.3055555555555554,2009213-137-180.png
59,60,0.9833333333333333,2009213-137-182.png,39,28,1.3928571428571428,2009213-137-182.png
144,83,1.7349397590361446,2009213-137-183.png,83,28,2.9642857142857144,2009213-137-183.png
282,152,1.855263157894737,2009213-137-184.png,117,44,2.659090909090909,2009213-137-184.png
57,56,1.0178571428571428,2009213-137-185.png,36,19,1.894736842105263,2009213-137-185.png
32,129,0.24806201550387597,2009213-137-187.png,8,19,0.42105263157894735,2009213-137-187.png
48,54,0.8888888888888888,2009213-137-188.png,14,14,1.0,2009213-137-188.png
245,109,2.2477064220183487,2009213-137-189.png,133,39,3.41025641025641,2009213-137-189.png
290,111,2.6126126126126126,2009213-137-19.png,150,31,4.838709677419355,2009213-137-19.png
142,84,1.6904761904761905,2009213-137-190.png,111,33,3.3636363636363638,2009213-137-190.png
107,91,1.1758241758241759,2009213-137-193.png,39,22,1.7727272727272727,2009213-137-193.png
109,67,1.626865671641791,2009213-137-195.png,61,28,2.1785714285714284,2009213-137-195.png
238,143,1.6643356643356644,2009213-137-196.png,119,53,2.2452830188679247,2009213-137-196.png
292,92,3.1739130434782608,2009213-137-199.png,200,28,7.142857142857143,2009213-137-199.png
270,112,2.4107142857142856,2009213-137-2.png,119,36,3.3055555555555554,2009213-137-2.png
515,143,3.6013986013986012,2009213-137-20.png,175,44,3.977272727272727,2009213-137-20.png
67,63,1.0634920634920635,2009213-137-200.png,31,19,1.631578947368421,2009213-137-200.png
146,101,1.4455445544554455,2009213-137-201.png,81,25,3.24,2009213-137-201.png
94,81,1.1604938271604939,2009213-137-202.png,103,33,3.121212121212121,2009213-137-202.png
123,59,2.0847457627118646,2009213-137-203.png,89,22,4.045454545454546,2009213-137-203.png
91,97,0.9381443298969072,2009213-137-205.png,36,19,1.894736842105263,2009213-137-205.png
137,95,1.4421052631578948,2009213-137-208.png,75,67,1.1194029850746268,2009213-137-208.png
45,61,0.7377049180327869,2009213-137-210.png,22,19,1.1578947368421053,2009213-137-210.png
64,65,0.9846153846153847,2009213-137-211.png,28,17,1.6470588235294117,2009213-137-211.png
62,67,0.9253731343283582,2009213-137-213.png,33,28,1.1785714285714286,2009213-137-213.png
47,64,0.734375,2009213-137-216.png,17,19,0.8947368421052632,2009213-137-216.png
186,99,1.878787878787879,2009213-137-217.png,81,25,3.24,2009213-137-217.png
182,70,2.6,2009213-137-218.png,147,22,6.681818181818182,2009213-137-218.png
126,76,1.6578947368421053,2009213-137-219.png,153,25,6.12,2009213-137-219.png
183,88,2.0795454545454546,2009213-137-22.png,47,22,2.1363636363636362,2009213-137-22.png
53,54,0.9814814814814815,2009213-137-221.png,19,14,1.3571428571428572,2009213-137-221.png
110,101,1.0891089108910892,2009213-137-223.png,83,33,2.515151515151515,2009213-137-223.png
75,71,1.056338028169014,2009213-137-224.png,22,19,1.1578947368421053,2009213-137-224.png
192,154,1.2467532467532467,2009213-137-225.png,69,36,1.9166666666666667,2009213-137-225.png
135,59,2.288135593220339,2009213-137-226.png,67,14,4.785714285714286,2009213-137-226.png
128,68,1.8823529411764706,2009213-137-227.png,86,28,3.0714285714285716,2009213-137-227.png
42,64,0.65625,2009213-137-228.png,22,19,1.1578947368421053,2009213-137-228.png
90,63,1.4285714285714286,2009213-137-23.png,36,19,1.894736842105263,2009213-137-23.png
212,119,1.781512605042017,2009213-137-232.png,72,25,2.88,2009213-137-232.png
88,77,1.1428571428571428,2009213-137-234.png,36,19,1.894736842105263,2009213-137-234.png
39,54,0.7222222222222222,2009213-137-236.png,14,19,0.7368421052631579,2009213-137-236.png
79,67,1.1791044776119404,2009213-137-237.png,50,28,1.7857142857142858,2009213-137-237.png
114,140,0.8142857142857143,2009213-137-238.png,42,42,1.0,2009213-137-238.png
316,92,3.4347826086956523,2009213-137-24.png,219,36,6.083333333333333,2009213-137-24.png
174,80,2.175,2009213-137-240.png,58,19,3.0526315789473686,2009213-137-240.png
139,76,1.8289473684210527,2009213-137-241.png,53,25,2.12,2009213-137-241.png
94,73,1.2876712328767124,2009213-137-242.png,72,33,2.1818181818181817,2009213-137-242.png
137,96,1.4270833333333333,2009213-137-243.png,67,25,2.68,2009213-137-243.png
51,54,0.9444444444444444,2009213-137-244.png,14,14,1.0,2009213-137-244.png
109,182,0.5989010989010989,2009213-137-245.png,25,47,0.5319148936170213,2009213-137-245.png
80,67,1.1940298507462686,2009213-137-247.png,42,19,2.210526315789474,2009213-137-247.png
172,118,1.4576271186440677,2009213-137-248.png,94,69,1.3623188405797102,2009213-137-248.png
253,128,1.9765625,2009213-137-26.png,108,39,2.769230769230769,2009213-137-26.png
193,101,1.9108910891089108,2009213-137-27.png,94,25,3.76,2009213-137-27.png
168,136,1.2352941176470589,2009213-137-29.png,44,22,2.0,2009213-137-29.png
133,117,1.1367521367521367,2009213-137-3.png,75,67,1.1194029850746268,2009213-137-3.png
411,159,2.5849056603773586,2009213-137-30.png,136,39,3.4871794871794872,2009213-137-30.png
486,168,2.892857142857143,2009213-137-31.png,136,39,3.4871794871794872,2009213-137-31.png
456,93,4.903225806451613,2009213-137-32.png,200,25,8.0,2009213-137-32.png
176,80,2.2,2009213-137-34.png,89,36,2.4722222222222223,2009213-137-34.png
123,62,1.9838709677419355,2009213-137-35.png,97,28,3.4642857142857144,2009213-137-35.png
234,76,3.0789473684210527,2009213-137-37.png,103,25,4.12,2009213-137-37.png
179,141,1.2695035460992907,2009213-137-38.png,58,33,1.7575757575757576,2009213-137-38.png
60,61,0.9836065573770492,2009213-137-4.png,36,19,1.894736842105263,2009213-137-4.png
120,135,0.8888888888888888,2009213-137-40.png,22,36,0.6111111111111112,2009213-137-40.png
210,134,1.5671641791044777,2009213-137-42.png,78,33,2.3636363636363638,2009213-137-42.png
240,165,1.4545454545454546,2009213-137-43.png,50,39,1.2820512820512822,2009213-137-43.png
244,104,2.3461538461538463,2009213-137-44.png,147,39,3.769230769230769,2009213-137-44.png
59,76,0.7763157894736842,2009213-137-47.png,11,19,0.5789473684210527,2009213-137-47.png
214,94,2.276595744680851,2009213-137-48.png,128,33,3.878787878787879,2009213-137-48.png
171,66,2.590909090909091,2009213-137-49.png,122,28,4.357142857142857,2009213-137-49.png
80,68,1.1764705882352942,2009213-137-51.png,11,19,0.5789473684210527,2009213-137-51.png
68,54,1.2592592592592593,2009213-137-52.png,14,14,1.0,2009213-137-52.png
119,68,1.75,2009213-137-53.png,67,28,2.392857142857143,2009213-137-53.png
191,96,1.9895833333333333,2009213-137-54.png,147,31,4.741935483870968,2009213-137-54.png
216,140,1.542857142857143,2009213-137-55.png,86,39,2.2051282051282053,2009213-137-55.png
174,79,2.2025316455696204,2009213-137-56.png,122,28,4.357142857142857,2009213-137-56.png
61,66,0.9242424242424242,2009213-137-57.png,14,19,0.7368421052631579,2009213-137-57.png
125,73,1.7123287671232876,2009213-137-59.png,86,19,4.526315789473684,2009213-137-59.png
403,173,2.3294797687861273,2009213-137-6.png,206,67,3.074626865671642,2009213-137-6.png
216,141,1.5319148936170213,2009213-137-60.png,44,22,2.0,2009213-137-60.png
417,78,5.346153846153846,2009213-137-61.png,297,25,11.88,2009213-137-61.png
444,107,4.149532710280374,2009213-137-62.png,256,31,8.258064516129032,2009213-137-62.png
43,54,0.7962962962962963,2009213-137-64.png,14,14,1.0,2009213-137-64.png
560,150,3.7333333333333334,2009213-137-66.png,244,47,5.191489361702128,2009213-137-66.png
196,88,2.227272727272727,2009213-137-67.png,131,31,4.225806451612903,2009213-137-67.png
248,91,2.7252747252747254,2009213-137-68.png,147,31,4.741935483870968,2009213-137-68.png
40,54,0.7407407407407407,2009213-137-69.png,14,19,0.7368421052631579,2009213-137-69.png
270,105,2.5714285714285716,2009213-137-7.png,142,47,3.021276595744681,2009213-137-7.png
68,73,0.9315068493150684,2009213-137-71.png,33,25,1.32,2009213-137-71.png
286,84,3.4047619047619047,2009213-137-72.png,264,67,3.9402985074626864,2009213-137-72.png
151,134,1.126865671641791,2009213-137-73.png,44,36,1.2222222222222223,2009213-137-73.png
111,115,0.9652173913043478,2009213-137-74.png,44,25,1.76,2009213-137-74.png
226,139,1.6258992805755397,2009213-137-77.png,94,39,2.41025641025641,2009213-137-77.png
309,330,0.9363636363636364,2009213-137-78.png,36,56,0.6428571428571429,2009213-137-78.png
327,294,1.1122448979591837,2009213-137-79.png,36,67,0.5373134328358209,2009213-137-79.png
431,160,2.69375,2009213-137-8.png,233,53,4.39622641509434,2009213-137-8.png
180,117,1.5384615384615385,2009213-137-80.png,78,28,2.7857142857142856,2009213-137-80.png
45,62,0.7258064516129032,2009213-137-81.png,14,19,0.7368421052631579,2009213-137-81.png
143,74,1.9324324324324325,2009213-137-83.png,94,22,4.2727272727272725,2009213-137-83.png
403,264,1.5265151515151516,2009213-137-84.png,78,44,1.7727272727272727,2009213-137-84.png
161,142,1.1338028169014085,2009213-137-85.png,97,67,1.4477611940298507,2009213-137-85.png
112,79,1.4177215189873418,2009213-137-87.png,83,31,2.6774193548387095,2009213-137-87.png
105,76,1.381578947368421,2009213-137-88.png,58,36,1.6111111111111112,2009213-137-88.png
278,180,1.5444444444444445,2009213-137-9.png,72,44,1.6363636363636365,2009213-137-9.png
133,83,1.6024096385542168,2009213-137-93.png,67,22,3.0454545454545454,2009213-137-93.png
139,95,1.4631578947368422,2009213-137-94.png,67,31,2.161290322580645,2009213-137-94.png
413,134,3.082089552238806,2009213-139-1.png,139,67,2.074626865671642,2009213-139-1.png
161,81,1.9876543209876543,2009213-139-10.png,67,22,3.0454545454545454,2009213-139-10.png
229,65,3.523076923076923,2009213-139-101.png,167,25,6.68,2009213-139-101.png
157,72,2.1805555555555554,2009213-139-103.png,92,28,3.2857142857142856,2009213-139-103.png
416,153,2.718954248366013,2009213-139-104.png,147,47,3.127659574468085,2009213-139-104.png
442,98,4.510204081632653,2009213-139-105.png,181,25,7.24,2009213-139-105.png
131,99,1.3232323232323233,2009213-139-106.png,42,33,1.2727272727272727,2009213-139-106.png
235,95,2.473684210526316,2009213-139-109.png,119,36,3.3055555555555554,2009213-139-109.png
301,77,3.909090909090909,2009213-139-11.png,197,28,7.035714285714286,2009213-139-11.png
160,87,1.839080459770115,2009213-139-112.png,94,28,3.357142857142857,2009213-139-112.png
174,69,2.5217391304347827,2009213-139-116.png,103,28,3.6785714285714284,2009213-139-116.png
172,82,2.097560975609756,2009213-139-117.png,86,25,3.44,2009213-139-117.png
114,90,1.2666666666666666,2009213-139-118.png,56,28,2.0,2009213-139-118.png
55,111,0.4954954954954955,2009213-139-119.png,8,19,0.42105263157894735,2009213-139-119.png
329,181,1.8176795580110496,2009213-139-120.png,128,56,2.2857142857142856,2009213-139-120.png
96,71,1.352112676056338,2009213-139-123.png,56,28,2.0,2009213-139-123.png
212,173,1.2254335260115607,2009213-139-124.png,19,22,0.8636363636363636,2009213-139-124.png
302,139,2.172661870503597,2009213-139-127.png,89,36,2.4722222222222223,2009213-139-127.png
44,54,0.8148148148148148,2009213-139-129.png,14,19,0.7368421052631579,2009213-139-129.png
267,99,2.696969696969697,2009213-139-13.png,172,33,5.212121212121212,2009213-139-13.png
513,200,2.565,2009213-139-130.png,78,39,2.0,2009213-139-130.png
152,83,1.8313253012048192,2009213-139-133.png,56,28,2.0,2009213-139-133.png
42,54,0.7777777777777778,2009213-139-135.png,19,19,1.0,2009213-139-135.png
81,72,1.125,2009213-139-138.png,36,36,1.0,2009213-139-138.png
59,54,1.0925925925925926,2009213-139-139.png,17,14,1.2142857142857142,2009213-139-139.png
263,128,2.0546875,2009213-139-14.png,125,50,2.5,2009213-139-14.png
75,64,1.171875,2009213-139-140.png,36,19,1.894736842105263,2009213-139-140.png
312,93,3.3548387096774195,2009213-139-141.png,81,22,3.6818181818181817,2009213-139-141.png
93,85,1.0941176470588236,2009213-139-142.png,31,25,1.24,2009213-139-142.png
186,130,1.4307692307692308,2009213-139-148.png,42,31,1.3548387096774193,2009213-139-148.png
157,148,1.0608108108108107,2009213-139-15.png,64,53,1.2075471698113207,2009213-139-15.png
214,100,2.14,2009213-139-150.png,64,25,2.56,2009213-139-150.png
50,54,0.9259259259259259,2009213-139-152.png,22,19,1.1578947368421053,2009213-139-152.png
110,85,1.2941176470588236,2009213-139-156.png,44,28,1.5714285714285714,2009213-139-156.png
50,54,0.9259259259259259,2009213-139-157.png,17,14,1.2142857142857142,2009213-139-157.png
209,83,2.5180722891566263,2009213-139-159.png,106,28,3.7857142857142856,2009213-139-159.png
35,54,0.6481481481481481,2009213-139-16.png,14,19,0.7368421052631579,2009213-139-16.png
209,109,1.9174311926605505,2009213-139-161.png,56,22,2.5454545454545454,2009213-139-161.png
93,54,1.7222222222222223,2009213-139-162.png,44,22,2.0,2009213-139-162.png
114,80,1.425,2009213-139-167.png,64,31,2.064516129032258,2009213-139-167.png
196,75,2.6133333333333333,2009213-139-168.png,106,22,4.818181818181818,2009213-139-168.png
132,71,1.8591549295774648,2009213-139-17.png,108,33,3.272727272727273,2009213-139-17.png
179,88,2.034090909090909,2009213-139-173.png,125,33,3.787878787878788,2009213-139-173.png
61,68,0.8970588235294118,2009213-139-174.png,28,19,1.4736842105263157,2009213-139-174.png
69,63,1.0952380952380953,2009213-139-178.png,33,28,1.1785714285714286,2009213-139-178.png
109,67,1.626865671641791,2009213-139-179.png,56,28,2.0,2009213-139-179.png
424,111,3.81981981981982,2009213-139-18.png,139,31,4.483870967741935,2009213-139-18.png
51,70,0.7285714285714285,2009213-139-181.png,14,19,0.7368421052631579,2009213-139-181.png
61,71,0.8591549295774648,2009213-139-183.png,28,25,1.12,2009213-139-183.png
106,72,1.4722222222222223,2009213-139-185.png,61,31,1.967741935483871,2009213-139-185.png
181,194,0.9329896907216495,2009213-139-187.png,31,36,0.8611111111111112,2009213-139-187.png
368,101,3.6435643564356437,2009213-139-19.png,150,31,4.838709677419355,2009213-139-19.png
74,72,1.0277777777777777,2009213-139-192.png,33,17,1.9411764705882353,2009213-139-192.png
119,68,1.75,2009213-139-195.png,67,22,3.0454545454545454,2009213-139-195.png
113,178,0.6348314606741573,2009213-139-197.png,17,36,0.4722222222222222,2009213-139-197.png
151,114,1.3245614035087718,2009213-139-198.png,36,19,1.894736842105263,2009213-139-198.png
163,90,1.8111111111111111,2009213-139-199.png,94,28,3.357142857142857,2009213-139-199.png
252,107,2.3551401869158877,2009213-139-2.png,119,36,3.3055555555555554,2009213-139-2.png
57,54,1.0555555555555556,2009213-139-205.png,17,19,0.8947368421052632,2009213-139-205.png
82,86,0.9534883720930233,2009213-139-206.png,50,36,1.3888888888888888,2009213-139-206.png
369,148,2.4932432432432434,2009213-139-207.png,92,28,3.2857142857142856,2009213-139-207.png
48,54,0.8888888888888888,2009213-139-211.png,14,14,1.0,2009213-139-211.png
65,67,0.9701492537313433,2009213-139-212.png,28,19,1.4736842105263157,2009213-139-212.png
168,73,2.3013698630136985,2009213-139-213.png,100,25,4.0,2009213-139-213.png
128,63,2.0317460317460316,2009213-139-217.png,94,22,4.2727272727272725,2009213-139-217.png
126,80,1.575,2009213-139-22.png,61,31,1.967741935483871,2009213-139-22.png
76,80,0.95,2009213-139-220.png,36,25,1.44,2009213-139-220.png
36,54,0.6666666666666666,2009213-139-221.png,14,19,0.7368421052631579,2009213-139-221.png
272,194,1.402061855670103,2009213-139-224.png,67,44,1.5227272727272727,2009213-139-224.png
43,57,0.7543859649122807,2009213-139-228.png,14,19,0.7368421052631579,2009213-139-228.png
69,67,1.0298507462686568,2009213-139-23.png,33,28,1.1785714285714286,2009213-139-23.png
56,68,0.8235294117647058,2009213-139-232.png,14,19,0.7368421052631579,2009213-139-232.png
60,59,1.0169491525423728,2009213-139-233.png,28,19,1.4736842105263157,2009213-139-233.png
364,103,3.533980582524272,2009213-139-234.png,81,22,3.6818181818181817,2009213-139-234.png
162,77,2.103896103896104,2009213-139-237.png,83,22,3.772727272727273,2009213-139-237.png
200,78,2.5641025641025643,2009213-139-238.png,103,28,3.6785714285714284,2009213-139-238.png
75,71,1.056338028169014,2009213-139-244.png,44,28,1.5714285714285714,2009213-139-244.png
157,100,1.57,2009213-139-245.png,69,53,1.3018867924528301,2009213-139-245.png
43,54,0.7962962962962963,2009213-139-246.png,17,14,1.2142857142857142,2009213-139-246.png
130,86,1.5116279069767442,2009213-139-247.png,106,33,3.212121212121212,2009213-139-247.png
89,57,1.5614035087719298,2009213-139-248.png,44,19,2.3157894736842106,2009213-139-248.png
66,106,0.6226415094339622,2009213-139-249.png,8,19,0.42105263157894735,2009213-139-249.png
83,59,1.4067796610169492,2009213-139-250.png,56,28,2.0,2009213-139-250.png
371,94,3.9468085106382977,2009213-139-251.png,181,25,7.24,2009213-139-251.png
250,112,2.232142857142857,2009213-139-26.png,108,39,2.769230769230769,2009213-139-26.png
137,104,1.3173076923076923,2009213-139-28.png,58,31,1.8709677419354838,2009213-139-28.png
196,82,2.3902439024390243,2009213-139-29.png,117,31,3.774193548387097,2009213-139-29.png
440,154,2.857142857142857,2009213-139-30.png,136,39,3.4871794871794872,2009213-139-30.png
510,81,6.296296296296297,2009213-139-32.png,200,25,8.0,2009213-139-32.png
195,87,2.2413793103448274,2009213-139-33.png,114,33,3.4545454545454546,2009213-139-33.png
179,79,2.2658227848101267,2009213-139-35.png,97,28,3.4642857142857144,2009213-139-35.png
450,153,2.9411764705882355,2009213-139-36.png,147,39,3.769230769230769,2009213-139-36.png
255,75,3.4,2009213-139-37.png,103,25,4.12,2009213-139-37.png
224,124,1.8064516129032258,2009213-139-38.png,58,33,1.7575757575757576,2009213-139-38.png
93,57,1.631578947368421,2009213-139-40.png,47,19,2.473684210526316,2009213-139-40.png
214,70,3.057142857142857,2009213-139-41.png,67,14,4.785714285714286,2009213-139-41.png
231,112,2.0625,2009213-139-42.png,78,33,2.3636363636363638,2009213-139-42.png
284,164,1.7317073170731707,2009213-139-43.png,50,39,1.2820512820512822,2009213-139-43.png
43,54,0.7962962962962963,2009213-139-45.png,8,19,0.42105263157894735,2009213-139-45.png
281,96,2.9270833333333335,2009213-139-54.png,147,31,4.741935483870968,2009213-139-54.png
176,87,2.0229885057471266,2009213-139-56.png,122,28,4.357142857142857,2009213-139-56.png
159,76,2.0921052631578947,2009213-139-59.png,86,31,2.774193548387097,2009213-139-59.png
262,134,1.955223880597015,2009213-139-60.png,44,22,2.0,2009213-139-60.png
468,78,6.0,2009213-139-61.png,297,25,11.88,2009213-139-61.png
93,54,1.7222222222222223,2009213-139-63.png,33,17,1.9411764705882353,2009213-139-63.png
242,142,1.704225352112676,2009213-139-65.png,42,42,1.0,2009213-139-65.png
96,66,1.4545454545454546,2009213-139-69.png,58,28,2.0714285714285716,2009213-139-69.png
272,112,2.4285714285714284,2009213-139-7.png,142,47,3.021276595744681,2009213-139-7.png
141,76,1.855263157894737,2009213-139-71.png,72,31,2.3225806451612905,2009213-139-71.png
339,116,2.9224137931034484,2009213-139-72.png,264,67,3.9402985074626864,2009213-139-72.png
122,113,1.079646017699115,2009213-139-73.png,44,36,1.2222222222222223,2009213-139-73.png
105,88,1.1931818181818181,2009213-139-74.png,44,25,1.76,2009213-139-74.png
379,266,1.4248120300751879,2009213-139-78.png,36,56,0.6428571428571429,2009213-139-78.png
294,300,0.98,2009213-139-79.png,36,67,0.5373134328358209,2009213-139-79.png
213,99,2.1515151515151514,2009213-139-80.png,78,28,2.7857142857142856,2009213-139-80.png
80,73,1.095890410958904,2009213-139-82.png,31,19,1.631578947368421,2009213-139-82.png
81,54,1.5,2009213-139-83.png,44,22,2.0,2009213-139-83.png
306,219,1.3972602739726028,2009213-139-84.png,78,44,1.7727272727272727,2009213-139-84.png
206,178,1.1573033707865168,2009213-139-85.png,97,67,1.4477611940298507,2009213-139-85.png
109,74,1.472972972972973,2009213-139-88.png,36,19,1.894736842105263,2009213-139-88.png
202,92,2.1956521739130435,2009213-139-93.png,106,28,3.7857142857142856,2009213-139-93.png
72,89,0.8089887640449438,2009213-139-94.png,31,17,1.8235294117647058,2009213-139-94.png
110,89,1.2359550561797752,2009213-139-95.png,47,31,1.5161290322580645,2009213-139-95.png
516,83,6.216867469879518,200922-1017-0.png,256,33,7.757575757575758,200922-1017-0.png
362,136,2.661764705882353,200922-1017-1.png,139,67,2.074626865671642,200922-1017-1.png
71,74,0.9594594594594594,200922-1017-10.png,25,19,1.3157894736842106,200922-1017-10.png
260,65,4.0,200922-1017-100.png,139,22,6.318181818181818,200922-1017-100.png
40,54,0.7407407407407407,200922-1017-101.png,17,25,0.68,200922-1017-101.png
57,54,1.0555555555555556,200922-1017-102.png,14,14,1.0,200922-1017-102.png
104,62,1.6774193548387097,200922-1017-104.png,36,19,1.894736842105263,200922-1017-104.png
131,62,2.1129032258064515,200922-1017-106.png,83,28,2.9642857142857144,200922-1017-106.png
288,63,4.571428571428571,200922-1017-109.png,161,22,7.318181818181818,200922-1017-109.png
112,101,1.108910891089109,200922-1017-11.png,44,28,1.5714285714285714,200922-1017-11.png
273,73,3.73972602739726,200922-1017-110.png,164,28,5.857142857142857,200922-1017-110.png
293,99,2.95959595959596,200922-1017-111.png,103,31,3.3225806451612905,200922-1017-111.png
39,54,0.7222222222222222,200922-1017-113.png,14,19,0.7368421052631579,200922-1017-113.png
183,114,1.605263157894737,200922-1017-115.png,75,36,2.0833333333333335,200922-1017-115.png
219,96,2.28125,200922-1017-12.png,128,67,1.9104477611940298,200922-1017-12.png
67,82,0.8170731707317073,200922-1017-121.png,33,31,1.064516129032258,200922-1017-121.png
113,63,1.7936507936507937,200922-1017-122.png,36,19,1.894736842105263,200922-1017-122.png
46,75,0.6133333333333333,200922-1017-124.png,8,19,0.42105263157894735,200922-1017-124.png
196,73,2.684931506849315,200922-1017-126.png,114,28,4.071428571428571,200922-1017-126.png
217,94,2.3085106382978724,200922-1017-13.png,172,33,5.212121212121212,200922-1017-13.png
180,85,2.1176470588235294,200922-1017-130.png,139,33,4.212121212121212,200922-1017-130.png
64,65,0.9846153846153847,200922-1017-132.png,33,25,1.32,200922-1017-132.png
162,72,2.25,200922-1017-133.png,128,25,5.12,200922-1017-133.png
201,119,1.6890756302521008,200922-1017-135.png,94,36,2.611111111111111,200922-1017-135.png
246,124,1.9838709677419355,200922-1017-14.png,125,50,2.5,200922-1017-14.png
75,84,0.8928571428571429,200922-1017-140.png,53,33,1.606060606060606,200922-1017-140.png
46,54,0.8518518518518519,200922-1017-141.png,22,19,1.1578947368421053,200922-1017-141.png
47,54,0.8703703703703703,200922-1017-142.png,14,14,1.0,200922-1017-142.png
147,68,2.161764705882353,200922-1017-143.png,56,19,2.9473684210526314,200922-1017-143.png
192,118,1.6271186440677967,200922-1017-144.png,97,75,1.2933333333333332,200922-1017-144.png
43,54,0.7962962962962963,200922-1017-145.png,11,19,0.5789473684210527,200922-1017-145.png
66,66,1.0,200922-1017-147.png,25,28,0.8928571428571429,200922-1017-147.png
41,65,0.6307692307692307,200922-1017-148.png,11,25,0.44,200922-1017-148.png
86,110,0.7818181818181819,200922-1017-149.png,25,36,0.6944444444444444,200922-1017-149.png
303,85,3.5647058823529414,200922-1017-15.png,189,28,6.75,200922-1017-15.png
71,57,1.2456140350877194,200922-1017-151.png,28,19,1.4736842105263157,200922-1017-151.png
68,71,0.9577464788732394,200922-1017-153.png,19,17,1.1176470588235294,200922-1017-153.png
160,90,1.7777777777777777,200922-1017-154.png,83,31,2.6774193548387095,200922-1017-154.png
96,60,1.6,200922-1017-157.png,61,28,2.1785714285714284,200922-1017-157.png
217,63,3.4444444444444446,200922-1017-158.png,103,22,4.681818181818182,200922-1017-158.png
95,67,1.4179104477611941,200922-1017-159.png,44,28,1.5714285714285714,200922-1017-159.png
99,81,1.2222222222222223,200922-1017-163.png,58,31,1.8709677419354838,200922-1017-163.png
155,149,1.0402684563758389,200922-1017-164.png,25,36,0.6944444444444444,200922-1017-164.png
173,73,2.3698630136986303,200922-1017-165.png,61,19,3.210526315789474,200922-1017-165.png
120,150,0.8,200922-1017-167.png,22,36,0.6111111111111112,200922-1017-167.png
116,69,1.681159420289855,200922-1017-17.png,50,28,1.7857142857142858,200922-1017-17.png
165,112,1.4732142857142858,200922-1017-172.png,50,39,1.2820512820512822,200922-1017-172.png
76,64,1.1875,200922-1017-173.png,25,19,1.3157894736842106,200922-1017-173.png
119,66,1.803030303030303,200922-1017-176.png,56,28,2.0,200922-1017-176.png
127,72,1.7638888888888888,200922-1017-177.png,56,28,2.0,200922-1017-177.png
121,98,1.2346938775510203,200922-1017-178.png,39,17,2.2941176470588234,200922-1017-178.png
416,133,3.1278195488721803,200922-1017-18.png,139,31,4.483870967741935,200922-1017-18.png
155,71,2.183098591549296,200922-1017-180.png,75,25,3.0,200922-1017-180.png
394,97,4.061855670103093,200922-1017-19.png,150,31,4.838709677419355,200922-1017-19.png
250,116,2.1551724137931036,200922-1017-2.png,119,36,3.3055555555555554,200922-1017-2.png
434,124,3.5,200922-1017-20.png,175,44,3.977272727272727,200922-1017-20.png
330,110,3.0,200922-1017-24.png,219,36,6.083333333333333,200922-1017-24.png
290,131,2.213740458015267,200922-1017-26.png,108,39,2.769230769230769,200922-1017-26.png
84,71,1.1830985915492958,200922-1017-29.png,47,25,1.88,200922-1017-29.png
115,64,1.796875,200922-1017-3.png,50,19,2.6315789473684212,200922-1017-3.png
380,142,2.676056338028169,200922-1017-30.png,136,39,3.4871794871794872,200922-1017-30.png
392,155,2.529032258064516,200922-1017-31.png,136,39,3.4871794871794872,200922-1017-31.png
448,87,5.149425287356322,200922-1017-32.png,200,25,8.0,200922-1017-32.png
182,76,2.3947368421052633,200922-1017-33.png,72,25,2.88,200922-1017-33.png
282,167,1.688622754491018,200922-1017-34.png,125,69,1.8115942028985508,200922-1017-34.png
354,137,2.5839416058394162,200922-1017-36.png,147,39,3.769230769230769,200922-1017-36.png
297,79,3.759493670886076,200922-1017-37.png,103,25,4.12,200922-1017-37.png
210,134,1.5671641791044777,200922-1017-38.png,58,33,1.7575757575757576,200922-1017-38.png
161,56,2.875,200922-1017-4.png,61,17,3.588235294117647,200922-1017-4.png
47,54,0.8703703703703703,200922-1017-41.png,14,14,1.0,200922-1017-41.png
249,122,2.040983606557377,200922-1017-42.png,78,33,2.3636363636363638,200922-1017-42.png
217,145,1.4965517241379311,200922-1017-43.png,50,39,1.2820512820512822,200922-1017-43.png
265,106,2.5,200922-1017-44.png,147,39,3.769230769230769,200922-1017-44.png
46,57,0.8070175438596491,200922-1017-47.png,22,19,1.1578947368421053,200922-1017-47.png
227,99,2.292929292929293,200922-1017-48.png,128,33,3.878787878787879,200922-1017-48.png
281,68,4.132352941176471,200922-1017-49.png,122,28,4.357142857142857,200922-1017-49.png
195,185,1.054054054054054,200922-1017-51.png,94,61,1.540983606557377,200922-1017-51.png
128,63,2.0317460317460316,200922-1017-52.png,50,19,2.6315789473684212,200922-1017-52.png
77,58,1.3275862068965518,200922-1017-53.png,47,28,1.6785714285714286,200922-1017-53.png
256,83,3.0843373493975905,200922-1017-54.png,147,31,4.741935483870968,200922-1017-54.png
301,141,2.1347517730496453,200922-1017-55.png,86,39,2.2051282051282053,200922-1017-55.png
211,74,2.8513513513513513,200922-1017-56.png,122,28,4.357142857142857,200922-1017-56.png
374,140,2.6714285714285713,200922-1017-6.png,206,67,3.074626865671642,200922-1017-6.png
129,109,1.18348623853211,200922-1017-60.png,44,22,2.0,200922-1017-60.png
496,70,7.085714285714285,200922-1017-61.png,297,25,11.88,200922-1017-61.png
406,121,3.355371900826446,200922-1017-62.png,256,31,8.258064516129032,200922-1017-62.png
86,70,1.2285714285714286,200922-1017-65.png,19,17,1.1176470588235294,200922-1017-65.png
503,136,3.698529411764706,200922-1017-66.png,244,47,5.191489361702128,200922-1017-66.png
189,94,2.0106382978723403,200922-1017-67.png,131,31,4.225806451612903,200922-1017-67.png
216,91,2.3736263736263736,200922-1017-68.png,147,31,4.741935483870968,200922-1017-68.png
122,111,1.0990990990990992,200922-1017-69.png,31,33,0.9393939393939394,200922-1017-69.png
221,91,2.4285714285714284,200922-1017-7.png,142,47,3.021276595744681,200922-1017-7.png
250,93,2.6881720430107525,200922-1017-72.png,264,67,3.9402985074626864,200922-1017-72.png
163,138,1.181159420289855,200922-1017-73.png,44,36,1.2222222222222223,200922-1017-73.png
93,114,0.8157894736842105,200922-1017-74.png,44,25,1.76,200922-1017-74.png
43,54,0.7962962962962963,200922-1017-75.png,14,19,0.7368421052631579,200922-1017-75.png
48,54,0.8888888888888888,200922-1017-77.png,14,14,1.0,200922-1017-77.png
296,319,0.9278996865203761,200922-1017-78.png,36,56,0.6428571428571429,200922-1017-78.png
405,352,1.1505681818181819,200922-1017-79.png,36,67,0.5373134328358209,200922-1017-79.png
477,148,3.222972972972973,200922-1017-8.png,233,53,4.39622641509434,200922-1017-8.png
197,117,1.6837606837606838,200922-1017-80.png,78,28,2.7857142857142856,200922-1017-80.png
235,95,2.473684210526316,200922-1017-81.png,100,25,4.0,200922-1017-81.png
146,58,2.5172413793103448,200922-1017-82.png,61,19,3.210526315789474,200922-1017-82.png
37,71,0.5211267605633803,200922-1017-83.png,8,19,0.42105263157894735,200922-1017-83.png
399,246,1.6219512195121952,200922-1017-84.png,78,44,1.7727272727272727,200922-1017-84.png
164,127,1.2913385826771653,200922-1017-85.png,97,67,1.4477611940298507,200922-1017-85.png
129,63,2.0476190476190474,200922-1017-86.png,42,19,2.210526315789474,200922-1017-86.png
92,62,1.4838709677419355,200922-1017-87.png,50,28,1.7857142857142858,200922-1017-87.png
72,74,0.972972972972973,200922-1017-89.png,25,22,1.1363636363636365,200922-1017-89.png
244,107,2.2803738317757007,200922-1017-9.png,131,67,1.955223880597015,200922-1017-9.png
51,54,0.9444444444444444,200922-1017-90.png,14,19,0.7368421052631579,200922-1017-90.png
227,64,3.546875,200922-1017-91.png,86,25,3.44,200922-1017-91.png
115,64,1.796875,200922-1017-92.png,58,19,3.0526315789473686,200922-1017-92.png
42,54,0.7777777777777778,200922-1017-93.png,14,19,0.7368421052631579,200922-1017-93.png
100,78,1.2820512820512822,200922-1017-94.png,67,33,2.0303030303030303,200922-1017-94.png
187,165,1.1333333333333333,200922-1017-98.png,83,69,1.2028985507246377,200922-1017-98.png
422,202,2.089108910891089,200922-947-1.png,139,67,2.074626865671642,200922-947-1.png
133,108,1.2314814814814814,200922-947-10.png,44,19,2.3157894736842106,200922-947-10.png
76,67,1.1343283582089552,200922-947-103.png,36,28,1.2857142857142858,200922-947-103.png
291,170,1.7117647058823529,200922-947-105.png,103,44,2.340909090909091,200922-947-105.png
62,65,0.9538461538461539,200922-947-107.png,36,28,1.2857142857142858,200922-947-107.png
58,54,1.0740740740740742,200922-947-108.png,33,19,1.736842105263158,200922-947-108.png
194,119,1.6302521008403361,200922-947-11.png,83,36,2.3055555555555554,200922-947-11.png
131,75,1.7466666666666666,200922-947-110.png,103,28,3.6785714285714284,200922-947-110.png
186,71,2.619718309859155,200922-947-111.png,108,25,4.32,200922-947-111.png
72,58,1.2413793103448276,200922-947-114.png,28,19,1.4736842105263157,200922-947-114.png
141,67,2.1044776119402986,200922-947-115.png,89,28,3.1785714285714284,200922-947-115.png
131,66,1.9848484848484849,200922-947-116.png,61,19,3.210526315789474,200922-947-116.png
156,95,1.6421052631578947,200922-947-117.png,81,28,2.892857142857143,200922-947-117.png
91,79,1.1518987341772151,200922-947-119.png,22,19,1.1578947368421053,200922-947-119.png
59,54,1.0925925925925926,200922-947-120.png,14,19,0.7368421052631579,200922-947-120.png
57,54,1.0555555555555556,200922-947-122.png,17,19,0.8947368421052632,200922-947-122.png
163,89,1.8314606741573034,200922-947-123.png,72,25,2.88,200922-947-123.png
40,54,0.7407407407407407,200922-947-129.png,22,19,1.1578947368421053,200922-947-129.png
251,104,2.4134615384615383,200922-947-13.png,172,33,5.212121212121212,200922-947-13.png
144,93,1.5483870967741935,200922-947-130.png,75,25,3.0,200922-947-130.png
163,129,1.2635658914728682,200922-947-131.png,69,31,2.225806451612903,200922-947-131.png
273,92,2.967391304347826,200922-947-133.png,147,25,5.88,200922-947-133.png
82,56,1.4642857142857142,200922-947-134.png,36,19,1.894736842105263,200922-947-134.png
81,64,1.265625,200922-947-135.png,56,28,2.0,200922-947-135.png
58,57,1.0175438596491229,200922-947-136.png,33,28,1.1785714285714286,200922-947-136.png
195,63,3.0952380952380953,200922-947-139.png,108,22,4.909090909090909,200922-947-139.png
263,146,1.8013698630136987,200922-947-14.png,125,50,2.5,200922-947-14.png
47,54,0.8703703703703703,200922-947-143.png,22,19,1.1578947368421053,200922-947-143.png
164,146,1.1232876712328768,200922-947-144.png,50,39,1.2820512820512822,200922-947-144.png
74,74,1.0,200922-947-147.png,39,31,1.2580645161290323,200922-947-147.png
165,79,2.088607594936709,200922-947-149.png,53,19,2.789473684210526,200922-947-149.png
257,144,1.7847222222222223,200922-947-15.png,150,75,2.0,200922-947-15.png
84,61,1.3770491803278688,200922-947-153.png,36,19,1.894736842105263,200922-947-153.png
127,70,1.8142857142857143,200922-947-154.png,67,22,3.0454545454545454,200922-947-154.png
159,73,2.1780821917808217,200922-947-155.png,117,28,4.178571428571429,200922-947-155.png
52,65,0.8,200922-947-156.png,17,19,0.8947368421052632,200922-947-156.png
302,64,4.71875,200922-947-159.png,136,22,6.181818181818182,200922-947-159.png
248,65,3.8153846153846156,200922-947-160.png,81,19,4.2631578947368425,200922-947-160.png
105,57,1.8421052631578947,200922-947-164.png,50,19,2.6315789473684212,200922-947-164.png
321,93,3.4516129032258065,200922-947-167.png,217,33,6.575757575757576,200922-947-167.png
41,54,0.7592592592592593,200922-947-168.png,14,19,0.7368421052631579,200922-947-168.png
103,61,1.6885245901639345,200922-947-170.png,58,28,2.0714285714285716,200922-947-170.png
179,97,1.8453608247422681,200922-947-173.png,56,25,2.24,200922-947-173.png
195,70,2.7857142857142856,200922-947-175.png,103,28,3.6785714285714284,200922-947-175.png
48,54,0.8888888888888888,200922-947-176.png,22,19,1.1578947368421053,200922-947-176.png
46,54,0.8518518518518519,200922-947-177.png,11,19,0.5789473684210527,200922-947-177.png
156,69,2.260869565217391,200922-947-178.png,56,19,2.9473684210526314,200922-947-178.png
292,125,2.336,200922-947-18.png,139,31,4.483870967741935,200922-947-18.png
90,83,1.0843373493975903,200922-947-180.png,50,28,1.7857142857142858,200922-947-180.png
62,80,0.775,200922-947-181.png,31,31,1.0,200922-947-181.png
95,120,0.7916666666666666,200922-947-183.png,14,36,0.3888888888888889,200922-947-183.png
69,54,1.2777777777777777,200922-947-184.png,25,14,1.7857142857142858,200922-947-184.png
310,112,2.767857142857143,200922-947-19.png,150,31,4.838709677419355,200922-947-19.png
177,79,2.240506329113924,200922-947-190.png,125,33,3.787878787878788,200922-947-190.png
43,54,0.7962962962962963,200922-947-191.png,22,19,1.1578947368421053,200922-947-191.png
45,56,0.8035714285714286,200922-947-192.png,25,19,1.3157894736842106,200922-947-192.png
89,54,1.6481481481481481,200922-947-193.png,36,17,2.1176470588235294,200922-947-193.png
133,58,2.293103448275862,200922-947-194.png,92,22,4.181818181818182,200922-947-194.png
76,57,1.3333333333333333,200922-947-197.png,42,19,2.210526315789474,200922-947-197.png
233,128,1.8203125,200922-947-2.png,119,36,3.3055555555555554,200922-947-2.png
50,54,0.9259259259259259,200922-947-200.png,14,19,0.7368421052631579,200922-947-200.png
101,62,1.6290322580645162,200922-947-201.png,56,28,2.0,200922-947-201.png
66,62,1.064516129032258,200922-947-202.png,39,28,1.3928571428571428,200922-947-202.png
126,66,1.9090909090909092,200922-947-207.png,61,19,3.210526315789474,200922-947-207.png
251,108,2.324074074074074,200922-947-208.png,67,22,3.0454545454545454,200922-947-208.png
339,67,5.059701492537314,200922-947-209.png,169,28,6.035714285714286,200922-947-209.png
183,64,2.859375,200922-947-21.png,97,28,3.4642857142857144,200922-947-21.png
79,54,1.462962962962963,200922-947-211.png,17,14,1.2142857142857142,200922-947-211.png
168,99,1.696969696969697,200922-947-215.png,103,31,3.3225806451612905,200922-947-215.png
61,61,1.0,200922-947-216.png,33,28,1.1785714285714286,200922-947-216.png
168,169,0.9940828402366864,200922-947-219.png,94,67,1.4029850746268657,200922-947-219.png
82,57,1.4385964912280702,200922-947-220.png,33,19,1.736842105263158,200922-947-220.png
60,63,0.9523809523809523,200922-947-221.png,33,28,1.1785714285714286,200922-947-221.png
139,69,2.0144927536231885,200922-947-222.png,53,19,2.789473684210526,200922-947-222.png
139,66,2.106060606060606,200922-947-225.png,94,28,3.357142857142857,200922-947-225.png
40,54,0.7407407407407407,200922-947-227.png,14,19,0.7368421052631579,200922-947-227.png
148,93,1.5913978494623655,200922-947-228.png,89,33,2.696969696969697,200922-947-228.png
75,104,0.7211538461538461,200922-947-230.png,22,36,0.6111111111111112,200922-947-230.png
144,85,1.6941176470588235,200922-947-232.png,92,33,2.787878787878788,200922-947-232.png
307,99,3.101010101010101,200922-947-24.png,219,36,6.083333333333333,200922-947-24.png
257,132,1.946969696969697,200922-947-26.png,108,39,2.769230769230769,200922-947-26.png
106,63,1.6825396825396826,200922-947-27.png,50,28,1.7857142857142858,200922-947-27.png
111,92,1.2065217391304348,200922-947-3.png,56,25,2.24,200922-947-3.png
393,172,2.2848837209302326,200922-947-30.png,136,39,3.4871794871794872,200922-947-30.png
358,165,2.16969696969697,200922-947-31.png,136,39,3.4871794871794872,200922-947-31.png
418,97,4.309278350515464,200922-947-32.png,200,25,8.0,200922-947-32.png
99,83,1.1927710843373494,200922-947-35.png,58,28,2.0714285714285716,200922-947-35.png
366,145,2.524137931034483,200922-947-36.png,147,39,3.769230769230769,200922-947-36.png
281,76,3.6973684210526314,200922-947-37.png,103,25,4.12,200922-947-37.png
221,122,1.8114754098360655,200922-947-38.png,58,33,1.7575757575757576,200922-947-38.png
46,56,0.8214285714285714,200922-947-40.png,28,19,1.4736842105263157,200922-947-40.png
72,60,1.2,200922-947-41.png,47,28,1.6785714285714286,200922-947-41.png
212,127,1.669291338582677,200922-947-42.png,78,33,2.3636363636363638,200922-947-42.png
182,151,1.205298013245033,200922-947-43.png,50,39,1.2820512820512822,200922-947-43.png
247,108,2.287037037037037,200922-947-44.png,147,39,3.769230769230769,200922-947-44.png
166,77,2.155844155844156,200922-947-45.png,136,33,4.121212121212121,200922-947-45.png
92,78,1.1794871794871795,200922-947-46.png,83,33,2.515151515151515,200922-947-46.png
71,63,1.126984126984127,200922-947-47.png,28,19,1.4736842105263157,200922-947-47.png
212,107,1.9813084112149533,200922-947-48.png,128,33,3.878787878787879,200922-947-48.png
180,70,2.5714285714285716,200922-947-49.png,122,28,4.357142857142857,200922-947-49.png
68,55,1.2363636363636363,200922-947-5.png,42,22,1.9090909090909092,200922-947-5.png
68,84,0.8095238095238095,200922-947-53.png,22,19,1.1578947368421053,200922-947-53.png
240,89,2.696629213483146,200922-947-54.png,147,31,4.741935483870968,200922-947-54.png
303,165,1.8363636363636364,200922-947-55.png,86,39,2.2051282051282053,200922-947-55.png
232,76,3.0526315789473686,200922-947-56.png,122,28,4.357142857142857,200922-947-56.png
112,73,1.5342465753424657,200922-947-57.png,86,28,3.0714285714285716,200922-947-57.png
144,113,1.2743362831858407,200922-947-58.png,83,39,2.128205128205128,200922-947-58.png
342,151,2.2649006622516556,200922-947-6.png,206,67,3.074626865671642,200922-947-6.png
170,109,1.5596330275229358,200922-947-60.png,44,22,2.0,200922-947-60.png
554,77,7.194805194805195,200922-947-61.png,297,25,11.88,200922-947-61.png
427,104,4.105769230769231,200922-947-62.png,256,31,8.258064516129032,200922-947-62.png
137,93,1.4731182795698925,200922-947-63.png,69,25,2.76,200922-947-63.png
523,163,3.208588957055215,200922-947-66.png,244,47,5.191489361702128,200922-947-66.png
185,108,1.712962962962963,200922-947-67.png,131,31,4.225806451612903,200922-947-67.png
259,115,2.252173913043478,200922-947-68.png,147,31,4.741935483870968,200922-947-68.png
214,91,2.3516483516483517,200922-947-7.png,142,47,3.021276595744681,200922-947-7.png
103,81,1.271604938271605,200922-947-70.png,44,31,1.4193548387096775,200922-947-70.png
369,117,3.1538461538461537,200922-947-72.png,264,67,3.9402985074626864,200922-947-72.png
144,135,1.0666666666666667,200922-947-73.png,44,36,1.2222222222222223,200922-947-73.png
133,123,1.08130081300813,200922-947-74.png,44,25,1.76,200922-947-74.png
96,81,1.1851851851851851,200922-947-76.png,25,22,1.1363636363636365,200922-947-76.png
256,75,3.4133333333333336,200922-947-77.png,39,17,2.2941176470588234,200922-947-77.png
188,432,0.4351851851851852,200922-947-78.png,36,56,0.6428571428571429,200922-947-78.png
157,398,0.3944723618090452,200922-947-79.png,36,67,0.5373134328358209,200922-947-79.png
422,155,2.7225806451612904,200922-947-8.png,233,53,4.39622641509434,200922-947-8.png
204,125,1.632,200922-947-80.png,78,28,2.7857142857142856,200922-947-80.png
192,78,2.4615384615384617,200922-947-82.png,78,19,4.105263157894737,200922-947-82.png
208,121,1.71900826446281,200922-947-83.png,100,69,1.4492753623188406,200922-947-83.png
384,265,1.4490566037735848,200922-947-84.png,78,44,1.7727272727272727,200922-947-84.png
142,142,1.0,200922-947-85.png,97,67,1.4477611940298507,200922-947-85.png
195,147,1.3265306122448979,200922-947-86.png,108,81,1.3333333333333333,200922-947-86.png
44,68,0.6470588235294118,200922-947-87.png,14,19,0.7368421052631579,200922-947-87.png
133,72,1.8472222222222223,200922-947-88.png,58,19,3.0526315789473686,200922-947-88.png
38,54,0.7037037037037037,200922-947-9.png,17,25,0.68,200922-947-9.png
67,65,1.0307692307692307,200922-947-90.png,28,28,1.0,200922-947-90.png
60,57,1.0526315789473684,200922-947-93.png,28,19,1.4736842105263157,200922-947-93.png
108,86,1.255813953488372,200922-947-98.png,56,25,2.24,200922-947-98.png
236,70,3.3714285714285714,200922-947-99.png,128,28,4.571428571428571,200922-947-99.png
392,83,4.72289156626506,200922-949-0.png,256,33,7.757575757575758,200922-949-0.png
349,143,2.4405594405594404,200922-949-1.png,139,67,2.074626865671642,200922-949-1.png
64,78,0.8205128205128205,200922-949-10.png,25,19,1.3157894736842106,200922-949-10.png
86,54,1.5925925925925926,200922-949-100.png,39,17,2.2941176470588234,200922-949-100.png
238,162,1.4691358024691359,200922-949-101.png,89,39,2.282051282051282,200922-949-101.png
76,57,1.3333333333333333,200922-949-103.png,50,28,1.7857142857142858,200922-949-103.png
179,136,1.3161764705882353,200922-949-104.png,42,36,1.1666666666666667,200922-949-104.png
135,64,2.109375,200922-949-105.png,58,19,3.0526315789473686,200922-949-105.png
136,78,1.7435897435897436,200922-949-107.png,92,33,2.787878787878788,200922-949-107.png
51,54,0.9444444444444444,200922-949-109.png,14,14,1.0,200922-949-109.png
152,68,2.235294117647059,200922-949-11.png,94,28,3.357142857142857,200922-949-11.png
167,100,1.67,200922-949-110.png,67,25,2.68,200922-949-110.png
196,128,1.53125,200922-949-113.png,67,44,1.5227272727272727,200922-949-113.png
223,70,3.1857142857142855,200922-949-115.png,92,22,4.181818181818182,200922-949-115.png
165,89,1.853932584269663,200922-949-116.png,94,28,3.357142857142857,200922-949-116.png
183,78,2.3461538461538463,200922-949-117.png,67,25,2.68,200922-949-117.png
152,132,1.1515151515151516,200922-949-118.png,67,42,1.5952380952380953,200922-949-118.png
188,125,1.504,200922-949-119.png,111,53,2.0943396226415096,200922-949-119.png
242,134,1.8059701492537314,200922-949-12.png,128,67,1.9104477611940298,200922-949-12.png
111,74,1.5,200922-949-121.png,31,17,1.8235294117647058,200922-949-121.png
75,82,0.9146341463414634,200922-949-122.png,39,25,1.56,200922-949-122.png
116,66,1.7575757575757576,200922-949-123.png,72,28,2.5714285714285716,200922-949-123.png
318,124,2.564516129032258,200922-949-127.png,153,53,2.8867924528301887,200922-949-127.png
68,59,1.152542372881356,200922-949-128.png,22,19,1.1578947368421053,200922-949-128.png
294,95,3.094736842105263,200922-949-13.png,172,33,5.212121212121212,200922-949-13.png
79,76,1.0394736842105263,200922-949-133.png,25,25,1.0,200922-949-133.png
210,55,3.8181818181818183,200922-949-135.png,89,22,4.045454545454546,200922-949-135.png
140,84,1.6666666666666667,200922-949-137.png,47,17,2.764705882352941,200922-949-137.png
60,54,1.1111111111111112,200922-949-138.png,42,22,1.9090909090909092,200922-949-138.png
237,116,2.043103448275862,200922-949-14.png,125,50,2.5,200922-949-14.png
36,71,0.5070422535211268,200922-949-140.png,11,25,0.44,200922-949-140.png
225,60,3.75,200922-949-142.png,103,22,4.681818181818182,200922-949-142.png
153,65,2.353846153846154,200922-949-144.png,86,28,3.0714285714285716,200922-949-144.png
201,192,1.046875,200922-949-145.png,50,44,1.1363636363636365,200922-949-145.png
63,85,0.7411764705882353,200922-949-148.png,28,31,0.9032258064516129,200922-949-148.png
138,118,1.1694915254237288,200922-949-150.png,61,53,1.150943396226415,200922-949-150.png
180,154,1.1688311688311688,200922-949-151.png,69,44,1.5681818181818181,200922-949-151.png
127,75,1.6933333333333334,200922-949-152.png,58,25,2.32,200922-949-152.png
44,63,0.6984126984126984,200922-949-155.png,17,25,0.68,200922-949-155.png
187,112,1.6696428571428572,200922-949-156.png,69,31,2.225806451612903,200922-949-156.png
246,133,1.849624060150376,200922-949-157.png,100,69,1.4492753623188406,200922-949-157.png
68,54,1.2592592592592593,200922-949-158.png,17,14,1.2142857142857142,200922-949-158.png
197,189,1.0423280423280423,200922-949-16.png,50,44,1.1363636363636365,200922-949-16.png
170,152,1.118421052631579,200922-949-161.png,50,44,1.1363636363636365,200922-949-161.png
60,84,0.7142857142857143,200922-949-163.png,31,25,1.24,200922-949-163.png
41,54,0.7592592592592593,200922-949-164.png,17,25,0.68,200922-949-164.png
124,60,2.066666666666667,200922-949-166.png,39,17,2.2941176470588234,200922-949-166.png
194,84,2.3095238095238093,200922-949-167.png,128,33,3.878787878787879,200922-949-167.png
115,58,1.9827586206896552,200922-949-168.png,67,19,3.526315789473684,200922-949-168.png
173,75,2.3066666666666666,200922-949-169.png,108,28,3.857142857142857,200922-949-169.png
118,57,2.0701754385964914,200922-949-172.png,50,19,2.6315789473684212,200922-949-172.png
563,102,5.519607843137255,200922-949-173.png,217,28,7.75,200922-949-173.png
58,54,1.0740740740740742,200922-949-174.png,14,14,1.0,200922-949-174.png
156,69,2.260869565217391,200922-949-175.png,58,19,3.0526315789473686,200922-949-175.png
72,79,0.9113924050632911,200922-949-176.png,28,25,1.12,200922-949-176.png
195,77,2.5324675324675323,200922-949-178.png,106,28,3.7857142857142856,200922-949-178.png
72,68,1.0588235294117647,200922-949-179.png,28,19,1.4736842105263157,200922-949-179.png
356,117,3.0427350427350426,200922-949-18.png,139,31,4.483870967741935,200922-949-18.png
49,54,0.9074074074074074,200922-949-180.png,14,14,1.0,200922-949-180.png
44,54,0.8148148148148148,200922-949-181.png,11,19,0.5789473684210527,200922-949-181.png
349,123,2.83739837398374,200922-949-182.png,111,25,4.44,200922-949-182.png
237,87,2.7241379310344827,200922-949-183.png,144,33,4.363636363636363,200922-949-183.png
80,63,1.2698412698412698,200922-949-184.png,53,28,1.8928571428571428,200922-949-184.png
46,56,0.8214285714285714,200922-949-185.png,25,19,1.3157894736842106,200922-949-185.png
73,56,1.3035714285714286,200922-949-186.png,47,22,2.1363636363636362,200922-949-186.png
302,118,2.559322033898305,200922-949-19.png,150,31,4.838709677419355,200922-949-19.png
128,131,0.9770992366412213,200922-949-190.png,31,39,0.7948717948717948,200922-949-190.png
39,54,0.7222222222222222,200922-949-191.png,14,19,0.7368421052631579,200922-949-191.png
160,68,2.3529411764705883,200922-949-196.png,86,28,3.0714285714285716,200922-949-196.png
233,104,2.2403846153846154,200922-949-2.png,119,36,3.3055555555555554,200922-949-2.png
428,143,2.993006993006993,200922-949-20.png,175,44,3.977272727272727,200922-949-20.png
181,119,1.5210084033613445,200922-949-201.png,58,33,1.7575757575757576,200922-949-201.png
184,84,2.1904761904761907,200922-949-202.png,86,25,3.44,200922-949-202.png
107,60,1.7833333333333334,200922-949-203.png,39,28,1.3928571428571428,200922-949-203.png
98,60,1.6333333333333333,200922-949-204.png,64,25,2.56,200922-949-204.png
86,74,1.162162162162162,200922-949-205.png,31,19,1.631578947368421,200922-949-205.png
100,57,1.7543859649122806,200922-949-206.png,58,22,2.6363636363636362,200922-949-206.png
150,97,1.5463917525773196,200922-949-207.png,89,36,2.4722222222222223,200922-949-207.png
67,71,0.9436619718309859,200922-949-21.png,31,28,1.1071428571428572,200922-949-21.png
69,77,0.8961038961038961,200922-949-210.png,14,19,0.7368421052631579,200922-949-210.png
119,109,1.091743119266055,200922-949-211.png,56,31,1.8064516129032258,200922-949-211.png
172,81,2.123456790123457,200922-949-213.png,78,28,2.7857142857142856,200922-949-213.png
104,103,1.0097087378640777,200922-949-214.png,36,39,0.9230769230769231,200922-949-214.png
46,54,0.8518518518518519,200922-949-215.png,11,19,0.5789473684210527,200922-949-215.png
150,64,2.34375,200922-949-216.png,56,19,2.9473684210526314,200922-949-216.png
179,57,3.1403508771929824,200922-949-217.png,100,28,3.5714285714285716,200922-949-217.png
75,56,1.3392857142857142,200922-949-218.png,28,19,1.4736842105263157,200922-949-218.png
38,54,0.7037037037037037,200922-949-221.png,14,19,0.7368421052631579,200922-949-221.png
100,73,1.36986301369863,200922-949-222.png,39,19,2.0526315789473686,200922-949-222.png
67,59,1.1355932203389831,200922-949-223.png,36,22,1.6363636363636365,200922-949-223.png
379,160,2.36875,200922-949-227.png,89,36,2.4722222222222223,200922-949-227.png
140,90,1.5555555555555556,200922-949-23.png,97,31,3.129032258064516,200922-949-23.png
80,64,1.25,200922-949-230.png,39,28,1.3928571428571428,200922-949-230.png
73,61,1.1967213114754098,200922-949-234.png,61,28,2.1785714285714284,200922-949-234.png
130,178,0.7303370786516854,200922-949-235.png,67,72,0.9305555555555556,200922-949-235.png
69,54,1.2777777777777777,200922-949-236.png,17,19,0.8947368421052632,200922-949-236.png
214,74,2.891891891891892,200922-949-237.png,97,25,3.88,200922-949-237.png
186,91,2.043956043956044,200922-949-238.png,125,33,3.787878787878788,200922-949-238.png
107,57,1.8771929824561404,200922-949-239.png,39,28,1.3928571428571428,200922-949-239.png
302,94,3.2127659574468086,200922-949-24.png,219,36,6.083333333333333,200922-949-24.png
220,76,2.8947368421052633,200922-949-240.png,114,28,4.071428571428571,200922-949-240.png
315,137,2.2992700729927007,200922-949-242.png,125,47,2.6595744680851063,200922-949-242.png
43,54,0.7962962962962963,200922-949-243.png,14,19,0.7368421052631579,200922-949-243.png
94,61,1.540983606557377,200922-949-244.png,64,28,2.2857142857142856,200922-949-244.png
134,65,2.0615384615384613,200922-949-245.png,50,19,2.6315789473684212,200922-949-245.png
146,91,1.6043956043956045,200922-949-247.png,64,25,2.56,200922-949-247.png
106,79,1.3417721518987342,200922-949-251.png,72,33,2.1818181818181817,200922-949-251.png
100,81,1.2345679012345678,200922-949-254.png,69,33,2.090909090909091,200922-949-254.png
124,66,1.878787878787879,200922-949-255.png,81,28,2.892857142857143,200922-949-255.png
70,67,1.044776119402985,200922-949-256.png,31,19,1.631578947368421,200922-949-256.png
235,127,1.8503937007874016,200922-949-26.png,108,39,2.769230769230769,200922-949-26.png
45,54,0.8333333333333334,200922-949-260.png,22,19,1.1578947368421053,200922-949-260.png
97,86,1.127906976744186,200922-949-262.png,33,25,1.32,200922-949-262.png
139,72,1.9305555555555556,200922-949-263.png,69,31,2.225806451612903,200922-949-263.png
99,69,1.434782608695652,200922-949-264.png,47,28,1.6785714285714286,200922-949-264.png
250,154,1.6233766233766234,200922-949-265.png,125,69,1.8115942028985508,200922-949-265.png
46,54,0.8518518518518519,200922-949-266.png,14,19,0.7368421052631579,200922-949-266.png
63,54,1.1666666666666667,200922-949-267.png,14,14,1.0,200922-949-267.png
231,123,1.8780487804878048,200922-949-269.png,119,47,2.5319148936170213,200922-949-269.png
134,88,1.5227272727272727,200922-949-27.png,81,28,2.892857142857143,200922-949-27.png
47,54,0.8703703703703703,200922-949-270.png,11,19,0.5789473684210527,200922-949-270.png
44,54,0.8148148148148148,200922-949-271.png,11,19,0.5789473684210527,200922-949-271.png
71,77,0.922077922077922,200922-949-28.png,39,28,1.3928571428571428,200922-949-28.png
54,54,1.0,200922-949-29.png,14,14,1.0,200922-949-29.png
400,152,2.6315789473684212,200922-949-30.png,136,39,3.4871794871794872,200922-949-30.png
426,155,2.7483870967741937,200922-949-31.png,136,39,3.4871794871794872,200922-949-31.png
395,94,4.202127659574468,200922-949-32.png,200,25,8.0,200922-949-32.png
104,63,1.6507936507936507,200922-949-35.png,47,22,2.1363636363636362,200922-949-35.png
255,95,2.6842105263157894,200922-949-37.png,103,25,4.12,200922-949-37.png
223,143,1.5594405594405594,200922-949-38.png,58,33,1.7575757575757576,200922-949-38.png
89,62,1.435483870967742,200922-949-4.png,53,19,2.789473684210526,200922-949-4.png
48,54,0.8888888888888888,200922-949-40.png,14,19,0.7368421052631579,200922-949-40.png
242,128,1.890625,200922-949-42.png,78,33,2.3636363636363638,200922-949-42.png
196,135,1.451851851851852,200922-949-43.png,50,39,1.2820512820512822,200922-949-43.png
264,101,2.613861386138614,200922-949-44.png,147,39,3.769230769230769,200922-949-44.png
57,54,1.0555555555555556,200922-949-47.png,14,14,1.0,200922-949-47.png
249,93,2.6774193548387095,200922-949-48.png,128,33,3.878787878787879,200922-949-48.png
201,67,3.0,200922-949-49.png,122,28,4.357142857142857,200922-949-49.png
44,54,0.8148148148148148,200922-949-5.png,17,14,1.2142857142857142,200922-949-5.png
509,68,7.485294117647059,200922-949-51.png,106,17,6.235294117647059,200922-949-51.png
66,61,1.0819672131147542,200922-949-52.png,42,28,1.5,200922-949-52.png
239,92,2.597826086956522,200922-949-54.png,147,31,4.741935483870968,200922-949-54.png
375,142,2.640845070422535,200922-949-55.png,86,39,2.2051282051282053,200922-949-55.png
191,81,2.3580246913580245,200922-949-56.png,122,28,4.357142857142857,200922-949-56.png
85,66,1.2878787878787878,200922-949-59.png,58,33,1.7575757575757576,200922-949-59.png
340,149,2.2818791946308723,200922-949-6.png,206,67,3.074626865671642,200922-949-6.png
164,133,1.2330827067669172,200922-949-60.png,44,22,2.0,200922-949-60.png
498,77,6.467532467532467,200922-949-61.png,297,25,11.88,200922-949-61.png
571,108,5.287037037037037,200922-949-62.png,256,31,8.258064516129032,200922-949-62.png
75,54,1.3888888888888888,200922-949-63.png,28,19,1.4736842105263157,200922-949-63.png
138,129,1.069767441860465,200922-949-64.png,72,53,1.3584905660377358,200922-949-64.png
92,60,1.5333333333333334,200922-949-65.png,17,14,1.2142857142857142,200922-949-65.png
529,140,3.7785714285714285,200922-949-66.png,244,47,5.191489361702128,200922-949-66.png
216,95,2.2736842105263158,200922-949-67.png,131,31,4.225806451612903,200922-949-67.png
274,96,2.8541666666666665,200922-949-68.png,147,31,4.741935483870968,200922-949-68.png
191,83,2.3012048192771086,200922-949-7.png,142,47,3.021276595744681,200922-949-7.png
205,61,3.360655737704918,200922-949-71.png,100,28,3.5714285714285716,200922-949-71.png
152,70,2.1714285714285713,200922-949-72.png,92,28,3.2857142857142856,200922-949-72.png
179,81,2.2098765432098766,200922-949-73.png,117,33,3.5454545454545454,200922-949-73.png
141,111,1.2702702702702702,200922-949-78.png,83,39,2.128205128205128,200922-949-78.png
558,150,3.72,200922-949-8.png,233,53,4.39622641509434,200922-949-8.png
189,64,2.953125,200922-949-81.png,122,25,4.88,200922-949-81.png
93,63,1.4761904761904763,200922-949-82.png,42,28,1.5,200922-949-82.png
114,69,1.6521739130434783,200922-949-85.png,36,19,1.894736842105263,200922-949-85.png
92,62,1.4838709677419355,200922-949-86.png,56,28,2.0,200922-949-86.png
297,137,2.167883211678832,200922-949-87.png,136,44,3.090909090909091,200922-949-87.png
103,57,1.8070175438596492,200922-949-9.png,69,22,3.1363636363636362,200922-949-9.png
163,135,1.2074074074074075,200922-949-90.png,64,53,1.2075471698113207,200922-949-90.png
43,54,0.7962962962962963,200922-949-91.png,22,19,1.1578947368421053,200922-949-91.png
127,60,2.1166666666666667,200922-949-93.png,64,19,3.3684210526315788,200922-949-93.png
175,76,2.3026315789473686,200922-949-96.png,39,17,2.2941176470588234,200922-949-96.png
106,151,0.7019867549668874,200922-949-98.png,19,31,0.6129032258064516,200922-949-98.png
44,54,0.8148148148148148,200922-949-99.png,25,19,1.3157894736842106,200922-949-99.png
723,76,9.513157894736842,2009220-1327-0.png,256,33,7.757575757575758,2009220-1327-0.png
118,69,1.710144927536232,2009220-1327-104.png,50,28,1.7857142857142858,2009220-1327-104.png
367,81,4.530864197530864,2009220-1327-105.png,189,28,6.75,2009220-1327-105.png
118,58,2.0344827586206895,2009220-1327-107.png,50,19,2.6315789473684212,2009220-1327-107.png
113,63,1.7936507936507937,2009220-1327-108.png,67,28,2.392857142857143,2009220-1327-108.png
94,58,1.6206896551724137,2009220-1327-11.png,36,19,1.894736842105263,2009220-1327-11.png
160,92,1.7391304347826086,2009220-1327-110.png,56,25,2.24,2009220-1327-110.png
76,57,1.3333333333333333,2009220-1327-112.png,28,28,1.0,2009220-1327-112.png
77,63,1.2222222222222223,2009220-1327-113.png,39,28,1.3928571428571428,2009220-1327-113.png
106,67,1.5820895522388059,2009220-1327-114.png,69,28,2.4642857142857144,2009220-1327-114.png
76,74,1.027027027027027,2009220-1327-115.png,17,14,1.2142857142857142,2009220-1327-115.png
186,90,2.066666666666667,2009220-1327-116.png,92,33,2.787878787878788,2009220-1327-116.png
71,54,1.3148148148148149,2009220-1327-117.png,14,19,0.7368421052631579,2009220-1327-117.png
109,67,1.626865671641791,2009220-1327-119.png,33,25,1.32,2009220-1327-119.png
314,91,3.4505494505494507,2009220-1327-12.png,128,67,1.9104477611940298,2009220-1327-12.png
149,70,2.1285714285714286,2009220-1327-120.png,75,28,2.6785714285714284,2009220-1327-120.png
47,60,0.7833333333333333,2009220-1327-121.png,14,19,0.7368421052631579,2009220-1327-121.png
355,85,4.176470588235294,2009220-1327-13.png,172,33,5.212121212121212,2009220-1327-13.png
402,122,3.2950819672131146,2009220-1327-14.png,125,50,2.5,2009220-1327-14.png
465,143,3.2517482517482517,2009220-1327-18.png,139,31,4.483870967741935,2009220-1327-18.png
401,93,4.311827956989247,2009220-1327-19.png,150,31,4.838709677419355,2009220-1327-19.png
364,114,3.192982456140351,2009220-1327-2.png,119,36,3.3055555555555554,2009220-1327-2.png
512,142,3.6056338028169015,2009220-1327-20.png,175,44,3.977272727272727,2009220-1327-20.png
62,54,1.1481481481481481,2009220-1327-21.png,17,14,1.2142857142857142,2009220-1327-21.png
69,56,1.2321428571428572,2009220-1327-23.png,17,14,1.2142857142857142,2009220-1327-23.png
421,101,4.1683168316831685,2009220-1327-24.png,219,36,6.083333333333333,2009220-1327-24.png
321,113,2.84070796460177,2009220-1327-26.png,108,39,2.769230769230769,2009220-1327-26.png
132,63,2.0952380952380953,2009220-1327-27.png,67,28,2.392857142857143,2009220-1327-27.png
388,148,2.6216216216216215,2009220-1327-30.png,136,39,3.4871794871794872,2009220-1327-30.png
382,149,2.563758389261745,2009220-1327-31.png,136,39,3.4871794871794872,2009220-1327-31.png
528,81,6.518518518518518,2009220-1327-32.png,200,25,8.0,2009220-1327-32.png
307,81,3.7901234567901234,2009220-1327-37.png,103,25,4.12,2009220-1327-37.png
304,142,2.140845070422535,2009220-1327-38.png,58,33,1.7575757575757576,2009220-1327-38.png
161,84,1.9166666666666667,2009220-1327-4.png,58,36,1.6111111111111112,2009220-1327-4.png
283,132,2.143939393939394,2009220-1327-42.png,78,33,2.3636363636363638,2009220-1327-42.png
392,107,3.663551401869159,2009220-1327-44.png,147,39,3.769230769230769,2009220-1327-44.png
103,68,1.5147058823529411,2009220-1327-45.png,36,28,1.2857142857142858,2009220-1327-45.png
308,90,3.422222222222222,2009220-1327-48.png,128,33,3.878787878787879,2009220-1327-48.png
108,58,1.8620689655172413,2009220-1327-5.png,53,28,1.8928571428571428,2009220-1327-5.png
267,109,2.44954128440367,2009220-1327-51.png,89,36,2.4722222222222223,2009220-1327-51.png
45,54,0.8333333333333334,2009220-1327-52.png,11,19,0.5789473684210527,2009220-1327-52.png
71,54,1.3148148148148149,2009220-1327-53.png,36,19,1.894736842105263,2009220-1327-53.png
289,86,3.36046511627907,2009220-1327-54.png,147,31,4.741935483870968,2009220-1327-54.png
241,135,1.7851851851851852,2009220-1327-55.png,86,39,2.2051282051282053,2009220-1327-55.png
329,89,3.696629213483146,2009220-1327-56.png,122,28,4.357142857142857,2009220-1327-56.png
121,71,1.704225352112676,2009220-1327-58.png,36,19,1.894736842105263,2009220-1327-58.png
474,143,3.3146853146853146,2009220-1327-6.png,206,67,3.074626865671642,2009220-1327-6.png
575,101,5.693069306930693,2009220-1327-62.png,256,31,8.258064516129032,2009220-1327-62.png
214,97,2.2061855670103094,2009220-1327-63.png,89,25,3.56,2009220-1327-63.png
88,59,1.4915254237288136,2009220-1327-65.png,25,19,1.3157894736842106,2009220-1327-65.png
560,146,3.835616438356164,2009220-1327-66.png,244,47,5.191489361702128,2009220-1327-66.png
298,88,3.3863636363636362,2009220-1327-67.png,131,31,4.225806451612903,2009220-1327-67.png
293,80,3.6625,2009220-1327-68.png,147,31,4.741935483870968,2009220-1327-68.png
227,102,2.2254901960784315,2009220-1327-7.png,142,47,3.021276595744681,2009220-1327-7.png
225,93,2.4193548387096775,2009220-1327-70.png,106,36,2.9444444444444446,2009220-1327-70.png
397,91,4.362637362637362,2009220-1327-72.png,264,67,3.9402985074626864,2009220-1327-72.png
191,114,1.6754385964912282,2009220-1327-73.png,44,36,1.2222222222222223,2009220-1327-73.png
141,98,1.4387755102040816,2009220-1327-74.png,44,25,1.76,2009220-1327-74.png
167,297,0.5622895622895623,2009220-1327-78.png,36,56,0.6428571428571429,2009220-1327-78.png
184,353,0.5212464589235127,2009220-1327-79.png,36,67,0.5373134328358209,2009220-1327-79.png
649,146,4.445205479452055,2009220-1327-8.png,233,53,4.39622641509434,2009220-1327-8.png
193,66,2.9242424242424243,2009220-1327-83.png,83,22,3.772727272727273,2009220-1327-83.png
538,255,2.1098039215686275,2009220-1327-84.png,78,44,1.7727272727272727,2009220-1327-84.png
213,144,1.4791666666666667,2009220-1327-85.png,97,67,1.4477611940298507,2009220-1327-85.png
55,54,1.0185185185185186,2009220-1327-88.png,14,19,0.7368421052631579,2009220-1327-88.png
62,93,0.6666666666666666,2009220-1327-9.png,19,28,0.6785714285714286,2009220-1327-9.png
105,81,1.2962962962962963,2009220-1327-93.png,33,33,1.0,2009220-1327-93.png
108,71,1.5211267605633803,2009220-1327-95.png,75,28,2.6785714285714284,2009220-1327-95.png
147,75,1.96,2009220-1327-99.png,97,28,3.4642857142857144,2009220-1327-99.png
333,120,2.775,200923-1251-1.png,139,67,2.074626865671642,200923-1251-1.png
407,96,4.239583333333333,200923-1251-102.png,253,33,7.666666666666667,200923-1251-102.png
162,78,2.076923076923077,200923-1251-103.png,94,28,3.357142857142857,200923-1251-103.png
68,59,1.152542372881356,200923-1251-104.png,44,28,1.5714285714285714,200923-1251-104.png
46,54,0.8518518518518519,200923-1251-106.png,17,19,0.8947368421052632,200923-1251-106.png
87,56,1.5535714285714286,200923-1251-107.png,42,19,2.210526315789474,200923-1251-107.png
106,139,0.762589928057554,200923-1251-109.png,22,31,0.7096774193548387,200923-1251-109.png
37,54,0.6851851851851852,200923-1251-11.png,17,25,0.68,200923-1251-11.png
30,54,0.5555555555555556,200923-1251-111.png,14,19,0.7368421052631579,200923-1251-111.png
89,63,1.4126984126984128,200923-1251-112.png,61,25,2.44,200923-1251-112.png
115,70,1.6428571428571428,200923-1251-114.png,111,28,3.9642857142857144,200923-1251-114.png
48,63,0.7619047619047619,200923-1251-115.png,22,19,1.1578947368421053,200923-1251-115.png
168,84,2.0,200923-1251-116.png,108,42,2.5714285714285716,200923-1251-116.png
82,66,1.2424242424242424,200923-1251-117.png,53,28,1.8928571428571428,200923-1251-117.png
41,54,0.7592592592592593,200923-1251-119.png,17,19,0.8947368421052632,200923-1251-119.png
159,160,0.99375,200923-1251-120.png,47,42,1.119047619047619,200923-1251-120.png
140,71,1.971830985915493,200923-1251-123.png,94,28,3.357142857142857,200923-1251-123.png
43,54,0.7962962962962963,200923-1251-125.png,17,19,0.8947368421052632,200923-1251-125.png
131,87,1.5057471264367817,200923-1251-128.png,83,31,2.6774193548387095,200923-1251-128.png
205,84,2.4404761904761907,200923-1251-13.png,172,33,5.212121212121212,200923-1251-13.png
53,55,0.9636363636363636,200923-1251-131.png,36,19,1.894736842105263,200923-1251-131.png
97,67,1.4477611940298507,200923-1251-134.png,36,19,1.894736842105263,200923-1251-134.png
101,74,1.364864864864865,200923-1251-135.png,56,28,2.0,200923-1251-135.png
47,57,0.8245614035087719,200923-1251-137.png,22,19,1.1578947368421053,200923-1251-137.png
202,90,2.2444444444444445,200923-1251-138.png,114,31,3.6774193548387095,200923-1251-138.png
178,124,1.435483870967742,200923-1251-14.png,125,50,2.5,200923-1251-14.png
66,59,1.11864406779661,200923-1251-141.png,28,19,1.4736842105263157,200923-1251-141.png
159,79,2.0126582278481013,200923-1251-142.png,81,28,2.892857142857143,200923-1251-142.png
218,71,3.0704225352112675,200923-1251-144.png,158,33,4.787878787878788,200923-1251-144.png
51,56,0.9107142857142857,200923-1251-145.png,17,14,1.2142857142857142,200923-1251-145.png
68,121,0.5619834710743802,200923-1251-146.png,22,31,0.7096774193548387,200923-1251-146.png
141,82,1.7195121951219512,200923-1251-147.png,94,25,3.76,200923-1251-147.png
109,73,1.4931506849315068,200923-1251-148.png,89,28,3.1785714285714284,200923-1251-148.png
112,69,1.6231884057971016,200923-1251-149.png,36,19,1.894736842105263,200923-1251-149.png
95,67,1.4179104477611941,200923-1251-15.png,78,25,3.12,200923-1251-15.png
87,64,1.359375,200923-1251-152.png,67,28,2.392857142857143,200923-1251-152.png
84,108,0.7777777777777778,200923-1251-155.png,22,28,0.7857142857142857,200923-1251-155.png
179,132,1.356060606060606,200923-1251-158.png,89,50,1.78,200923-1251-158.png
85,77,1.103896103896104,200923-1251-164.png,28,25,1.12,200923-1251-164.png
199,75,2.6533333333333333,200923-1251-166.png,128,28,4.571428571428571,200923-1251-166.png
109,77,1.4155844155844155,200923-1251-167.png,47,19,2.473684210526316,200923-1251-167.png
60,54,1.1111111111111112,200923-1251-168.png,42,22,1.9090909090909092,200923-1251-168.png
28,54,0.5185185185185185,200923-1251-17.png,8,19,0.42105263157894735,200923-1251-17.png
174,74,2.3513513513513513,200923-1251-171.png,92,28,3.2857142857142856,200923-1251-171.png
60,60,1.0,200923-1251-172.png,28,28,1.0,200923-1251-172.png
39,54,0.7222222222222222,200923-1251-173.png,14,19,0.7368421052631579,200923-1251-173.png
74,60,1.2333333333333334,200923-1251-174.png,56,28,2.0,200923-1251-174.png
42,54,0.7777777777777778,200923-1251-175.png,14,19,0.7368421052631579,200923-1251-175.png
106,65,1.6307692307692307,200923-1251-177.png,100,28,3.5714285714285716,200923-1251-177.png
100,82,1.2195121951219512,200923-1251-179.png,53,28,1.8928571428571428,200923-1251-179.png
403,136,2.963235294117647,200923-1251-18.png,139,31,4.483870967741935,200923-1251-18.png
82,58,1.4137931034482758,200923-1251-183.png,31,14,2.2142857142857144,200923-1251-183.png
125,101,1.2376237623762376,200923-1251-184.png,33,25,1.32,200923-1251-184.png
89,63,1.4126984126984128,200923-1251-185.png,56,28,2.0,200923-1251-185.png
120,72,1.6666666666666667,200923-1251-186.png,69,28,2.4642857142857144,200923-1251-186.png
57,54,1.0555555555555556,200923-1251-188.png,14,14,1.0,200923-1251-188.png
94,73,1.2876712328767124,200923-1251-189.png,33,19,1.736842105263158,200923-1251-189.png
344,103,3.3398058252427183,200923-1251-19.png,150,31,4.838709677419355,200923-1251-19.png
66,55,1.2,200923-1251-191.png,28,19,1.4736842105263157,200923-1251-191.png
62,99,0.6262626262626263,200923-1251-192.png,25,36,0.6944444444444444,200923-1251-192.png
128,112,1.1428571428571428,200923-1251-193.png,53,36,1.4722222222222223,200923-1251-193.png
115,59,1.9491525423728813,200923-1251-194.png,53,17,3.1176470588235294,200923-1251-194.png
70,61,1.1475409836065573,200923-1251-196.png,25,28,0.8928571428571429,200923-1251-196.png
126,65,1.9384615384615385,200923-1251-199.png,56,19,2.9473684210526314,200923-1251-199.png
198,140,1.4142857142857144,200923-1251-2.png,119,36,3.3055555555555554,200923-1251-2.png
62,56,1.1071428571428572,200923-1251-201.png,28,19,1.4736842105263157,200923-1251-201.png
34,54,0.6296296296296297,200923-1251-203.png,17,25,0.68,200923-1251-203.png
61,57,1.0701754385964912,200923-1251-207.png,39,19,2.0526315789473686,200923-1251-207.png
43,54,0.7962962962962963,200923-1251-210.png,14,19,0.7368421052631579,200923-1251-210.png
105,72,1.4583333333333333,200923-1251-211.png,50,25,2.0,200923-1251-211.png
211,138,1.5289855072463767,200923-1251-212.png,61,39,1.564102564102564,200923-1251-212.png
75,55,1.3636363636363635,200923-1251-215.png,28,19,1.4736842105263157,200923-1251-215.png
230,153,1.5032679738562091,200923-1251-216.png,86,42,2.0476190476190474,200923-1251-216.png
159,78,2.0384615384615383,200923-1251-217.png,108,33,3.272727272727273,200923-1251-217.png
172,60,2.8666666666666667,200923-1251-220.png,86,19,4.526315789473684,200923-1251-220.png
251,86,2.9186046511627906,200923-1251-221.png,108,28,3.857142857142857,200923-1251-221.png
115,74,1.554054054054054,200923-1251-224.png,61,28,2.1785714285714284,200923-1251-224.png
107,72,1.4861111111111112,200923-1251-225.png,36,19,1.894736842105263,200923-1251-225.png
54,54,1.0,200923-1251-226.png,14,19,0.7368421052631579,200923-1251-226.png
95,61,1.5573770491803278,200923-1251-227.png,53,28,1.8928571428571428,200923-1251-227.png
62,65,0.9538461538461539,200923-1251-228.png,39,28,1.3928571428571428,200923-1251-228.png
47,54,0.8703703703703703,200923-1251-229.png,17,14,1.2142857142857142,200923-1251-229.png
117,64,1.828125,200923-1251-232.png,36,19,1.894736842105263,200923-1251-232.png
109,67,1.626865671641791,200923-1251-233.png,69,31,2.225806451612903,200923-1251-233.png
48,60,0.8,200923-1251-234.png,17,19,0.8947368421052632,200923-1251-234.png
77,60,1.2833333333333334,200923-1251-238.png,42,28,1.5,200923-1251-238.png
72,69,1.0434782608695652,200923-1251-239.png,31,25,1.24,200923-1251-239.png
43,114,0.37719298245614036,200923-1251-240.png,8,19,0.42105263157894735,200923-1251-240.png
123,59,2.0847457627118646,200923-1251-241.png,81,22,3.6818181818181817,200923-1251-241.png
102,78,1.3076923076923077,200923-1251-243.png,75,33,2.272727272727273,200923-1251-243.png
50,54,0.9259259259259259,200923-1251-245.png,25,19,1.3157894736842106,200923-1251-245.png
32,62,0.5161290322580645,200923-1251-246.png,11,25,0.44,200923-1251-246.png
140,61,2.2950819672131146,200923-1251-247.png,81,28,2.892857142857143,200923-1251-247.png
172,62,2.774193548387097,200923-1251-248.png,108,28,3.857142857142857,200923-1251-248.png
73,60,1.2166666666666666,200923-1251-249.png,47,28,1.6785714285714286,200923-1251-249.png
49,54,0.9074074074074074,200923-1251-252.png,14,14,1.0,200923-1251-252.png
212,84,2.5238095238095237,200923-1251-253.png,153,31,4.935483870967742,200923-1251-253.png
75,59,1.271186440677966,200923-1251-254.png,64,28,2.2857142857142856,200923-1251-254.png
132,78,1.6923076923076923,200923-1251-255.png,103,31,3.3225806451612905,200923-1251-255.png
121,70,1.7285714285714286,200923-1251-259.png,56,19,2.9473684210526314,200923-1251-259.png
214,124,1.7258064516129032,200923-1251-26.png,108,39,2.769230769230769,200923-1251-26.png
118,69,1.710144927536232,200923-1251-260.png,36,19,1.894736842105263,200923-1251-260.png
50,67,0.746268656716418,200923-1251-263.png,17,19,0.8947368421052632,200923-1251-263.png
36,54,0.6666666666666666,200923-1251-264.png,17,25,0.68,200923-1251-264.png
78,54,1.4444444444444444,200923-1251-265.png,36,17,2.1176470588235294,200923-1251-265.png
91,63,1.4444444444444444,200923-1251-267.png,64,28,2.2857142857142856,200923-1251-267.png
165,135,1.2222222222222223,200923-1251-268.png,69,22,3.1363636363636362,200923-1251-268.png
190,82,2.317073170731707,200923-1251-270.png,89,25,3.56,200923-1251-270.png
97,63,1.5396825396825398,200923-1251-271.png,36,19,1.894736842105263,200923-1251-271.png
202,63,3.2063492063492065,200923-1251-272.png,153,28,5.464285714285714,200923-1251-272.png
121,81,1.4938271604938271,200923-1251-275.png,61,31,1.967741935483871,200923-1251-275.png
243,67,3.626865671641791,200923-1251-279.png,114,22,5.181818181818182,200923-1251-279.png
91,59,1.5423728813559323,200923-1251-280.png,47,19,2.473684210526316,200923-1251-280.png
44,66,0.6666666666666666,200923-1251-281.png,14,19,0.7368421052631579,200923-1251-281.png
254,74,3.4324324324324325,200923-1251-285.png,161,28,5.75,200923-1251-285.png
166,73,2.2739726027397262,200923-1251-288.png,72,25,2.88,200923-1251-288.png
130,67,1.9402985074626866,200923-1251-290.png,86,28,3.0714285714285716,200923-1251-290.png
170,101,1.683168316831683,200923-1251-291.png,78,31,2.5161290322580645,200923-1251-291.png
307,141,2.1773049645390072,200923-1251-30.png,136,39,3.4871794871794872,200923-1251-30.png
419,76,5.5131578947368425,200923-1251-32.png,200,25,8.0,200923-1251-32.png
282,167,1.688622754491018,200923-1251-35.png,103,58,1.7758620689655173,200923-1251-35.png
229,82,2.792682926829268,200923-1251-37.png,103,25,4.12,200923-1251-37.png
144,126,1.1428571428571428,200923-1251-38.png,58,33,1.7575757575757576,200923-1251-38.png
145,117,1.2393162393162394,200923-1251-42.png,78,33,2.3636363636363638,200923-1251-42.png
130,153,0.8496732026143791,200923-1251-43.png,50,39,1.2820512820512822,200923-1251-43.png
232,108,2.1481481481481484,200923-1251-44.png,147,39,3.769230769230769,200923-1251-44.png
230,93,2.4731182795698925,200923-1251-48.png,128,33,3.878787878787879,200923-1251-48.png
50,64,0.78125,200923-1251-5.png,14,19,0.7368421052631579,200923-1251-5.png
129,70,1.8428571428571427,200923-1251-51.png,58,19,3.0526315789473686,200923-1251-51.png
74,87,0.8505747126436781,200923-1251-53.png,33,17,1.9411764705882353,200923-1251-53.png
201,85,2.364705882352941,200923-1251-54.png,147,31,4.741935483870968,200923-1251-54.png
279,141,1.9787234042553192,200923-1251-55.png,86,39,2.2051282051282053,200923-1251-55.png
202,85,2.376470588235294,200923-1251-56.png,122,28,4.357142857142857,200923-1251-56.png
211,77,2.74025974025974,200923-1251-57.png,156,28,5.571428571428571,200923-1251-57.png
352,139,2.5323741007194243,200923-1251-6.png,206,67,3.074626865671642,200923-1251-6.png
122,97,1.2577319587628866,200923-1251-60.png,44,22,2.0,200923-1251-60.png
455,75,6.066666666666666,200923-1251-61.png,297,25,11.88,200923-1251-61.png
82,57,1.4385964912280702,200923-1251-63.png,47,19,2.473684210526316,200923-1251-63.png
184,93,1.978494623655914,200923-1251-67.png,131,31,4.225806451612903,200923-1251-67.png
332,73,4.5479452054794525,200923-1251-69.png,194,28,6.928571428571429,200923-1251-69.png
217,92,2.358695652173913,200923-1251-7.png,142,47,3.021276595744681,200923-1251-7.png
76,130,0.5846153846153846,200923-1251-70.png,17,31,0.5483870967741935,200923-1251-70.png
98,67,1.462686567164179,200923-1251-71.png,47,22,2.1363636363636362,200923-1251-71.png
246,92,2.6739130434782608,200923-1251-72.png,264,67,3.9402985074626864,200923-1251-72.png
134,118,1.1355932203389831,200923-1251-73.png,44,36,1.2222222222222223,200923-1251-73.png
100,85,1.1764705882352942,200923-1251-74.png,44,25,1.76,200923-1251-74.png
73,62,1.1774193548387097,200923-1251-75.png,36,22,1.6363636363636365,200923-1251-75.png
134,65,2.0615384615384613,200923-1251-76.png,83,25,3.32,200923-1251-76.png
99,64,1.546875,200923-1251-77.png,92,28,3.2857142857142856,200923-1251-77.png
240,294,0.8163265306122449,200923-1251-78.png,36,56,0.6428571428571429,200923-1251-78.png
334,290,1.1517241379310346,200923-1251-79.png,36,67,0.5373134328358209,200923-1251-79.png
160,123,1.3008130081300813,200923-1251-80.png,78,28,2.7857142857142856,200923-1251-80.png
108,67,1.6119402985074627,200923-1251-81.png,36,19,1.894736842105263,200923-1251-81.png
145,67,2.1641791044776117,200923-1251-82.png,106,28,3.7857142857142856,200923-1251-82.png
48,54,0.8888888888888888,200923-1251-83.png,14,14,1.0,200923-1251-83.png
343,218,1.573394495412844,200923-1251-84.png,78,44,1.7727272727272727,200923-1251-84.png
159,138,1.1521739130434783,200923-1251-85.png,97,67,1.4477611940298507,200923-1251-85.png
127,116,1.0948275862068966,200923-1251-87.png,33,33,1.0,200923-1251-87.png
72,70,1.0285714285714285,200923-1251-88.png,42,25,1.68,200923-1251-88.png
209,83,2.5180722891566263,200923-1251-89.png,108,28,3.857142857142857,200923-1251-89.png
53,63,0.8412698412698413,200923-1251-9.png,14,19,0.7368421052631579,200923-1251-9.png
167,83,2.0120481927710845,200923-1251-95.png,97,28,3.4642857142857144,200923-1251-95.png
120,68,1.7647058823529411,200923-1251-99.png,92,25,3.68,200923-1251-99.png
344,146,2.356164383561644,200923-1253-1.png,139,67,2.074626865671642,200923-1253-1.png
81,69,1.173913043478261,200923-1253-10.png,25,19,1.3157894736842106,200923-1253-10.png
39,54,0.7222222222222222,200923-1253-101.png,14,19,0.7368421052631579,200923-1253-101.png
172,150,1.1466666666666667,200923-1253-102.png,81,53,1.528301886792453,200923-1253-102.png
203,140,1.45,200923-1253-103.png,72,44,1.6363636363636365,200923-1253-103.png
199,123,1.6178861788617886,200923-1253-104.png,69,36,1.9166666666666667,200923-1253-104.png
135,101,1.3366336633663367,200923-1253-105.png,67,36,1.8611111111111112,200923-1253-105.png
105,76,1.381578947368421,200923-1253-107.png,67,28,2.392857142857143,200923-1253-107.png
183,89,2.056179775280899,200923-1253-108.png,81,28,2.892857142857143,200923-1253-108.png
238,103,2.3106796116504853,200923-1253-109.png,117,42,2.7857142857142856,200923-1253-109.png
216,98,2.204081632653061,200923-1253-110.png,111,36,3.0833333333333335,200923-1253-110.png
159,193,0.8238341968911918,200923-1253-112.png,106,72,1.4722222222222223,200923-1253-112.png
63,54,1.1666666666666667,200923-1253-113.png,25,19,1.3157894736842106,200923-1253-113.png
213,118,1.805084745762712,200923-1253-114.png,100,42,2.380952380952381,200923-1253-114.png
48,54,0.8888888888888888,200923-1253-116.png,14,19,0.7368421052631579,200923-1253-116.png
57,73,0.7808219178082192,200923-1253-118.png,28,22,1.2727272727272727,200923-1253-118.png
92,69,1.3333333333333333,200923-1253-122.png,50,28,1.7857142857142858,200923-1253-122.png
83,61,1.360655737704918,200923-1253-123.png,47,28,1.6785714285714286,200923-1253-123.png
200,178,1.1235955056179776,200923-1253-124.png,42,39,1.0769230769230769,200923-1253-124.png
148,78,1.8974358974358974,200923-1253-127.png,106,28,3.7857142857142856,200923-1253-127.png
138,126,1.0952380952380953,200923-1253-128.png,67,53,1.2641509433962264,200923-1253-128.png
177,78,2.269230769230769,200923-1253-129.png,106,28,3.7857142857142856,200923-1253-129.png
352,119,2.957983193277311,200923-1253-13.png,172,33,5.212121212121212,200923-1253-13.png
35,54,0.6481481481481481,200923-1253-130.png,14,19,0.7368421052631579,200923-1253-130.png
236,195,1.2102564102564102,200923-1253-133.png,67,42,1.5952380952380953,200923-1253-133.png
99,54,1.8333333333333333,200923-1253-134.png,39,17,2.2941176470588234,200923-1253-134.png
74,81,0.9135802469135802,200923-1253-135.png,28,19,1.4736842105263157,200923-1253-135.png
201,87,2.310344827586207,200923-1253-138.png,92,22,4.181818181818182,200923-1253-138.png
268,134,2.0,200923-1253-14.png,125,50,2.5,200923-1253-14.png
132,75,1.76,200923-1253-140.png,83,28,2.9642857142857144,200923-1253-140.png
70,56,1.25,200923-1253-141.png,33,19,1.736842105263158,200923-1253-141.png
171,82,2.0853658536585367,200923-1253-143.png,97,28,3.4642857142857144,200923-1253-143.png
131,80,1.6375,200923-1253-144.png,117,33,3.5454545454545454,200923-1253-144.png
193,75,2.5733333333333333,200923-1253-145.png,39,17,2.2941176470588234,200923-1253-145.png
135,80,1.6875,200923-1253-146.png,81,22,3.6818181818181817,200923-1253-146.png
84,59,1.423728813559322,200923-1253-147.png,36,19,1.894736842105263,200923-1253-147.png
108,69,1.565217391304348,200923-1253-148.png,75,28,2.6785714285714284,200923-1253-148.png
49,54,0.9074074074074074,200923-1253-15.png,14,19,0.7368421052631579,200923-1253-15.png
60,71,0.8450704225352113,200923-1253-150.png,19,19,1.0,200923-1253-150.png
79,75,1.0533333333333332,200923-1253-151.png,28,19,1.4736842105263157,200923-1253-151.png
93,55,1.690909090909091,200923-1253-152.png,36,19,1.894736842105263,200923-1253-152.png
228,81,2.814814814814815,200923-1253-153.png,131,22,5.954545454545454,200923-1253-153.png
65,54,1.2037037037037037,200923-1253-155.png,14,14,1.0,200923-1253-155.png
266,156,1.705128205128205,200923-1253-156.png,67,39,1.7179487179487178,200923-1253-156.png
215,85,2.5294117647058822,200923-1253-158.png,147,25,5.88,200923-1253-158.png
118,101,1.1683168316831682,200923-1253-161.png,22,19,1.1578947368421053,200923-1253-161.png
131,86,1.5232558139534884,200923-1253-163.png,61,36,1.6944444444444444,200923-1253-163.png
79,61,1.2950819672131149,200923-1253-164.png,36,19,1.894736842105263,200923-1253-164.png
81,54,1.5,200923-1253-166.png,33,14,2.357142857142857,200923-1253-166.png
148,73,2.0273972602739727,200923-1253-167.png,122,50,2.44,200923-1253-167.png
59,89,0.6629213483146067,200923-1253-168.png,22,19,1.1578947368421053,200923-1253-168.png
68,76,0.8947368421052632,200923-1253-17.png,28,25,1.12,200923-1253-17.png
140,70,2.0,200923-1253-171.png,86,28,3.0714285714285716,200923-1253-171.png
110,70,1.5714285714285714,200923-1253-172.png,61,19,3.210526315789474,200923-1253-172.png
100,75,1.3333333333333333,200923-1253-174.png,44,25,1.76,200923-1253-174.png
84,62,1.3548387096774193,200923-1253-175.png,50,19,2.6315789473684212,200923-1253-175.png
148,70,2.1142857142857143,200923-1253-176.png,108,28,3.857142857142857,200923-1253-176.png
96,84,1.1428571428571428,200923-1253-177.png,75,33,2.272727272727273,200923-1253-177.png
82,71,1.1549295774647887,200923-1253-179.png,36,19,1.894736842105263,200923-1253-179.png
378,146,2.589041095890411,200923-1253-18.png,139,31,4.483870967741935,200923-1253-18.png
246,73,3.3698630136986303,200923-1253-180.png,153,22,6.954545454545454,200923-1253-180.png
79,71,1.1126760563380282,200923-1253-181.png,50,28,1.7857142857142858,200923-1253-181.png
97,69,1.4057971014492754,200923-1253-182.png,44,31,1.4193548387096775,200923-1253-182.png
227,89,2.550561797752809,200923-1253-183.png,122,33,3.696969696969697,200923-1253-183.png
139,67,2.074626865671642,200923-1253-184.png,75,28,2.6785714285714284,200923-1253-184.png
162,99,1.6363636363636365,200923-1253-185.png,86,28,3.0714285714285716,200923-1253-185.png
62,57,1.087719298245614,200923-1253-186.png,28,19,1.4736842105263157,200923-1253-186.png
84,81,1.037037037037037,200923-1253-188.png,47,28,1.6785714285714286,200923-1253-188.png
346,118,2.9322033898305087,200923-1253-19.png,150,31,4.838709677419355,200923-1253-19.png
209,91,2.2967032967032965,200923-1253-190.png,186,50,3.72,200923-1253-190.png
57,58,0.9827586206896551,200923-1253-191.png,17,14,1.2142857142857142,200923-1253-191.png
126,79,1.5949367088607596,200923-1253-193.png,92,33,2.787878787878788,200923-1253-193.png
326,105,3.104761904761905,200923-1253-194.png,142,36,3.9444444444444446,200923-1253-194.png
66,75,0.88,200923-1253-196.png,22,19,1.1578947368421053,200923-1253-196.png
112,73,1.5342465753424657,200923-1253-197.png,83,28,2.9642857142857144,200923-1253-197.png
167,77,2.168831168831169,200923-1253-198.png,81,22,3.6818181818181817,200923-1253-198.png
241,136,1.7720588235294117,200923-1253-2.png,119,36,3.3055555555555554,200923-1253-2.png
60,59,1.0169491525423728,200923-1253-200.png,28,19,1.4736842105263157,200923-1253-200.png
88,56,1.5714285714285714,200923-1253-208.png,50,19,2.6315789473684212,200923-1253-208.png
167,94,1.7765957446808511,200923-1253-21.png,39,19,2.0526315789473686,200923-1253-21.png
39,54,0.7222222222222222,200923-1253-210.png,14,19,0.7368421052631579,200923-1253-210.png
61,58,1.0517241379310345,200923-1253-211.png,28,19,1.4736842105263157,200923-1253-211.png
95,65,1.4615384615384615,200923-1253-213.png,75,28,2.6785714285714284,200923-1253-213.png
166,88,1.8863636363636365,200923-1253-216.png,119,31,3.838709677419355,200923-1253-216.png
122,74,1.6486486486486487,200923-1253-217.png,97,28,3.4642857142857144,200923-1253-217.png
89,67,1.328358208955224,200923-1253-218.png,58,28,2.0714285714285716,200923-1253-218.png
94,65,1.4461538461538461,200923-1253-219.png,50,28,1.7857142857142858,200923-1253-219.png
91,65,1.4,200923-1253-22.png,36,17,2.1176470588235294,200923-1253-22.png
120,54,2.2222222222222223,200923-1253-221.png,25,14,1.7857142857142858,200923-1253-221.png
50,56,0.8928571428571429,200923-1253-222.png,25,19,1.3157894736842106,200923-1253-222.png
161,91,1.7692307692307692,200923-1253-223.png,142,33,4.303030303030303,200923-1253-223.png
138,81,1.7037037037037037,200923-1253-226.png,72,28,2.5714285714285716,200923-1253-226.png
212,79,2.6835443037974684,200923-1253-227.png,106,28,3.7857142857142856,200923-1253-227.png
134,80,1.675,200923-1253-23.png,47,25,1.88,200923-1253-23.png
132,69,1.9130434782608696,200923-1253-230.png,92,28,3.2857142857142856,200923-1253-230.png
91,109,0.8348623853211009,200923-1253-231.png,39,39,1.0,200923-1253-231.png
152,85,1.7882352941176471,200923-1253-232.png,94,28,3.357142857142857,200923-1253-232.png
121,87,1.3908045977011494,200923-1253-234.png,100,33,3.0303030303030303,200923-1253-234.png
162,90,1.8,200923-1253-235.png,81,25,3.24,200923-1253-235.png
85,69,1.2318840579710144,200923-1253-236.png,44,31,1.4193548387096775,200923-1253-236.png
140,91,1.5384615384615385,200923-1253-237.png,103,36,2.861111111111111,200923-1253-237.png
321,98,3.2755102040816326,200923-1253-24.png,219,36,6.083333333333333,200923-1253-24.png
138,63,2.1904761904761907,200923-1253-241.png,83,19,4.368421052631579,200923-1253-241.png
72,58,1.2413793103448276,200923-1253-242.png,28,19,1.4736842105263157,200923-1253-242.png
183,147,1.2448979591836735,200923-1253-243.png,42,33,1.2727272727272727,200923-1253-243.png
61,67,0.9104477611940298,200923-1253-244.png,14,19,0.7368421052631579,200923-1253-244.png
63,73,0.863013698630137,200923-1253-245.png,14,14,1.0,200923-1253-245.png
162,63,2.5714285714285716,200923-1253-246.png,83,22,3.772727272727273,200923-1253-246.png
43,54,0.7962962962962963,200923-1253-249.png,11,19,0.5789473684210527,200923-1253-249.png
63,104,0.6057692307692307,200923-1253-250.png,8,19,0.42105263157894735,200923-1253-250.png
147,85,1.7294117647058824,200923-1253-253.png,97,31,3.129032258064516,200923-1253-253.png
117,54,2.1666666666666665,200923-1253-255.png,36,17,2.1176470588235294,200923-1253-255.png
82,57,1.4385964912280702,200923-1253-257.png,36,19,1.894736842105263,200923-1253-257.png
329,163,2.01840490797546,200923-1253-26.png,108,39,2.769230769230769,200923-1253-26.png
165,77,2.142857142857143,200923-1253-261.png,108,33,3.272727272727273,200923-1253-261.png
243,77,3.155844155844156,200923-1253-265.png,189,28,6.75,200923-1253-265.png
107,56,1.9107142857142858,200923-1253-268.png,56,22,2.5454545454545454,200923-1253-268.png
171,83,2.0602409638554215,200923-1253-269.png,94,22,4.2727272727272725,200923-1253-269.png
160,86,1.8604651162790697,200923-1253-27.png,117,28,4.178571428571429,200923-1253-27.png
54,86,0.627906976744186,200923-1253-272.png,22,19,1.1578947368421053,200923-1253-272.png
125,92,1.358695652173913,200923-1253-273.png,31,31,1.0,200923-1253-273.png
152,160,0.95,200923-1253-275.png,67,53,1.2641509433962264,200923-1253-275.png
80,54,1.4814814814814814,200923-1253-279.png,17,14,1.2142857142857142,200923-1253-279.png
149,92,1.6195652173913044,200923-1253-28.png,47,28,1.6785714285714286,200923-1253-28.png
129,104,1.2403846153846154,200923-1253-280.png,44,39,1.1282051282051282,200923-1253-280.png
62,54,1.1481481481481481,200923-1253-284.png,17,14,1.2142857142857142,200923-1253-284.png
113,58,1.9482758620689655,200923-1253-286.png,50,19,2.6315789473684212,200923-1253-286.png
105,57,1.8421052631578947,200923-1253-288.png,47,22,2.1363636363636362,200923-1253-288.png
41,54,0.7592592592592593,200923-1253-289.png,14,19,0.7368421052631579,200923-1253-289.png
59,88,0.6704545454545454,200923-1253-3.png,22,19,1.1578947368421053,200923-1253-3.png
369,168,2.1964285714285716,200923-1253-30.png,136,39,3.4871794871794872,200923-1253-30.png
364,152,2.3947368421052633,200923-1253-31.png,136,39,3.4871794871794872,200923-1253-31.png
454,103,4.407766990291262,200923-1253-32.png,200,25,8.0,200923-1253-32.png
217,136,1.5955882352941178,200923-1253-34.png,67,42,1.5952380952380953,200923-1253-34.png
458,197,2.3248730964467006,200923-1253-36.png,147,39,3.769230769230769,200923-1253-36.png
274,86,3.186046511627907,200923-1253-37.png,103,25,4.12,200923-1253-37.png
200,130,1.5384615384615385,200923-1253-38.png,58,33,1.7575757575757576,200923-1253-38.png
93,57,1.631578947368421,200923-1253-39.png,36,19,1.894736842105263,200923-1253-39.png
155,129,1.2015503875968991,200923-1253-41.png,81,53,1.528301886792453,200923-1253-41.png
245,121,2.024793388429752,200923-1253-42.png,78,33,2.3636363636363638,200923-1253-42.png
230,163,1.4110429447852761,200923-1253-43.png,50,39,1.2820512820512822,200923-1253-43.png
322,115,2.8,200923-1253-44.png,147,39,3.769230769230769,200923-1253-44.png
255,102,2.5,200923-1253-48.png,128,33,3.878787878787879,200923-1253-48.png
87,75,1.16,200923-1253-53.png,56,28,2.0,200923-1253-53.png
313,141,2.219858156028369,200923-1253-55.png,86,39,2.2051282051282053,200923-1253-55.png
194,74,2.6216216216216215,200923-1253-56.png,122,28,4.357142857142857,200923-1253-56.png
122,90,1.3555555555555556,200923-1253-57.png,47,25,1.88,200923-1253-57.png
395,179,2.206703910614525,200923-1253-6.png,206,67,3.074626865671642,200923-1253-6.png
461,97,4.752577319587629,200923-1253-61.png,297,25,11.88,200923-1253-61.png
66,60,1.1,200923-1253-64.png,36,28,1.2857142857142858,200923-1253-64.png
188,97,1.9381443298969072,200923-1253-7.png,142,47,3.021276595744681,200923-1253-7.png
96,72,1.3333333333333333,200923-1253-71.png,33,19,1.736842105263158,200923-1253-71.png
262,104,2.519230769230769,200923-1253-72.png,264,67,3.9402985074626864,200923-1253-72.png
163,145,1.1241379310344828,200923-1253-73.png,44,36,1.2222222222222223,200923-1253-73.png
112,126,0.8888888888888888,200923-1253-74.png,44,25,1.76,200923-1253-74.png
91,60,1.5166666666666666,200923-1253-75.png,36,19,1.894736842105263,200923-1253-75.png
153,138,1.108695652173913,200923-1253-77.png,114,53,2.150943396226415,200923-1253-77.png
282,333,0.8468468468468469,200923-1253-78.png,36,56,0.6428571428571429,200923-1253-78.png
301,317,0.9495268138801262,200923-1253-79.png,36,67,0.5373134328358209,200923-1253-79.png
164,99,1.6565656565656566,200923-1253-80.png,78,28,2.7857142857142856,200923-1253-80.png
95,66,1.4393939393939394,200923-1253-81.png,61,22,2.772727272727273,200923-1253-81.png
72,65,1.1076923076923078,200923-1253-82.png,39,28,1.3928571428571428,200923-1253-82.png
74,98,0.7551020408163265,200923-1253-83.png,8,19,0.42105263157894735,200923-1253-83.png
414,278,1.4892086330935252,200923-1253-84.png,78,44,1.7727272727272727,200923-1253-84.png
178,165,1.0787878787878789,200923-1253-85.png,97,67,1.4477611940298507,200923-1253-85.png
164,102,1.607843137254902,200923-1253-89.png,142,33,4.303030303030303,200923-1253-89.png
436,282,1.5460992907801419,200923-1253-9.png,81,33,2.4545454545454546,200923-1253-9.png
248,186,1.3333333333333333,200923-1253-95.png,28,33,0.8484848484848485,200923-1253-95.png
196,132,1.4848484848484849,200923-1253-99.png,31,22,1.4090909090909092,200923-1253-99.png
433,95,4.557894736842106,200923-1254-0.png,256,33,7.757575757575758,200923-1254-0.png
53,54,0.9814814814814815,200923-1254-10.png,17,19,0.8947368421052632,200923-1254-10.png
114,70,1.6285714285714286,200923-1254-100.png,42,19,2.210526315789474,200923-1254-100.png
100,69,1.4492753623188406,200923-1254-102.png,64,25,2.56,200923-1254-102.png
117,83,1.4096385542168675,200923-1254-103.png,56,28,2.0,200923-1254-103.png
261,75,3.48,200923-1254-104.png,164,33,4.96969696969697,200923-1254-104.png
138,69,2.0,200923-1254-105.png,81,28,2.892857142857143,200923-1254-105.png
167,129,1.2945736434108528,200923-1254-106.png,31,33,0.9393939393939394,200923-1254-106.png
39,64,0.609375,200923-1254-107.png,11,25,0.44,200923-1254-107.png
56,57,0.9824561403508771,200923-1254-112.png,33,19,1.736842105263158,200923-1254-112.png
123,66,1.8636363636363635,200923-1254-115.png,72,28,2.5714285714285716,200923-1254-115.png
99,63,1.5714285714285714,200923-1254-118.png,50,19,2.6315789473684212,200923-1254-118.png
89,77,1.155844155844156,200923-1254-119.png,17,14,1.2142857142857142,200923-1254-119.png
66,57,1.1578947368421053,200923-1254-121.png,28,19,1.4736842105263157,200923-1254-121.png
122,134,0.9104477611940298,200923-1254-123.png,83,28,2.9642857142857144,200923-1254-123.png
83,64,1.296875,200923-1254-124.png,39,28,1.3928571428571428,200923-1254-124.png
151,110,1.3727272727272728,200923-1254-126.png,89,36,2.4722222222222223,200923-1254-126.png
165,72,2.2916666666666665,200923-1254-127.png,94,33,2.8484848484848486,200923-1254-127.png
54,54,1.0,200923-1254-129.png,11,19,0.5789473684210527,200923-1254-129.png
199,85,2.3411764705882354,200923-1254-13.png,172,33,5.212121212121212,200923-1254-13.png
55,67,0.8208955223880597,200923-1254-130.png,22,19,1.1578947368421053,200923-1254-130.png
132,72,1.8333333333333333,200923-1254-138.png,89,28,3.1785714285714284,200923-1254-138.png
309,88,3.5113636363636362,200923-1254-139.png,108,28,3.857142857142857,200923-1254-139.png
263,118,2.2288135593220337,200923-1254-14.png,125,50,2.5,200923-1254-14.png
148,131,1.1297709923664123,200923-1254-140.png,75,53,1.4150943396226414,200923-1254-140.png
44,57,0.7719298245614035,200923-1254-141.png,25,19,1.3157894736842106,200923-1254-141.png
44,54,0.8148148148148148,200923-1254-142.png,14,19,0.7368421052631579,200923-1254-142.png
110,67,1.6417910447761195,200923-1254-144.png,61,28,2.1785714285714284,200923-1254-144.png
108,66,1.6363636363636365,200923-1254-145.png,81,22,3.6818181818181817,200923-1254-145.png
132,72,1.8333333333333333,200923-1254-146.png,92,25,3.68,200923-1254-146.png
142,79,1.7974683544303798,200923-1254-147.png,103,28,3.6785714285714284,200923-1254-147.png
62,59,1.0508474576271187,200923-1254-149.png,17,19,0.8947368421052632,200923-1254-149.png
124,94,1.3191489361702127,200923-1254-15.png,50,22,2.272727272727273,200923-1254-15.png
66,54,1.2222222222222223,200923-1254-153.png,14,19,0.7368421052631579,200923-1254-153.png
76,70,1.0857142857142856,200923-1254-156.png,17,25,0.68,200923-1254-156.png
137,90,1.5222222222222221,200923-1254-159.png,50,28,1.7857142857142858,200923-1254-159.png
147,70,2.1,200923-1254-16.png,83,33,2.515151515151515,200923-1254-16.png
79,75,1.0533333333333332,200923-1254-160.png,50,28,1.7857142857142858,200923-1254-160.png
28,54,0.5185185185185185,200923-1254-165.png,14,19,0.7368421052631579,200923-1254-165.png
28,54,0.5185185185185185,200923-1254-166.png,14,19,0.7368421052631579,200923-1254-166.png
50,54,0.9259259259259259,200923-1254-168.png,17,14,1.2142857142857142,200923-1254-168.png
50,54,0.9259259259259259,200923-1254-169.png,14,19,0.7368421052631579,200923-1254-169.png
178,99,1.797979797979798,200923-1254-171.png,56,25,2.24,200923-1254-171.png
255,89,2.865168539325843,200923-1254-173.png,153,28,5.464285714285714,200923-1254-173.png
65,57,1.1403508771929824,200923-1254-179.png,33,28,1.1785714285714286,200923-1254-179.png
366,114,3.210526315789474,200923-1254-18.png,139,31,4.483870967741935,200923-1254-18.png
88,71,1.2394366197183098,200923-1254-182.png,53,28,1.8928571428571428,200923-1254-182.png
114,59,1.9322033898305084,200923-1254-185.png,56,22,2.5454545454545454,200923-1254-185.png
135,96,1.40625,200923-1254-187.png,81,33,2.4545454545454546,200923-1254-187.png
125,68,1.838235294117647,200923-1254-189.png,75,28,2.6785714285714284,200923-1254-189.png
398,114,3.491228070175439,200923-1254-19.png,150,31,4.838709677419355,200923-1254-19.png
156,69,2.260869565217391,200923-1254-190.png,61,28,2.1785714285714284,200923-1254-190.png
69,59,1.1694915254237288,200923-1254-191.png,17,19,0.8947368421052632,200923-1254-191.png
263,58,4.5344827586206895,200923-1254-198.png,136,22,6.181818181818182,200923-1254-198.png
123,61,2.0163934426229506,200923-1254-199.png,103,28,3.6785714285714284,200923-1254-199.png
260,115,2.260869565217391,200923-1254-2.png,119,36,3.3055555555555554,200923-1254-2.png
584,152,3.8421052631578947,200923-1254-20.png,175,44,3.977272727272727,200923-1254-20.png
74,69,1.0724637681159421,200923-1254-202.png,25,25,1.0,200923-1254-202.png
121,66,1.8333333333333333,200923-1254-204.png,92,28,3.2857142857142856,200923-1254-204.png
78,82,0.9512195121951219,200923-1254-206.png,47,36,1.3055555555555556,200923-1254-206.png
84,114,0.7368421052631579,200923-1254-208.png,14,36,0.3888888888888889,200923-1254-208.png
97,72,1.3472222222222223,200923-1254-209.png,17,14,1.2142857142857142,200923-1254-209.png
68,66,1.0303030303030303,200923-1254-21.png,14,19,0.7368421052631579,200923-1254-21.png
155,73,2.1232876712328768,200923-1254-212.png,92,28,3.2857142857142856,200923-1254-212.png
45,54,0.8333333333333334,200923-1254-213.png,14,14,1.0,200923-1254-213.png
90,91,0.989010989010989,200923-1254-214.png,11,25,0.44,200923-1254-214.png
95,66,1.4393939393939394,200923-1254-220.png,44,28,1.5714285714285714,200923-1254-220.png
61,54,1.1296296296296295,200923-1254-221.png,17,14,1.2142857142857142,200923-1254-221.png
77,71,1.0845070422535212,200923-1254-222.png,36,19,1.894736842105263,200923-1254-222.png
275,76,3.6184210526315788,200923-1254-224.png,158,22,7.181818181818182,200923-1254-224.png
159,112,1.4196428571428572,200923-1254-226.png,53,25,2.12,200923-1254-226.png
151,157,0.9617834394904459,200923-1254-228.png,33,33,1.0,200923-1254-228.png
170,115,1.4782608695652173,200923-1254-229.png,31,22,1.4090909090909092,200923-1254-229.png
208,86,2.4186046511627906,200923-1254-23.png,78,25,3.12,200923-1254-23.png
330,130,2.5384615384615383,200923-1254-230.png,106,36,2.9444444444444446,200923-1254-230.png
142,82,1.7317073170731707,200923-1254-231.png,83,33,2.515151515151515,200923-1254-231.png
134,78,1.7179487179487178,200923-1254-238.png,64,28,2.2857142857142856,200923-1254-238.png
186,117,1.5897435897435896,200923-1254-239.png,31,25,1.24,200923-1254-239.png
425,106,4.009433962264151,200923-1254-24.png,219,36,6.083333333333333,200923-1254-24.png
310,140,2.2142857142857144,200923-1254-240.png,78,44,1.7727272727272727,200923-1254-240.png
184,88,2.090909090909091,200923-1254-241.png,50,31,1.6129032258064515,200923-1254-241.png
43,54,0.7962962962962963,200923-1254-242.png,14,19,0.7368421052631579,200923-1254-242.png
28,54,0.5185185185185185,200923-1254-243.png,14,19,0.7368421052631579,200923-1254-243.png
134,77,1.7402597402597402,200923-1254-245.png,50,28,1.7857142857142858,200923-1254-245.png
303,76,3.986842105263158,200923-1254-249.png,106,28,3.7857142857142856,200923-1254-249.png
73,56,1.3035714285714286,200923-1254-250.png,28,19,1.4736842105263157,200923-1254-250.png
70,62,1.1290322580645162,200923-1254-251.png,39,28,1.3928571428571428,200923-1254-251.png
185,197,0.9390862944162437,200923-1254-252.png,69,72,0.9583333333333334,200923-1254-252.png
43,54,0.7962962962962963,200923-1254-253.png,17,25,0.68,200923-1254-253.png
61,54,1.1296296296296295,200923-1254-254.png,17,14,1.2142857142857142,200923-1254-254.png
122,73,1.6712328767123288,200923-1254-256.png,69,28,2.4642857142857144,200923-1254-256.png
118,152,0.7763157894736842,200923-1254-260.png,28,36,0.7777777777777778,200923-1254-260.png
157,86,1.8255813953488371,200923-1254-261.png,42,28,1.5,200923-1254-261.png
52,54,0.9629629629629629,200923-1254-263.png,14,19,0.7368421052631579,200923-1254-263.png
116,58,2.0,200923-1254-264.png,28,19,1.4736842105263157,200923-1254-264.png
51,54,0.9444444444444444,200923-1254-265.png,14,19,0.7368421052631579,200923-1254-265.png
73,54,1.3518518518518519,200923-1254-268.png,22,19,1.1578947368421053,200923-1254-268.png
126,70,1.8,200923-1254-269.png,25,19,1.3157894736842106,200923-1254-269.png
294,69,4.260869565217392,200923-1254-27.png,150,28,5.357142857142857,200923-1254-27.png
65,68,0.9558823529411765,200923-1254-272.png,14,19,0.7368421052631579,200923-1254-272.png
76,57,1.3333333333333333,200923-1254-273.png,28,19,1.4736842105263157,200923-1254-273.png
162,81,2.0,200923-1254-274.png,50,28,1.7857142857142858,200923-1254-274.png
167,70,2.3857142857142857,200923-1254-276.png,106,28,3.7857142857142856,200923-1254-276.png
115,98,1.1734693877551021,200923-1254-282.png,36,19,1.894736842105263,200923-1254-282.png
79,122,0.6475409836065574,200923-1254-283.png,8,19,0.42105263157894735,200923-1254-283.png
114,77,1.4805194805194806,200923-1254-284.png,39,22,1.7727272727272727,200923-1254-284.png
62,66,0.9393939393939394,200923-1254-287.png,33,28,1.1785714285714286,200923-1254-287.png
84,67,1.2537313432835822,200923-1254-293.png,47,28,1.6785714285714286,200923-1254-293.png
277,170,1.6294117647058823,200923-1254-295.png,78,22,3.5454545454545454,200923-1254-295.png
45,54,0.8333333333333334,200923-1254-296.png,14,14,1.0,200923-1254-296.png
53,65,0.8153846153846154,200923-1254-299.png,28,28,1.0,200923-1254-299.png
425,161,2.639751552795031,200923-1254-30.png,136,39,3.4871794871794872,200923-1254-30.png
92,76,1.2105263157894737,200923-1254-300.png,97,28,3.4642857142857144,200923-1254-300.png
154,82,1.8780487804878048,200923-1254-301.png,86,28,3.0714285714285716,200923-1254-301.png
49,54,0.9074074074074074,200923-1254-302.png,11,19,0.5789473684210527,200923-1254-302.png
51,108,0.4722222222222222,200923-1254-303.png,8,19,0.42105263157894735,200923-1254-303.png
157,80,1.9625,200923-1254-305.png,103,33,3.121212121212121,200923-1254-305.png
66,63,1.0476190476190477,200923-1254-306.png,53,33,1.606060606060606,200923-1254-306.png
189,90,2.1,200923-1254-309.png,94,28,3.357142857142857,200923-1254-309.png
424,150,2.8266666666666667,200923-1254-31.png,136,39,3.4871794871794872,200923-1254-31.png
92,113,0.8141592920353983,200923-1254-311.png,22,36,0.6111111111111112,200923-1254-311.png
84,55,1.5272727272727273,200923-1254-315.png,36,19,1.894736842105263,200923-1254-315.png
111,122,0.9098360655737705,200923-1254-319.png,53,44,1.2045454545454546,200923-1254-319.png
480,94,5.1063829787234045,200923-1254-32.png,200,25,8.0,200923-1254-32.png
66,68,0.9705882352941176,200923-1254-320.png,25,25,1.0,200923-1254-320.png
242,66,3.6666666666666665,200923-1254-321.png,169,28,6.035714285714286,200923-1254-321.png
170,90,1.8888888888888888,200923-1254-323.png,81,33,2.4545454545454546,200923-1254-323.png
104,69,1.5072463768115942,200923-1254-324.png,83,28,2.9642857142857144,200923-1254-324.png
268,110,2.4363636363636365,200923-1254-326.png,108,31,3.4838709677419355,200923-1254-326.png
131,80,1.6375,200923-1254-327.png,69,22,3.1363636363636362,200923-1254-327.png
92,73,1.2602739726027397,200923-1254-33.png,36,19,1.894736842105263,200923-1254-33.png
145,196,0.7397959183673469,200923-1254-330.png,64,75,0.8533333333333334,200923-1254-330.png
58,54,1.0740740740740742,200923-1254-332.png,14,14,1.0,200923-1254-332.png
63,54,1.1666666666666667,200923-1254-333.png,25,14,1.7857142857142858,200923-1254-333.png
48,54,0.8888888888888888,200923-1254-334.png,22,19,1.1578947368421053,200923-1254-334.png
158,80,1.975,200923-1254-335.png,92,22,4.181818181818182,200923-1254-335.png
209,110,1.9,200923-1254-336.png,100,67,1.492537313432836,200923-1254-336.png
74,69,1.0724637681159421,200923-1254-337.png,86,28,3.0714285714285716,200923-1254-337.png
97,89,1.0898876404494382,200923-1254-339.png,14,19,0.7368421052631579,200923-1254-339.png
114,75,1.52,200923-1254-34.png,31,22,1.4090909090909092,200923-1254-34.png
39,54,0.7222222222222222,200923-1254-340.png,17,19,0.8947368421052632,200923-1254-340.png
186,173,1.0751445086705202,200923-1254-343.png,103,89,1.1573033707865168,200923-1254-343.png
193,90,2.1444444444444444,200923-1254-344.png,122,69,1.7681159420289856,200923-1254-344.png
112,72,1.5555555555555556,200923-1254-346.png,11,19,0.5789473684210527,200923-1254-346.png
126,85,1.4823529411764707,200923-1254-347.png,56,25,2.24,200923-1254-347.png
72,85,0.8470588235294118,200923-1254-35.png,28,25,1.12,200923-1254-35.png
104,73,1.4246575342465753,200923-1254-352.png,50,28,1.7857142857142858,200923-1254-352.png
128,92,1.391304347826087,200923-1254-353.png,47,19,2.473684210526316,200923-1254-353.png
179,88,2.034090909090909,200923-1254-354.png,75,28,2.6785714285714284,200923-1254-354.png
110,73,1.5068493150684932,200923-1254-355.png,36,22,1.6363636363636365,200923-1254-355.png
225,83,2.710843373493976,200923-1254-356.png,83,28,2.9642857142857144,200923-1254-356.png
180,76,2.3684210526315788,200923-1254-357.png,125,33,3.787878787878788,200923-1254-357.png
175,107,1.6355140186915889,200923-1254-359.png,81,25,3.24,200923-1254-359.png
57,54,1.0555555555555556,200923-1254-360.png,14,19,0.7368421052631579,200923-1254-360.png
121,72,1.6805555555555556,200923-1254-361.png,64,31,2.064516129032258,200923-1254-361.png
52,70,0.7428571428571429,200923-1254-366.png,25,19,1.3157894736842106,200923-1254-366.png
272,90,3.022222222222222,200923-1254-37.png,103,25,4.12,200923-1254-37.png
155,85,1.8235294117647058,200923-1254-370.png,86,25,3.44,200923-1254-370.png
86,58,1.4827586206896552,200923-1254-376.png,36,19,1.894736842105263,200923-1254-376.png
78,56,1.3928571428571428,200923-1254-377.png,36,19,1.894736842105263,200923-1254-377.png
109,65,1.676923076923077,200923-1254-378.png,50,19,2.6315789473684212,200923-1254-378.png
257,147,1.748299319727891,200923-1254-38.png,58,33,1.7575757575757576,200923-1254-38.png
56,63,0.8888888888888888,200923-1254-380.png,25,19,1.3157894736842106,200923-1254-380.png
109,67,1.626865671641791,200923-1254-39.png,61,28,2.1785714285714284,200923-1254-39.png
50,66,0.7575757575757576,200923-1254-4.png,22,19,1.1578947368421053,200923-1254-4.png
271,140,1.9357142857142857,200923-1254-40.png,58,39,1.4871794871794872,200923-1254-40.png
50,58,0.8620689655172413,200923-1254-41.png,25,19,1.3157894736842106,200923-1254-41.png
222,123,1.8048780487804879,200923-1254-42.png,78,33,2.3636363636363638,200923-1254-42.png
211,140,1.5071428571428571,200923-1254-43.png,50,39,1.2820512820512822,200923-1254-43.png
311,110,2.827272727272727,200923-1254-44.png,147,39,3.769230769230769,200923-1254-44.png
95,82,1.1585365853658536,200923-1254-46.png,39,25,1.56,200923-1254-46.png
267,100,2.67,200923-1254-48.png,128,33,3.878787878787879,200923-1254-48.png
231,69,3.347826086956522,200923-1254-49.png,122,28,4.357142857142857,200923-1254-49.png
102,68,1.5,200923-1254-52.png,36,19,1.894736842105263,200923-1254-52.png
149,84,1.7738095238095237,200923-1254-53.png,97,31,3.129032258064516,200923-1254-53.png
241,87,2.7701149425287355,200923-1254-54.png,147,31,4.741935483870968,200923-1254-54.png
249,138,1.8043478260869565,200923-1254-55.png,86,39,2.2051282051282053,200923-1254-55.png
213,69,3.0869565217391304,200923-1254-56.png,122,28,4.357142857142857,200923-1254-56.png
121,68,1.7794117647058822,200923-1254-57.png,81,28,2.892857142857143,200923-1254-57.png
334,145,2.303448275862069,200923-1254-6.png,206,67,3.074626865671642,200923-1254-6.png
144,102,1.411764705882353,200923-1254-60.png,44,22,2.0,200923-1254-60.png
381,94,4.053191489361702,200923-1254-61.png,297,25,11.88,200923-1254-61.png
105,63,1.6666666666666667,200923-1254-64.png,56,28,2.0,200923-1254-64.png
122,69,1.7681159420289856,200923-1254-65.png,100,28,3.5714285714285716,200923-1254-65.png
241,83,2.9036144578313254,200923-1254-67.png,131,31,4.225806451612903,200923-1254-67.png
293,92,3.1847826086956523,200923-1254-68.png,147,31,4.741935483870968,200923-1254-68.png
192,91,2.10989010989011,200923-1254-7.png,142,47,3.021276595744681,200923-1254-7.png
308,103,2.9902912621359223,200923-1254-70.png,133,28,4.75,200923-1254-70.png
247,92,2.6847826086956523,200923-1254-72.png,264,67,3.9402985074626864,200923-1254-72.png
169,122,1.3852459016393444,200923-1254-73.png,44,36,1.2222222222222223,200923-1254-73.png
138,137,1.0072992700729928,200923-1254-74.png,44,25,1.76,200923-1254-74.png
154,71,2.1690140845070425,200923-1254-77.png,144,28,5.142857142857143,200923-1254-77.png
247,332,0.7439759036144579,200923-1254-78.png,36,56,0.6428571428571429,200923-1254-78.png
315,253,1.2450592885375493,200923-1254-79.png,36,67,0.5373134328358209,200923-1254-79.png
175,128,1.3671875,200923-1254-80.png,78,28,2.7857142857142856,200923-1254-80.png
186,70,2.657142857142857,200923-1254-83.png,111,33,3.3636363636363638,200923-1254-83.png
254,197,1.2893401015228427,200923-1254-84.png,78,44,1.7727272727272727,200923-1254-84.png
148,115,1.2869565217391303,200923-1254-85.png,97,67,1.4477611940298507,200923-1254-85.png
104,67,1.5522388059701493,200923-1254-87.png,69,28,2.4642857142857144,200923-1254-87.png
199,79,2.518987341772152,200923-1254-88.png,164,28,5.857142857142857,200923-1254-88.png
104,91,1.1428571428571428,200923-1254-94.png,36,25,1.44,200923-1254-94.png
190,71,2.676056338028169,200923-1254-99.png,131,28,4.678571428571429,200923-1254-99.png
444,79,5.620253164556962,200923-131-0.png,256,33,7.757575757575758,200923-131-0.png
445,141,3.1560283687943262,200923-131-1.png,139,67,2.074626865671642,200923-131-1.png
530,134,3.955223880597015,200923-131-10.png,283,58,4.879310344827586,200923-131-10.png
85,66,1.2878787878787878,200923-131-100.png,36,19,1.894736842105263,200923-131-100.png
86,77,1.1168831168831168,200923-131-101.png,28,17,1.6470588235294117,200923-131-101.png
149,136,1.0955882352941178,200923-131-102.png,47,25,1.88,200923-131-102.png
112,110,1.018181818181818,200923-131-106.png,61,50,1.22,200923-131-106.png
91,73,1.2465753424657535,200923-131-107.png,17,14,1.2142857142857142,200923-131-107.png
256,72,3.5555555555555554,200923-131-108.png,81,19,4.2631578947368425,200923-131-108.png
64,94,0.6808510638297872,200923-131-109.png,25,25,1.0,200923-131-109.png
131,70,1.8714285714285714,200923-131-11.png,100,28,3.5714285714285716,200923-131-11.png
119,78,1.5256410256410255,200923-131-110.png,83,33,2.515151515151515,200923-131-110.png
168,62,2.7096774193548385,200923-131-111.png,97,28,3.4642857142857144,200923-131-111.png
95,80,1.1875,200923-131-113.png,44,25,1.76,200923-131-113.png
73,86,0.8488372093023255,200923-131-114.png,39,25,1.56,200923-131-114.png
71,58,1.2241379310344827,200923-131-116.png,25,28,0.8928571428571429,200923-131-116.png
237,88,2.6931818181818183,200923-131-117.png,136,33,4.121212121212121,200923-131-117.png
49,123,0.3983739837398374,200923-131-118.png,8,19,0.42105263157894735,200923-131-118.png
54,54,1.0,200923-131-119.png,14,14,1.0,200923-131-119.png
86,84,1.0238095238095237,200923-131-124.png,22,17,1.2941176470588236,200923-131-124.png
225,116,1.9396551724137931,200923-131-125.png,111,28,3.9642857142857144,200923-131-125.png
43,54,0.7962962962962963,200923-131-126.png,14,19,0.7368421052631579,200923-131-126.png
86,58,1.4827586206896552,200923-131-127.png,36,19,1.894736842105263,200923-131-127.png
112,65,1.7230769230769232,200923-131-128.png,58,28,2.0714285714285716,200923-131-128.png
200,141,1.4184397163120568,200923-131-129.png,67,42,1.5952380952380953,200923-131-129.png
315,98,3.2142857142857144,200923-131-13.png,172,33,5.212121212121212,200923-131-13.png
73,54,1.3518518518518519,200923-131-130.png,14,14,1.0,200923-131-130.png
55,77,0.7142857142857143,200923-131-131.png,11,19,0.5789473684210527,200923-131-131.png
238,74,3.2162162162162162,200923-131-132.png,136,28,4.857142857142857,200923-131-132.png
88,76,1.1578947368421053,200923-131-133.png,47,28,1.6785714285714286,200923-131-133.png
254,95,2.6736842105263157,200923-131-134.png,164,33,4.96969696969697,200923-131-134.png
213,87,2.4482758620689653,200923-131-135.png,100,28,3.5714285714285716,200923-131-135.png
188,158,1.1898734177215189,200923-131-136.png,31,33,0.9393939393939394,200923-131-136.png
235,118,1.9915254237288136,200923-131-14.png,125,50,2.5,200923-131-14.png
119,68,1.75,200923-131-141.png,50,19,2.6315789473684212,200923-131-141.png
71,54,1.3148148148148149,200923-131-142.png,17,14,1.2142857142857142,200923-131-142.png
312,217,1.4377880184331797,200923-131-147.png,28,33,0.8484848484848485,200923-131-147.png
140,77,1.8181818181818181,200923-131-148.png,69,22,3.1363636363636362,200923-131-148.png
71,62,1.1451612903225807,200923-131-150.png,36,19,1.894736842105263,200923-131-150.png
156,147,1.0612244897959184,200923-131-151.png,33,39,0.8461538461538461,200923-131-151.png
323,155,2.0838709677419356,200923-131-153.png,131,72,1.8194444444444444,200923-131-153.png
123,64,1.921875,200923-131-154.png,56,28,2.0,200923-131-154.png
146,99,1.4747474747474747,200923-131-156.png,39,19,2.0526315789473686,200923-131-156.png
88,55,1.6,200923-131-157.png,47,22,2.1363636363636362,200923-131-157.png
112,73,1.5342465753424657,200923-131-159.png,42,28,1.5,200923-131-159.png
79,62,1.2741935483870968,200923-131-160.png,33,19,1.736842105263158,200923-131-160.png
189,68,2.7794117647058822,200923-131-164.png,106,28,3.7857142857142856,200923-131-164.png
39,54,0.7222222222222222,200923-131-167.png,14,19,0.7368421052631579,200923-131-167.png
78,76,1.0263157894736843,200923-131-168.png,33,19,1.736842105263158,200923-131-168.png
148,112,1.3214285714285714,200923-131-169.png,114,36,3.1666666666666665,200923-131-169.png
164,102,1.607843137254902,200923-131-17.png,92,36,2.5555555555555554,200923-131-17.png
208,129,1.6124031007751938,200923-131-171.png,103,75,1.3733333333333333,200923-131-171.png
81,69,1.173913043478261,200923-131-172.png,53,33,1.606060606060606,200923-131-172.png
194,155,1.2516129032258065,200923-131-173.png,36,19,1.894736842105263,200923-131-173.png
258,72,3.5833333333333335,200923-131-179.png,169,25,6.76,200923-131-179.png
347,114,3.043859649122807,200923-131-18.png,139,31,4.483870967741935,200923-131-18.png
154,84,1.8333333333333333,200923-131-180.png,50,28,1.7857142857142858,200923-131-180.png
138,81,1.7037037037037037,200923-131-182.png,106,33,3.212121212121212,200923-131-182.png
27,54,0.5,200923-131-185.png,14,19,0.7368421052631579,200923-131-185.png
71,74,0.9594594594594594,200923-131-186.png,14,19,0.7368421052631579,200923-131-186.png
57,54,1.0555555555555556,200923-131-189.png,17,14,1.2142857142857142,200923-131-189.png
333,101,3.297029702970297,200923-131-19.png,150,31,4.838709677419355,200923-131-19.png
36,54,0.6666666666666666,200923-131-190.png,14,19,0.7368421052631579,200923-131-190.png
256,146,1.7534246575342465,200923-131-192.png,53,25,2.12,200923-131-192.png
87,63,1.380952380952381,200923-131-193.png,64,28,2.2857142857142856,200923-131-193.png
38,54,0.7037037037037037,200923-131-197.png,17,25,0.68,200923-131-197.png
182,103,1.766990291262136,200923-131-198.png,92,36,2.5555555555555554,200923-131-198.png
216,122,1.7704918032786885,200923-131-2.png,119,36,3.3055555555555554,200923-131-2.png
107,156,0.6858974358974359,200923-131-201.png,17,36,0.4722222222222222,200923-131-201.png
103,76,1.355263157894737,200923-131-202.png,50,25,2.0,200923-131-202.png
194,115,1.6869565217391305,200923-131-206.png,111,47,2.3617021276595747,200923-131-206.png
250,72,3.4722222222222223,200923-131-207.png,106,28,3.7857142857142856,200923-131-207.png
62,64,0.96875,200923-131-211.png,33,28,1.1785714285714286,200923-131-211.png
39,90,0.43333333333333335,200923-131-213.png,11,25,0.44,200923-131-213.png
48,65,0.7384615384615385,200923-131-214.png,22,19,1.1578947368421053,200923-131-214.png
181,70,2.585714285714286,200923-131-216.png,67,19,3.526315789473684,200923-131-216.png
54,54,1.0,200923-131-219.png,36,19,1.894736842105263,200923-131-219.png
141,68,2.073529411764706,200923-131-22.png,86,22,3.909090909090909,200923-131-22.png
94,66,1.4242424242424243,200923-131-220.png,53,19,2.789473684210526,200923-131-220.png
144,96,1.5,200923-131-223.png,111,33,3.3636363636363638,200923-131-223.png
80,73,1.095890410958904,200923-131-224.png,42,28,1.5,200923-131-224.png
72,66,1.0909090909090908,200923-131-225.png,31,28,1.1071428571428572,200923-131-225.png
72,72,1.0,200923-131-227.png,28,22,1.2727272727272727,200923-131-227.png
162,90,1.8,200923-131-230.png,100,31,3.225806451612903,200923-131-230.png
152,72,2.111111111111111,200923-131-231.png,100,28,3.5714285714285716,200923-131-231.png
47,54,0.8703703703703703,200923-131-233.png,25,19,1.3157894736842106,200923-131-233.png
53,76,0.6973684210526315,200923-131-234.png,11,19,0.5789473684210527,200923-131-234.png
84,70,1.2,200923-131-235.png,17,14,1.2142857142857142,200923-131-235.png
184,126,1.4603174603174602,200923-131-236.png,81,33,2.4545454545454546,200923-131-236.png
147,94,1.5638297872340425,200923-131-238.png,36,19,1.894736842105263,200923-131-238.png
89,59,1.5084745762711864,200923-131-239.png,36,19,1.894736842105263,200923-131-239.png
361,102,3.5392156862745097,200923-131-24.png,219,36,6.083333333333333,200923-131-24.png
57,54,1.0555555555555556,200923-131-242.png,17,14,1.2142857142857142,200923-131-242.png
38,54,0.7037037037037037,200923-131-243.png,17,19,0.8947368421052632,200923-131-243.png
68,59,1.152542372881356,200923-131-245.png,36,19,1.894736842105263,200923-131-245.png
116,54,2.1481481481481484,200923-131-246.png,75,22,3.409090909090909,200923-131-246.png
72,56,1.2857142857142858,200923-131-247.png,31,28,1.1071428571428572,200923-131-247.png
214,114,1.8771929824561404,200923-131-248.png,92,31,2.967741935483871,200923-131-248.png
210,154,1.3636363636363635,200923-131-249.png,47,22,2.1363636363636362,200923-131-249.png
66,62,1.064516129032258,200923-131-252.png,42,28,1.5,200923-131-252.png
117,66,1.7727272727272727,200923-131-253.png,75,31,2.4193548387096775,200923-131-253.png
51,65,0.7846153846153846,200923-131-254.png,22,19,1.1578947368421053,200923-131-254.png
78,68,1.1470588235294117,200923-131-255.png,36,19,1.894736842105263,200923-131-255.png
106,75,1.4133333333333333,200923-131-257.png,67,25,2.68,200923-131-257.png
134,68,1.9705882352941178,200923-131-258.png,75,33,2.272727272727273,200923-131-258.png
298,137,2.1751824817518246,200923-131-26.png,108,39,2.769230769230769,200923-131-26.png
122,125,0.976,200923-131-260.png,33,44,0.75,200923-131-260.png
63,54,1.1666666666666667,200923-131-261.png,14,14,1.0,200923-131-261.png
210,89,2.359550561797753,200923-131-262.png,150,33,4.545454545454546,200923-131-262.png
69,74,0.9324324324324325,200923-131-263.png,14,19,0.7368421052631579,200923-131-263.png
54,54,1.0,200923-131-264.png,14,19,0.7368421052631579,200923-131-264.png
77,57,1.3508771929824561,200923-131-265.png,28,19,1.4736842105263157,200923-131-265.png
135,78,1.7307692307692308,200923-131-266.png,47,28,1.6785714285714286,200923-131-266.png
35,64,0.546875,200923-131-267.png,11,25,0.44,200923-131-267.png
213,172,1.2383720930232558,200923-131-268.png,33,33,1.0,200923-131-268.png
81,54,1.5,200923-131-269.png,17,14,1.2142857142857142,200923-131-269.png
180,132,1.3636363636363635,200923-131-27.png,72,25,2.88,200923-131-27.png
91,68,1.338235294117647,200923-131-271.png,56,28,2.0,200923-131-271.png
170,84,2.0238095238095237,200923-131-272.png,119,28,4.25,200923-131-272.png
215,117,1.8376068376068375,200923-131-273.png,114,53,2.150943396226415,200923-131-273.png
182,100,1.82,200923-131-276.png,133,33,4.03030303030303,200923-131-276.png
123,76,1.618421052631579,200923-131-279.png,111,28,3.9642857142857144,200923-131-279.png
40,54,0.7407407407407407,200923-131-28.png,14,19,0.7368421052631579,200923-131-28.png
67,73,0.9178082191780822,200923-131-280.png,36,19,1.894736842105263,200923-131-280.png
75,71,1.056338028169014,200923-131-281.png,31,17,1.8235294117647058,200923-131-281.png
60,66,0.9090909090909091,200923-131-282.png,33,25,1.32,200923-131-282.png
87,59,1.4745762711864407,200923-131-287.png,28,14,2.0,200923-131-287.png
66,78,0.8461538461538461,200923-131-289.png,14,19,0.7368421052631579,200923-131-289.png
43,54,0.7962962962962963,200923-131-29.png,14,19,0.7368421052631579,200923-131-29.png
164,75,2.1866666666666665,200923-131-290.png,56,19,2.9473684210526314,200923-131-290.png
104,68,1.5294117647058822,200923-131-291.png,50,28,1.7857142857142858,200923-131-291.png
133,85,1.5647058823529412,200923-131-292.png,72,28,2.5714285714285716,200923-131-292.png
95,67,1.4179104477611941,200923-131-294.png,17,14,1.2142857142857142,200923-131-294.png
53,54,0.9814814814814815,200923-131-295.png,14,14,1.0,200923-131-295.png
58,61,0.9508196721311475,200923-131-298.png,42,28,1.5,200923-131-298.png
409,154,2.655844155844156,200923-131-30.png,136,39,3.4871794871794872,200923-131-30.png
280,105,2.6666666666666665,200923-131-300.png,117,36,3.25,200923-131-300.png
231,161,1.434782608695652,200923-131-302.png,119,69,1.7246376811594204,200923-131-302.png
40,67,0.5970149253731343,200923-131-303.png,14,19,0.7368421052631579,200923-131-303.png
39,54,0.7222222222222222,200923-131-304.png,14,14,1.0,200923-131-304.png
62,54,1.1481481481481481,200923-131-307.png,28,19,1.4736842105263157,200923-131-307.png
112,75,1.4933333333333334,200923-131-308.png,53,28,1.8928571428571428,200923-131-308.png
39,54,0.7222222222222222,200923-131-309.png,17,25,0.68,200923-131-309.png
455,176,2.585227272727273,200923-131-31.png,136,39,3.4871794871794872,200923-131-31.png
54,54,1.0,200923-131-310.png,31,19,1.631578947368421,200923-131-310.png
40,54,0.7407407407407407,200923-131-311.png,14,14,1.0,200923-131-311.png
177,113,1.5663716814159292,200923-131-313.png,128,33,3.878787878787879,200923-131-313.png
58,76,0.7631578947368421,200923-131-316.png,11,19,0.5789473684210527,200923-131-316.png
32,110,0.2909090909090909,200923-131-317.png,8,19,0.42105263157894735,200923-131-317.png
476,88,5.409090909090909,200923-131-32.png,200,25,8.0,200923-131-32.png
118,75,1.5733333333333333,200923-131-320.png,69,22,3.1363636363636362,200923-131-320.png
93,66,1.4090909090909092,200923-131-321.png,64,33,1.9393939393939394,200923-131-321.png
37,64,0.578125,200923-131-323.png,11,25,0.44,200923-131-323.png
38,69,0.5507246376811594,200923-131-324.png,11,25,0.44,200923-131-324.png
58,54,1.0740740740740742,200923-131-325.png,25,14,1.7857142857142858,200923-131-325.png
136,80,1.7,200923-131-326.png,69,25,2.76,200923-131-326.png
119,95,1.2526315789473683,200923-131-328.png,78,33,2.3636363636363638,200923-131-328.png
74,59,1.2542372881355932,200923-131-33.png,28,19,1.4736842105263157,200923-131-33.png
69,78,0.8846153846153846,200923-131-335.png,39,28,1.3928571428571428,200923-131-335.png
158,100,1.58,200923-131-339.png,83,28,2.9642857142857144,200923-131-339.png
64,54,1.1851851851851851,200923-131-341.png,14,14,1.0,200923-131-341.png
88,69,1.2753623188405796,200923-131-343.png,17,14,1.2142857142857142,200923-131-343.png
110,79,1.3924050632911393,200923-131-344.png,69,22,3.1363636363636362,200923-131-344.png
92,76,1.2105263157894737,200923-131-345.png,53,31,1.7096774193548387,200923-131-345.png
108,79,1.3670886075949367,200923-131-346.png,56,33,1.696969696969697,200923-131-346.png
144,183,0.7868852459016393,200923-131-347.png,67,75,0.8933333333333333,200923-131-347.png
50,54,0.9259259259259259,200923-131-349.png,14,14,1.0,200923-131-349.png
63,54,1.1666666666666667,200923-131-350.png,25,14,1.7857142857142858,200923-131-350.png
112,95,1.1789473684210525,200923-131-352.png,36,19,1.894736842105263,200923-131-352.png
41,54,0.7592592592592593,200923-131-356.png,17,25,0.68,200923-131-356.png
55,68,0.8088235294117647,200923-131-357.png,22,25,0.88,200923-131-357.png
433,149,2.9060402684563758,200923-131-36.png,147,39,3.769230769230769,200923-131-36.png
42,54,0.7777777777777778,200923-131-360.png,17,14,1.2142857142857142,200923-131-360.png
39,67,0.582089552238806,200923-131-361.png,11,25,0.44,200923-131-361.png
255,73,3.493150684931507,200923-131-37.png,103,25,4.12,200923-131-37.png
207,120,1.725,200923-131-38.png,58,33,1.7575757575757576,200923-131-38.png
184,120,1.5333333333333334,200923-131-41.png,72,36,2.0,200923-131-41.png
192,104,1.8461538461538463,200923-131-42.png,78,33,2.3636363636363638,200923-131-42.png
185,142,1.3028169014084507,200923-131-43.png,50,39,1.2820512820512822,200923-131-43.png
276,102,2.7058823529411766,200923-131-44.png,147,39,3.769230769230769,200923-131-44.png
151,161,0.937888198757764,200923-131-45.png,28,36,0.7777777777777778,200923-131-45.png
84,88,0.9545454545454546,200923-131-46.png,19,19,1.0,200923-131-46.png
259,93,2.78494623655914,200923-131-48.png,128,33,3.878787878787879,200923-131-48.png
138,72,1.9166666666666667,200923-131-51.png,56,28,2.0,200923-131-51.png
78,68,1.1470588235294117,200923-131-53.png,17,14,1.2142857142857142,200923-131-53.png
234,94,2.4893617021276597,200923-131-54.png,147,31,4.741935483870968,200923-131-54.png
262,148,1.7702702702702702,200923-131-55.png,86,39,2.2051282051282053,200923-131-55.png
228,101,2.257425742574257,200923-131-56.png,122,28,4.357142857142857,200923-131-56.png
78,80,0.975,200923-131-57.png,36,36,1.0,200923-131-57.png
64,72,0.8888888888888888,200923-131-58.png,47,28,1.6785714285714286,200923-131-58.png
367,160,2.29375,200923-131-6.png,206,67,3.074626865671642,200923-131-6.png
157,120,1.3083333333333333,200923-131-60.png,44,22,2.0,200923-131-60.png
483,98,4.928571428571429,200923-131-61.png,297,25,11.88,200923-131-61.png
35,54,0.6481481481481481,200923-131-63.png,14,19,0.7368421052631579,200923-131-63.png
229,100,2.29,200923-131-67.png,131,31,4.225806451612903,200923-131-67.png
56,76,0.7368421052631579,200923-131-69.png,22,19,1.1578947368421053,200923-131-69.png
199,93,2.139784946236559,200923-131-7.png,142,47,3.021276595744681,200923-131-7.png
71,75,0.9466666666666667,200923-131-70.png,36,19,1.894736842105263,200923-131-70.png
46,57,0.8070175438596491,200923-131-74.png,25,19,1.3157894736842106,200923-131-74.png
93,64,1.453125,200923-131-75.png,44,19,2.3157894736842106,200923-131-75.png
113,54,2.0925925925925926,200923-131-78.png,81,22,3.6818181818181817,200923-131-78.png
250,178,1.404494382022472,200923-131-80.png,47,33,1.4242424242424243,200923-131-80.png
45,57,0.7894736842105263,200923-131-81.png,25,19,1.3157894736842106,200923-131-81.png
28,77,0.36363636363636365,200923-131-82.png,8,19,0.42105263157894735,200923-131-82.png
228,66,3.4545454545454546,200923-131-83.png,125,28,4.464285714285714,200923-131-83.png
87,68,1.2794117647058822,200923-131-87.png,36,19,1.894736842105263,200923-131-87.png
120,65,1.8461538461538463,200923-131-88.png,50,19,2.6315789473684212,200923-131-88.png
70,64,1.09375,200923-131-93.png,47,28,1.6785714285714286,200923-131-93.png
460,79,5.822784810126582,200923-1553-0.png,256,33,7.757575757575758,200923-1553-0.png
317,116,2.7327586206896552,200923-1553-1.png,139,67,2.074626865671642,200923-1553-1.png
159,92,1.7282608695652173,200923-1553-10.png,111,31,3.5806451612903225,200923-1553-10.png
103,70,1.4714285714285715,200923-1553-100.png,53,19,2.789473684210526,200923-1553-100.png
73,58,1.2586206896551724,200923-1553-101.png,44,19,2.3157894736842106,200923-1553-101.png
261,91,2.868131868131868,200923-1553-107.png,122,28,4.357142857142857,200923-1553-107.png
151,81,1.8641975308641976,200923-1553-108.png,78,28,2.7857142857142856,200923-1553-108.png
82,71,1.1549295774647887,200923-1553-11.png,28,19,1.4736842105263157,200923-1553-11.png
228,97,2.350515463917526,200923-1553-111.png,133,33,4.03030303030303,200923-1553-111.png
93,72,1.2916666666666667,200923-1553-113.png,61,28,2.1785714285714284,200923-1553-113.png
72,54,1.3333333333333333,200923-1553-115.png,53,22,2.409090909090909,200923-1553-115.png
27,54,0.5,200923-1553-117.png,14,19,0.7368421052631579,200923-1553-117.png
212,102,2.0784313725490198,200923-1553-12.png,128,67,1.9104477611940298,200923-1553-12.png
40,54,0.7407407407407407,200923-1553-122.png,14,19,0.7368421052631579,200923-1553-122.png
258,81,3.185185185185185,200923-1553-123.png,164,28,5.857142857142857,200923-1553-123.png
38,54,0.7037037037037037,200923-1553-124.png,11,19,0.5789473684210527,200923-1553-124.png
59,63,0.9365079365079365,200923-1553-125.png,31,19,1.631578947368421,200923-1553-125.png
98,69,1.4202898550724639,200923-1553-126.png,56,19,2.9473684210526314,200923-1553-126.png
195,84,2.3214285714285716,200923-1553-13.png,172,33,5.212121212121212,200923-1553-13.png
43,54,0.7962962962962963,200923-1553-130.png,11,19,0.5789473684210527,200923-1553-130.png
112,57,1.9649122807017543,200923-1553-131.png,69,22,3.1363636363636362,200923-1553-131.png
81,74,1.0945945945945945,200923-1553-133.png,33,28,1.1785714285714286,200923-1553-133.png
108,61,1.7704918032786885,200923-1553-139.png,72,22,3.272727272727273,200923-1553-139.png
209,110,1.9,200923-1553-14.png,125,50,2.5,200923-1553-14.png
209,75,2.7866666666666666,200923-1553-140.png,106,28,3.7857142857142856,200923-1553-140.png
114,67,1.7014925373134329,200923-1553-142.png,69,33,2.090909090909091,200923-1553-142.png
29,54,0.5370370370370371,200923-1553-144.png,8,19,0.42105263157894735,200923-1553-144.png
53,54,0.9814814814814815,200923-1553-145.png,19,14,1.3571428571428572,200923-1553-145.png
73,60,1.2166666666666666,200923-1553-148.png,36,19,1.894736842105263,200923-1553-148.png
155,98,1.5816326530612246,200923-1553-15.png,108,33,3.272727272727273,200923-1553-15.png
55,61,0.9016393442622951,200923-1553-150.png,17,19,0.8947368421052632,200923-1553-150.png
68,54,1.2592592592592593,200923-1553-151.png,17,14,1.2142857142857142,200923-1553-151.png
41,54,0.7592592592592593,200923-1553-152.png,19,19,1.0,200923-1553-152.png
199,81,2.45679012345679,200923-1553-153.png,78,22,3.5454545454545454,200923-1553-153.png
243,102,2.3823529411764706,200923-1553-154.png,147,33,4.454545454545454,200923-1553-154.png
121,80,1.5125,200923-1553-155.png,83,33,2.515151515151515,200923-1553-155.png
215,71,3.028169014084507,200923-1553-156.png,103,22,4.681818181818182,200923-1553-156.png
74,54,1.3703703703703705,200923-1553-158.png,39,19,2.0526315789473686,200923-1553-158.png
59,58,1.0172413793103448,200923-1553-160.png,33,19,1.736842105263158,200923-1553-160.png
102,57,1.7894736842105263,200923-1553-164.png,56,22,2.5454545454545454,200923-1553-164.png
94,67,1.4029850746268657,200923-1553-165.png,53,28,1.8928571428571428,200923-1553-165.png
48,57,0.8421052631578947,200923-1553-167.png,25,19,1.3157894736842106,200923-1553-167.png
105,65,1.6153846153846154,200923-1553-168.png,61,25,2.44,200923-1553-168.png
63,66,0.9545454545454546,200923-1553-17.png,36,19,1.894736842105263,200923-1553-17.png
161,81,1.9876543209876543,200923-1553-170.png,83,28,2.9642857142857144,200923-1553-170.png
115,62,1.8548387096774193,200923-1553-171.png,50,19,2.6315789473684212,200923-1553-171.png
96,63,1.5238095238095237,200923-1553-172.png,67,28,2.392857142857143,200923-1553-172.png
289,118,2.4491525423728815,200923-1553-176.png,178,53,3.358490566037736,200923-1553-176.png
170,70,2.4285714285714284,200923-1553-177.png,117,28,4.178571428571429,200923-1553-177.png
205,73,2.808219178082192,200923-1553-179.png,131,28,4.678571428571429,200923-1553-179.png
329,123,2.6747967479674797,200923-1553-18.png,139,31,4.483870967741935,200923-1553-18.png
85,65,1.3076923076923077,200923-1553-180.png,44,19,2.3157894736842106,200923-1553-180.png
159,74,2.1486486486486487,200923-1553-181.png,103,28,3.6785714285714284,200923-1553-181.png
88,54,1.6296296296296295,200923-1553-182.png,25,14,1.7857142857142858,200923-1553-182.png
47,54,0.8703703703703703,200923-1553-183.png,14,14,1.0,200923-1553-183.png
330,116,2.8448275862068964,200923-1553-184.png,222,61,3.639344262295082,200923-1553-184.png
118,65,1.8153846153846154,200923-1553-186.png,106,28,3.7857142857142856,200923-1553-186.png
39,54,0.7222222222222222,200923-1553-187.png,14,14,1.0,200923-1553-187.png
44,54,0.8148148148148148,200923-1553-188.png,14,14,1.0,200923-1553-188.png
67,54,1.2407407407407407,200923-1553-189.png,36,22,1.6363636363636365,200923-1553-189.png
382,102,3.7450980392156863,200923-1553-19.png,150,31,4.838709677419355,200923-1553-19.png
70,54,1.2962962962962963,200923-1553-190.png,53,22,2.409090909090909,200923-1553-190.png
101,59,1.7118644067796611,200923-1553-191.png,36,19,1.894736842105263,200923-1553-191.png
99,64,1.546875,200923-1553-192.png,36,19,1.894736842105263,200923-1553-192.png
36,63,0.5714285714285714,200923-1553-195.png,11,25,0.44,200923-1553-195.png
46,54,0.8518518518518519,200923-1553-196.png,14,14,1.0,200923-1553-196.png
170,66,2.5757575757575757,200923-1553-197.png,114,22,5.181818181818182,200923-1553-197.png
134,66,2.0303030303030303,200923-1553-198.png,92,19,4.842105263157895,200923-1553-198.png
73,57,1.280701754385965,200923-1553-199.png,33,19,1.736842105263158,200923-1553-199.png
221,118,1.8728813559322033,200923-1553-2.png,119,36,3.3055555555555554,200923-1553-2.png
136,80,1.7,200923-1553-200.png,86,28,3.0714285714285716,200923-1553-200.png
260,130,2.0,200923-1553-201.png,158,69,2.289855072463768,200923-1553-201.png
128,107,1.1962616822429906,200923-1553-202.png,47,28,1.6785714285714286,200923-1553-202.png
77,56,1.375,200923-1553-206.png,33,19,1.736842105263158,200923-1553-206.png
126,157,0.802547770700637,200923-1553-207.png,33,36,0.9166666666666666,200923-1553-207.png
235,138,1.7028985507246377,200923-1553-21.png,69,36,1.9166666666666667,200923-1553-21.png
82,96,0.8541666666666666,200923-1553-212.png,33,22,1.5,200923-1553-212.png
44,63,0.6984126984126984,200923-1553-213.png,17,25,0.68,200923-1553-213.png
249,81,3.074074074074074,200923-1553-214.png,125,31,4.032258064516129,200923-1553-214.png
54,72,0.75,200923-1553-219.png,14,19,0.7368421052631579,200923-1553-219.png
77,76,1.013157894736842,200923-1553-220.png,22,19,1.1578947368421053,200923-1553-220.png
349,92,3.7934782608695654,200923-1553-221.png,133,22,6.045454545454546,200923-1553-221.png
36,54,0.6666666666666666,200923-1553-222.png,14,19,0.7368421052631579,200923-1553-222.png
78,76,1.0263157894736843,200923-1553-225.png,33,17,1.9411764705882353,200923-1553-225.png
51,66,0.7727272727272727,200923-1553-227.png,14,19,0.7368421052631579,200923-1553-227.png
45,54,0.8333333333333334,200923-1553-228.png,14,19,0.7368421052631579,200923-1553-228.png
40,67,0.5970149253731343,200923-1553-23.png,14,19,0.7368421052631579,200923-1553-23.png
108,87,1.2413793103448276,200923-1553-231.png,33,19,1.736842105263158,200923-1553-231.png
105,91,1.1538461538461537,200923-1553-233.png,36,28,1.2857142857142858,200923-1553-233.png
56,54,1.037037037037037,200923-1553-237.png,17,14,1.2142857142857142,200923-1553-237.png
38,54,0.7037037037037037,200923-1553-238.png,8,19,0.42105263157894735,200923-1553-238.png
366,102,3.588235294117647,200923-1553-24.png,219,36,6.083333333333333,200923-1553-24.png
71,90,0.7888888888888889,200923-1553-242.png,25,28,0.8928571428571429,200923-1553-242.png
153,91,1.6813186813186813,200923-1553-246.png,103,33,3.121212121212121,200923-1553-246.png
247,125,1.976,200923-1553-248.png,150,78,1.9230769230769231,200923-1553-248.png
161,101,1.5940594059405941,200923-1553-250.png,75,25,3.0,200923-1553-250.png
51,56,0.9107142857142857,200923-1553-251.png,14,19,0.7368421052631579,200923-1553-251.png
264,119,2.2184873949579833,200923-1553-252.png,133,75,1.7733333333333334,200923-1553-252.png
233,78,2.9871794871794872,200923-1553-254.png,147,28,5.25,200923-1553-254.png
144,66,2.1818181818181817,200923-1553-257.png,92,28,3.2857142857142856,200923-1553-257.png
253,100,2.53,200923-1553-258.png,167,42,3.9761904761904763,200923-1553-258.png
68,66,1.0303030303030303,200923-1553-259.png,28,25,1.12,200923-1553-259.png
249,127,1.9606299212598426,200923-1553-26.png,108,39,2.769230769230769,200923-1553-26.png
155,95,1.631578947368421,200923-1553-261.png,83,25,3.32,200923-1553-261.png
244,194,1.2577319587628866,200923-1553-262.png,61,33,1.8484848484848484,200923-1553-262.png
117,71,1.647887323943662,200923-1553-263.png,94,28,3.357142857142857,200923-1553-263.png
65,60,1.0833333333333333,200923-1553-266.png,17,19,0.8947368421052632,200923-1553-266.png
125,80,1.5625,200923-1553-267.png,28,17,1.6470588235294117,200923-1553-267.png
291,104,2.798076923076923,200923-1553-268.png,89,28,3.1785714285714284,200923-1553-268.png
65,79,0.8227848101265823,200923-1553-269.png,14,19,0.7368421052631579,200923-1553-269.png
112,58,1.9310344827586208,200923-1553-27.png,58,19,3.0526315789473686,200923-1553-27.png
76,57,1.3333333333333333,200923-1553-270.png,28,19,1.4736842105263157,200923-1553-270.png
78,72,1.0833333333333333,200923-1553-271.png,47,28,1.6785714285714286,200923-1553-271.png
151,80,1.8875,200923-1553-273.png,64,28,2.2857142857142856,200923-1553-273.png
143,80,1.7875,200923-1553-276.png,108,28,3.857142857142857,200923-1553-276.png
132,134,0.9850746268656716,200923-1553-277.png,39,39,1.0,200923-1553-277.png
52,67,0.7761194029850746,200923-1553-28.png,25,19,1.3157894736842106,200923-1553-28.png
92,62,1.4838709677419355,200923-1553-281.png,53,33,1.606060606060606,200923-1553-281.png
217,77,2.8181818181818183,200923-1553-283.png,89,22,4.045454545454546,200923-1553-283.png
87,66,1.3181818181818181,200923-1553-284.png,36,19,1.894736842105263,200923-1553-284.png
74,60,1.2333333333333334,200923-1553-285.png,36,19,1.894736842105263,200923-1553-285.png
155,72,2.1527777777777777,200923-1553-286.png,36,19,1.894736842105263,200923-1553-286.png
61,59,1.0338983050847457,200923-1553-289.png,28,19,1.4736842105263157,200923-1553-289.png
100,116,0.8620689655172413,200923-1553-29.png,22,36,0.6111111111111112,200923-1553-29.png
57,54,1.0555555555555556,200923-1553-290.png,31,19,1.631578947368421,200923-1553-290.png
173,75,2.3066666666666666,200923-1553-292.png,114,28,4.071428571428571,200923-1553-292.png
209,73,2.863013698630137,200923-1553-293.png,103,28,3.6785714285714284,200923-1553-293.png
169,70,2.414285714285714,200923-1553-297.png,92,28,3.2857142857142856,200923-1553-297.png
49,56,0.875,200923-1553-3.png,22,19,1.1578947368421053,200923-1553-3.png
479,184,2.6032608695652173,200923-1553-30.png,136,39,3.4871794871794872,200923-1553-30.png
369,78,4.730769230769231,200923-1553-300.png,225,28,8.035714285714286,200923-1553-300.png
151,125,1.208,200923-1553-303.png,64,39,1.641025641025641,200923-1553-303.png
148,70,2.1142857142857143,200923-1553-306.png,111,28,3.9642857142857144,200923-1553-306.png
142,88,1.6136363636363635,200923-1553-307.png,42,22,1.9090909090909092,200923-1553-307.png
41,54,0.7592592592592593,200923-1553-309.png,22,19,1.1578947368421053,200923-1553-309.png
391,147,2.6598639455782314,200923-1553-31.png,136,39,3.4871794871794872,200923-1553-31.png
92,63,1.4603174603174602,200923-1553-313.png,72,28,2.5714285714285716,200923-1553-313.png
402,88,4.568181818181818,200923-1553-32.png,200,25,8.0,200923-1553-32.png
90,62,1.4516129032258065,200923-1553-33.png,50,31,1.6129032258064515,200923-1553-33.png
46,54,0.8518518518518519,200923-1553-34.png,14,14,1.0,200923-1553-34.png
209,76,2.75,200923-1553-37.png,103,25,4.12,200923-1553-37.png
209,137,1.5255474452554745,200923-1553-38.png,58,33,1.7575757575757576,200923-1553-38.png
85,131,0.648854961832061,200923-1553-41.png,17,33,0.5151515151515151,200923-1553-41.png
244,120,2.033333333333333,200923-1553-42.png,78,33,2.3636363636363638,200923-1553-42.png
145,153,0.9477124183006536,200923-1553-43.png,50,39,1.2820512820512822,200923-1553-43.png
279,114,2.4473684210526314,200923-1553-44.png,147,39,3.769230769230769,200923-1553-44.png
87,64,1.359375,200923-1553-45.png,36,19,1.894736842105263,200923-1553-45.png
77,63,1.2222222222222223,200923-1553-46.png,39,28,1.3928571428571428,200923-1553-46.png
319,104,3.0673076923076925,200923-1553-47.png,153,33,4.636363636363637,200923-1553-47.png
280,105,2.6666666666666665,200923-1553-48.png,128,33,3.878787878787879,200923-1553-48.png
66,57,1.1578947368421053,200923-1553-51.png,33,28,1.1785714285714286,200923-1553-51.png
120,65,1.8461538461538463,200923-1553-52.png,61,19,3.210526315789474,200923-1553-52.png
48,62,0.7741935483870968,200923-1553-53.png,17,14,1.2142857142857142,200923-1553-53.png
195,87,2.2413793103448274,200923-1553-54.png,147,31,4.741935483870968,200923-1553-54.png
259,181,1.430939226519337,200923-1553-55.png,86,39,2.2051282051282053,200923-1553-55.png
190,75,2.533333333333333,200923-1553-56.png,122,28,4.357142857142857,200923-1553-56.png
119,81,1.4691358024691359,200923-1553-57.png,36,19,1.894736842105263,200923-1553-57.png
70,55,1.2727272727272727,200923-1553-58.png,36,19,1.894736842105263,200923-1553-58.png
59,57,1.0350877192982457,200923-1553-59.png,33,19,1.736842105263158,200923-1553-59.png
298,138,2.1594202898550723,200923-1553-6.png,206,67,3.074626865671642,200923-1553-6.png
143,136,1.0514705882352942,200923-1553-60.png,44,22,2.0,200923-1553-60.png
536,101,5.306930693069307,200923-1553-61.png,297,25,11.88,200923-1553-61.png
266,116,2.293103448275862,200923-1553-63.png,86,25,3.44,200923-1553-63.png
166,84,1.9761904761904763,200923-1553-64.png,111,33,3.3636363636363638,200923-1553-64.png
282,96,2.9375,200923-1553-67.png,131,31,4.225806451612903,200923-1553-67.png
187,100,1.87,200923-1553-7.png,142,47,3.021276595744681,200923-1553-7.png
142,65,2.1846153846153844,200923-1553-74.png,89,28,3.1785714285714284,200923-1553-74.png
101,76,1.3289473684210527,200923-1553-80.png,64,25,2.56,200923-1553-80.png
122,73,1.6712328767123288,200923-1553-82.png,53,25,2.12,200923-1553-82.png
58,71,0.8169014084507042,200923-1553-83.png,33,25,1.32,200923-1553-83.png
76,65,1.1692307692307693,200923-1553-84.png,36,19,1.894736842105263,200923-1553-84.png
102,80,1.275,200923-1553-85.png,64,25,2.56,200923-1553-85.png
52,61,0.8524590163934426,200923-1553-89.png,17,19,0.8947368421052632,200923-1553-89.png
223,73,3.0547945205479454,200923-1553-9.png,147,25,5.88,200923-1553-9.png
144,84,1.7142857142857142,200923-1553-99.png,86,28,3.0714285714285716,200923-1553-99.png
551,80,6.8875,200923-1556-0.png,256,33,7.757575757575758,200923-1556-0.png
329,131,2.5114503816793894,200923-1556-1.png,139,67,2.074626865671642,200923-1556-1.png
101,70,1.4428571428571428,200923-1556-101.png,42,28,1.5,200923-1556-101.png
70,75,0.9333333333333333,200923-1556-103.png,11,19,0.5789473684210527,200923-1556-103.png
145,86,1.686046511627907,200923-1556-104.png,81,31,2.6129032258064515,200923-1556-104.png
112,66,1.696969696969697,200923-1556-105.png,64,28,2.2857142857142856,200923-1556-105.png
86,76,1.131578947368421,200923-1556-107.png,36,17,2.1176470588235294,200923-1556-107.png
193,74,2.608108108108108,200923-1556-109.png,97,31,3.129032258064516,200923-1556-109.png
170,132,1.2878787878787878,200923-1556-110.png,50,36,1.3888888888888888,200923-1556-110.png
172,79,2.1772151898734178,200923-1556-112.png,78,19,4.105263157894737,200923-1556-112.png
88,61,1.4426229508196722,200923-1556-114.png,47,28,1.6785714285714286,200923-1556-114.png
76,54,1.4074074074074074,200923-1556-118.png,19,14,1.3571428571428572,200923-1556-118.png
77,54,1.4259259259259258,200923-1556-119.png,36,19,1.894736842105263,200923-1556-119.png
291,123,2.3658536585365852,200923-1556-12.png,128,67,1.9104477611940298,200923-1556-12.png
182,71,2.563380281690141,200923-1556-123.png,72,22,3.272727272727273,200923-1556-123.png
81,57,1.4210526315789473,200923-1556-124.png,36,19,1.894736842105263,200923-1556-124.png
138,67,2.0597014925373136,200923-1556-125.png,83,28,2.9642857142857144,200923-1556-125.png
209,75,2.7866666666666666,200923-1556-126.png,122,28,4.357142857142857,200923-1556-126.png
188,69,2.7246376811594204,200923-1556-128.png,100,22,4.545454545454546,200923-1556-128.png
249,83,3.0,200923-1556-13.png,172,33,5.212121212121212,200923-1556-13.png
86,61,1.4098360655737705,200923-1556-130.png,56,28,2.0,200923-1556-130.png
73,63,1.1587301587301588,200923-1556-131.png,44,28,1.5714285714285714,200923-1556-131.png
142,69,2.0579710144927534,200923-1556-133.png,81,22,3.6818181818181817,200923-1556-133.png
130,85,1.5294117647058822,200923-1556-136.png,94,33,2.8484848484848486,200923-1556-136.png
183,64,2.859375,200923-1556-137.png,139,28,4.964285714285714,200923-1556-137.png
205,83,2.4698795180722892,200923-1556-138.png,81,28,2.892857142857143,200923-1556-138.png
247,120,2.058333333333333,200923-1556-14.png,125,50,2.5,200923-1556-14.png
105,77,1.3636363636363635,200923-1556-140.png,61,25,2.44,200923-1556-140.png
64,67,0.9552238805970149,200923-1556-141.png,25,25,1.0,200923-1556-141.png
105,77,1.3636363636363635,200923-1556-142.png,31,22,1.4090909090909092,200923-1556-142.png
108,62,1.7419354838709677,200923-1556-143.png,72,25,2.88,200923-1556-143.png
138,69,2.0,200923-1556-145.png,83,28,2.9642857142857144,200923-1556-145.png
71,61,1.1639344262295082,200923-1556-146.png,31,19,1.631578947368421,200923-1556-146.png
78,57,1.368421052631579,200923-1556-149.png,36,19,1.894736842105263,200923-1556-149.png
140,65,2.1538461538461537,200923-1556-15.png,75,28,2.6785714285714284,200923-1556-15.png
123,158,0.7784810126582279,200923-1556-152.png,17,33,0.5151515151515151,200923-1556-152.png
47,54,0.8703703703703703,200923-1556-153.png,14,14,1.0,200923-1556-153.png
91,65,1.4,200923-1556-155.png,36,19,1.894736842105263,200923-1556-155.png
96,72,1.3333333333333333,200923-1556-157.png,42,28,1.5,200923-1556-157.png
158,135,1.1703703703703703,200923-1556-16.png,53,42,1.2619047619047619,200923-1556-16.png
120,74,1.6216216216216217,200923-1556-161.png,72,28,2.5714285714285716,200923-1556-161.png
120,112,1.0714285714285714,200923-1556-162.png,31,25,1.24,200923-1556-162.png
240,77,3.116883116883117,200923-1556-165.png,108,28,3.857142857142857,200923-1556-165.png
115,78,1.4743589743589745,200923-1556-166.png,50,28,1.7857142857142858,200923-1556-166.png
196,170,1.1529411764705881,200923-1556-167.png,44,39,1.1282051282051282,200923-1556-167.png
112,97,1.1546391752577319,200923-1556-168.png,47,25,1.88,200923-1556-168.png
92,63,1.4603174603174602,200923-1556-170.png,47,28,1.6785714285714286,200923-1556-170.png
43,54,0.7962962962962963,200923-1556-172.png,11,19,0.5789473684210527,200923-1556-172.png
105,66,1.5909090909090908,200923-1556-173.png,50,28,1.7857142857142858,200923-1556-173.png
62,54,1.1481481481481481,200923-1556-177.png,17,14,1.2142857142857142,200923-1556-177.png
55,69,0.7971014492753623,200923-1556-178.png,25,19,1.3157894736842106,200923-1556-178.png
128,67,1.9104477611940298,200923-1556-179.png,75,28,2.6785714285714284,200923-1556-179.png
417,145,2.8758620689655174,200923-1556-18.png,139,31,4.483870967741935,200923-1556-18.png
110,66,1.6666666666666667,200923-1556-181.png,64,28,2.2857142857142856,200923-1556-181.png
143,68,2.1029411764705883,200923-1556-182.png,89,28,3.1785714285714284,200923-1556-182.png
178,100,1.78,200923-1556-185.png,67,31,2.161290322580645,200923-1556-185.png
145,91,1.5934065934065933,200923-1556-188.png,94,33,2.8484848484848486,200923-1556-188.png
347,110,3.1545454545454548,200923-1556-19.png,150,31,4.838709677419355,200923-1556-19.png
46,54,0.8518518518518519,200923-1556-190.png,14,19,0.7368421052631579,200923-1556-190.png
55,54,1.0185185185185186,200923-1556-196.png,14,14,1.0,200923-1556-196.png
171,65,2.6307692307692307,200923-1556-198.png,64,17,3.764705882352941,200923-1556-198.png
80,59,1.3559322033898304,200923-1556-199.png,28,19,1.4736842105263157,200923-1556-199.png
268,113,2.3716814159292037,200923-1556-2.png,119,36,3.3055555555555554,200923-1556-2.png
397,136,2.9191176470588234,200923-1556-20.png,175,44,3.977272727272727,200923-1556-20.png
116,62,1.8709677419354838,200923-1556-202.png,36,17,2.1176470588235294,200923-1556-202.png
157,95,1.6526315789473685,200923-1556-203.png,53,25,2.12,200923-1556-203.png
397,104,3.8173076923076925,200923-1556-204.png,186,39,4.769230769230769,200923-1556-204.png
155,141,1.099290780141844,200923-1556-205.png,58,44,1.3181818181818181,200923-1556-205.png
135,90,1.5,200923-1556-207.png,28,19,1.4736842105263157,200923-1556-207.png
213,98,2.173469387755102,200923-1556-208.png,131,33,3.9696969696969697,200923-1556-208.png
176,65,2.707692307692308,200923-1556-209.png,81,28,2.892857142857143,200923-1556-209.png
104,66,1.5757575757575757,200923-1556-211.png,69,28,2.4642857142857144,200923-1556-211.png
256,75,3.4133333333333336,200923-1556-213.png,142,28,5.071428571428571,200923-1556-213.png
145,63,2.3015873015873014,200923-1556-215.png,86,28,3.0714285714285716,200923-1556-215.png
214,96,2.2291666666666665,200923-1556-217.png,136,33,4.121212121212121,200923-1556-217.png
52,54,0.9629629629629629,200923-1556-218.png,14,19,0.7368421052631579,200923-1556-218.png
52,54,0.9629629629629629,200923-1556-22.png,22,19,1.1578947368421053,200923-1556-22.png
117,91,1.2857142857142858,200923-1556-220.png,44,25,1.76,200923-1556-220.png
94,78,1.205128205128205,200923-1556-221.png,39,28,1.3928571428571428,200923-1556-221.png
90,65,1.3846153846153846,200923-1556-223.png,39,19,2.0526315789473686,200923-1556-223.png
89,85,1.0470588235294118,200923-1556-224.png,31,17,1.8235294117647058,200923-1556-224.png
171,64,2.671875,200923-1556-226.png,103,22,4.681818181818182,200923-1556-226.png
263,74,3.554054054054054,200923-1556-227.png,147,25,5.88,200923-1556-227.png
45,54,0.8333333333333334,200923-1556-228.png,14,19,0.7368421052631579,200923-1556-228.png
202,143,1.4125874125874125,200923-1556-229.png,53,39,1.358974358974359,200923-1556-229.png
67,54,1.2407407407407407,200923-1556-23.png,17,14,1.2142857142857142,200923-1556-23.png
258,183,1.4098360655737705,200923-1556-233.png,58,19,3.0526315789473686,200923-1556-233.png
221,67,3.298507462686567,200923-1556-234.png,64,17,3.764705882352941,200923-1556-234.png
82,66,1.2424242424242424,200923-1556-236.png,36,19,1.894736842105263,200923-1556-236.png
79,67,1.1791044776119404,200923-1556-237.png,36,28,1.2857142857142858,200923-1556-237.png
174,237,0.7341772151898734,200923-1556-239.png,22,42,0.5238095238095238,200923-1556-239.png
342,103,3.320388349514563,200923-1556-24.png,219,36,6.083333333333333,200923-1556-24.png
148,58,2.5517241379310347,200923-1556-240.png,94,28,3.357142857142857,200923-1556-240.png
182,76,2.3947368421052633,200923-1556-241.png,83,25,3.32,200923-1556-241.png
148,70,2.1142857142857143,200923-1556-243.png,58,22,2.6363636363636362,200923-1556-243.png
129,76,1.6973684210526316,200923-1556-244.png,94,33,2.8484848484848486,200923-1556-244.png
187,84,2.2261904761904763,200923-1556-245.png,117,28,4.178571428571429,200923-1556-245.png
92,66,1.393939393939394,200923-1556-246.png,39,28,1.3928571428571428,200923-1556-246.png
279,171,1.631578947368421,200923-1556-247.png,75,44,1.7045454545454546,200923-1556-247.png
100,59,1.694915254237288,200923-1556-248.png,50,19,2.6315789473684212,200923-1556-248.png
199,62,3.2096774193548385,200923-1556-249.png,122,22,5.545454545454546,200923-1556-249.png
173,78,2.217948717948718,200923-1556-250.png,81,25,3.24,200923-1556-250.png
48,54,0.8888888888888888,200923-1556-251.png,19,19,1.0,200923-1556-251.png
137,86,1.5930232558139534,200923-1556-252.png,100,33,3.0303030303030303,200923-1556-252.png
78,68,1.1470588235294117,200923-1556-255.png,33,19,1.736842105263158,200923-1556-255.png
28,54,0.5185185185185185,200923-1556-256.png,8,19,0.42105263157894735,200923-1556-256.png
202,79,2.5569620253164556,200923-1556-257.png,92,25,3.68,200923-1556-257.png
87,64,1.359375,200923-1556-258.png,36,19,1.894736842105263,200923-1556-258.png
69,64,1.078125,200923-1556-259.png,42,28,1.5,200923-1556-259.png
303,152,1.993421052631579,200923-1556-26.png,108,39,2.769230769230769,200923-1556-26.png
139,131,1.0610687022900764,200923-1556-260.png,72,53,1.3584905660377358,200923-1556-260.png
229,170,1.3470588235294119,200923-1556-265.png,39,39,1.0,200923-1556-265.png
60,63,0.9523809523809523,200923-1556-29.png,14,14,1.0,200923-1556-29.png
185,105,1.7619047619047619,200923-1556-3.png,64,31,2.064516129032258,200923-1556-3.png
346,166,2.0843373493975905,200923-1556-30.png,136,39,3.4871794871794872,200923-1556-30.png
349,167,2.089820359281437,200923-1556-31.png,136,39,3.4871794871794872,200923-1556-31.png
453,97,4.670103092783505,200923-1556-32.png,200,25,8.0,200923-1556-32.png
52,66,0.7878787878787878,200923-1556-33.png,22,19,1.1578947368421053,200923-1556-33.png
87,55,1.5818181818181818,200923-1556-35.png,36,19,1.894736842105263,200923-1556-35.png
316,92,3.4347826086956523,200923-1556-37.png,103,25,4.12,200923-1556-37.png
272,160,1.7,200923-1556-38.png,58,33,1.7575757575757576,200923-1556-38.png
122,74,1.6486486486486487,200923-1556-39.png,58,31,1.8709677419354838,200923-1556-39.png
230,68,3.3823529411764706,200923-1556-40.png,92,19,4.842105263157895,200923-1556-40.png
93,64,1.453125,200923-1556-41.png,44,28,1.5714285714285714,200923-1556-41.png
225,119,1.8907563025210083,200923-1556-42.png,78,33,2.3636363636363638,200923-1556-42.png
235,170,1.3823529411764706,200923-1556-43.png,50,39,1.2820512820512822,200923-1556-43.png
301,99,3.04040404040404,200923-1556-44.png,147,39,3.769230769230769,200923-1556-44.png
291,182,1.598901098901099,200923-1556-46.png,142,69,2.0579710144927534,200923-1556-46.png
308,104,2.9615384615384617,200923-1556-48.png,128,33,3.878787878787879,200923-1556-48.png
207,75,2.76,200923-1556-49.png,122,28,4.357142857142857,200923-1556-49.png
153,70,2.1857142857142855,200923-1556-5.png,92,28,3.2857142857142856,200923-1556-5.png
152,150,1.0133333333333334,200923-1556-51.png,28,36,0.7777777777777778,200923-1556-51.png
257,90,2.8555555555555556,200923-1556-54.png,147,31,4.741935483870968,200923-1556-54.png
270,160,1.6875,200923-1556-55.png,86,39,2.2051282051282053,200923-1556-55.png
259,81,3.197530864197531,200923-1556-56.png,122,28,4.357142857142857,200923-1556-56.png
110,69,1.5942028985507246,200923-1556-59.png,36,19,1.894736842105263,200923-1556-59.png
414,159,2.6037735849056602,200923-1556-6.png,206,67,3.074626865671642,200923-1556-6.png
170,141,1.2056737588652482,200923-1556-60.png,44,22,2.0,200923-1556-60.png
466,74,6.297297297297297,200923-1556-61.png,297,25,11.88,200923-1556-61.png
528,110,4.8,200923-1556-62.png,256,31,8.258064516129032,200923-1556-62.png
76,62,1.2258064516129032,200923-1556-64.png,39,28,1.3928571428571428,200923-1556-64.png
90,73,1.2328767123287672,200923-1556-65.png,31,25,1.24,200923-1556-65.png
493,143,3.4475524475524475,200923-1556-66.png,244,47,5.191489361702128,200923-1556-66.png
228,92,2.4782608695652173,200923-1556-67.png,131,31,4.225806451612903,200923-1556-67.png
274,92,2.9782608695652173,200923-1556-68.png,147,31,4.741935483870968,200923-1556-68.png
244,93,2.6236559139784945,200923-1556-7.png,142,47,3.021276595744681,200923-1556-7.png
45,64,0.703125,200923-1556-70.png,11,25,0.44,200923-1556-70.png
147,72,2.0416666666666665,200923-1556-71.png,53,19,2.789473684210526,200923-1556-71.png
290,102,2.843137254901961,200923-1556-72.png,264,67,3.9402985074626864,200923-1556-72.png
178,148,1.2027027027027026,200923-1556-73.png,44,36,1.2222222222222223,200923-1556-73.png
115,87,1.3218390804597702,200923-1556-74.png,44,25,1.76,200923-1556-74.png
63,69,0.9130434782608695,200923-1556-76.png,14,19,0.7368421052631579,200923-1556-76.png
303,360,0.8416666666666667,200923-1556-78.png,36,56,0.6428571428571429,200923-1556-78.png
210,379,0.554089709762533,200923-1556-79.png,36,67,0.5373134328358209,200923-1556-79.png
517,171,3.0233918128654973,200923-1556-8.png,233,53,4.39622641509434,200923-1556-8.png
237,123,1.9268292682926829,200923-1556-80.png,78,28,2.7857142857142856,200923-1556-80.png
146,62,2.3548387096774195,200923-1556-82.png,92,28,3.2857142857142856,200923-1556-82.png
322,185,1.7405405405405405,200923-1556-83.png,67,39,1.7179487179487178,200923-1556-83.png
434,293,1.4812286689419796,200923-1556-84.png,78,44,1.7727272727272727,200923-1556-84.png
206,172,1.197674418604651,200923-1556-85.png,97,67,1.4477611940298507,200923-1556-85.png
152,88,1.7272727272727273,200923-1556-87.png,56,36,1.5555555555555556,200923-1556-87.png
84,69,1.2173913043478262,200923-1556-88.png,25,28,0.8928571428571429,200923-1556-88.png
230,70,3.2857142857142856,200923-1556-95.png,178,25,7.12,200923-1556-95.png
102,72,1.4166666666666667,200923-1556-99.png,17,14,1.2142857142857142,200923-1556-99.png
310,240,1.2916666666666667,200924-1312-1.png,139,67,2.074626865671642,200924-1312-1.png
88,68,1.2941176470588236,200924-1312-10.png,22,28,0.7857142857142857,200924-1312-10.png
170,104,1.6346153846153846,200924-1312-104.png,97,33,2.9393939393939394,200924-1312-104.png
155,87,1.7816091954022988,200924-1312-105.png,89,28,3.1785714285714284,200924-1312-105.png
266,83,3.2048192771084336,200924-1312-108.png,147,22,6.681818181818182,200924-1312-108.png
304,203,1.4975369458128078,200924-1312-111.png,97,58,1.6724137931034482,200924-1312-111.png
90,77,1.1688311688311688,200924-1312-112.png,56,25,2.24,200924-1312-112.png
89,76,1.1710526315789473,200924-1312-113.png,36,19,1.894736842105263,200924-1312-113.png
48,54,0.8888888888888888,200924-1312-114.png,14,14,1.0,200924-1312-114.png
41,54,0.7592592592592593,200924-1312-115.png,14,19,0.7368421052631579,200924-1312-115.png
109,70,1.5571428571428572,200924-1312-118.png,83,28,2.9642857142857144,200924-1312-118.png
272,191,1.4240837696335078,200924-1312-12.png,128,67,1.9104477611940298,200924-1312-12.png
166,65,2.5538461538461537,200924-1312-120.png,100,22,4.545454545454546,200924-1312-120.png
384,130,2.953846153846154,200924-1312-121.png,156,28,5.571428571428571,200924-1312-121.png
150,89,1.6853932584269662,200924-1312-123.png,53,28,1.8928571428571428,200924-1312-123.png
110,67,1.6417910447761195,200924-1312-124.png,92,31,2.967741935483871,200924-1312-124.png
202,80,2.525,200924-1312-129.png,72,25,2.88,200924-1312-129.png
440,108,4.074074074074074,200924-1312-13.png,172,33,5.212121212121212,200924-1312-13.png
54,56,0.9642857142857143,200924-1312-132.png,14,19,0.7368421052631579,200924-1312-132.png
125,84,1.4880952380952381,200924-1312-133.png,44,28,1.5714285714285714,200924-1312-133.png
68,68,1.0,200924-1312-134.png,25,25,1.0,200924-1312-134.png
74,82,0.9024390243902439,200924-1312-135.png,25,22,1.1363636363636365,200924-1312-135.png
65,73,0.8904109589041096,200924-1312-136.png,33,25,1.32,200924-1312-136.png
163,105,1.5523809523809524,200924-1312-137.png,114,33,3.4545454545454546,200924-1312-137.png
165,84,1.9642857142857142,200924-1312-139.png,58,25,2.32,200924-1312-139.png
349,154,2.2662337662337664,200924-1312-14.png,125,50,2.5,200924-1312-14.png
108,73,1.4794520547945205,200924-1312-143.png,50,28,1.7857142857142858,200924-1312-143.png
129,165,0.7818181818181819,200924-1312-144.png,39,36,1.0833333333333333,200924-1312-144.png
177,124,1.4274193548387097,200924-1312-146.png,83,36,2.3055555555555554,200924-1312-146.png
149,78,1.9102564102564104,200924-1312-148.png,83,28,2.9642857142857144,200924-1312-148.png
67,54,1.2407407407407407,200924-1312-149.png,33,19,1.736842105263158,200924-1312-149.png
47,54,0.8703703703703703,200924-1312-15.png,14,19,0.7368421052631579,200924-1312-15.png
122,60,2.033333333333333,200924-1312-150.png,100,28,3.5714285714285716,200924-1312-150.png
96,57,1.6842105263157894,200924-1312-151.png,36,19,1.894736842105263,200924-1312-151.png
96,63,1.5238095238095237,200924-1312-155.png,44,19,2.3157894736842106,200924-1312-155.png
56,54,1.037037037037037,200924-1312-156.png,47,22,2.1363636363636362,200924-1312-156.png
80,58,1.3793103448275863,200924-1312-157.png,36,19,1.894736842105263,200924-1312-157.png
79,90,0.8777777777777778,200924-1312-159.png,47,36,1.3055555555555556,200924-1312-159.png
113,73,1.547945205479452,200924-1312-16.png,39,28,1.3928571428571428,200924-1312-16.png
138,115,1.2,200924-1312-164.png,50,42,1.1904761904761905,200924-1312-164.png
137,78,1.7564102564102564,200924-1312-165.png,50,22,2.272727272727273,200924-1312-165.png
92,61,1.5081967213114753,200924-1312-167.png,50,28,1.7857142857142858,200924-1312-167.png
386,112,3.4464285714285716,200924-1312-168.png,233,50,4.66,200924-1312-168.png
52,64,0.8125,200924-1312-169.png,14,19,0.7368421052631579,200924-1312-169.png
68,80,0.85,200924-1312-17.png,22,25,0.88,200924-1312-17.png
145,97,1.4948453608247423,200924-1312-170.png,53,25,2.12,200924-1312-170.png
87,60,1.45,200924-1312-172.png,36,19,1.894736842105263,200924-1312-172.png
60,54,1.1111111111111112,200924-1312-174.png,17,14,1.2142857142857142,200924-1312-174.png
77,132,0.5833333333333334,200924-1312-175.png,17,36,0.4722222222222222,200924-1312-175.png
192,75,2.56,200924-1312-176.png,103,28,3.6785714285714284,200924-1312-176.png
268,84,3.1904761904761907,200924-1312-177.png,114,22,5.181818181818182,200924-1312-177.png
77,55,1.4,200924-1312-178.png,36,19,1.894736842105263,200924-1312-178.png
529,197,2.685279187817259,200924-1312-18.png,139,31,4.483870967741935,200924-1312-18.png
78,57,1.368421052631579,200924-1312-181.png,36,19,1.894736842105263,200924-1312-181.png
117,67,1.7462686567164178,200924-1312-183.png,83,33,2.515151515151515,200924-1312-183.png
135,110,1.2272727272727273,200924-1312-185.png,44,22,2.0,200924-1312-185.png
236,128,1.84375,200924-1312-188.png,131,75,1.7466666666666666,200924-1312-188.png
150,190,0.7894736842105263,200924-1312-189.png,36,33,1.0909090909090908,200924-1312-189.png
370,137,2.7007299270072993,200924-1312-19.png,150,31,4.838709677419355,200924-1312-19.png
191,78,2.448717948717949,200924-1312-191.png,103,31,3.3225806451612905,200924-1312-191.png
70,60,1.1666666666666667,200924-1312-192.png,28,19,1.4736842105263157,200924-1312-192.png
94,70,1.3428571428571427,200924-1312-195.png,31,19,1.631578947368421,200924-1312-195.png
64,77,0.8311688311688312,200924-1312-196.png,14,14,1.0,200924-1312-196.png
101,89,1.1348314606741574,200924-1312-197.png,36,19,1.894736842105263,200924-1312-197.png
133,68,1.9558823529411764,200924-1312-198.png,72,28,2.5714285714285716,200924-1312-198.png
109,138,0.7898550724637681,200924-1312-199.png,58,69,0.8405797101449275,200924-1312-199.png
522,184,2.8369565217391304,200924-1312-20.png,175,44,3.977272727272727,200924-1312-20.png
123,92,1.3369565217391304,200924-1312-205.png,81,33,2.4545454545454546,200924-1312-205.png
234,190,1.231578947368421,200924-1312-206.png,58,42,1.380952380952381,200924-1312-206.png
126,140,0.9,200924-1312-208.png,36,25,1.44,200924-1312-208.png
153,69,2.217391304347826,200924-1312-209.png,136,28,4.857142857142857,200924-1312-209.png
110,75,1.4666666666666666,200924-1312-210.png,47,28,1.6785714285714286,200924-1312-210.png
69,68,1.0147058823529411,200924-1312-213.png,25,19,1.3157894736842106,200924-1312-213.png
142,89,1.595505617977528,200924-1312-214.png,69,25,2.76,200924-1312-214.png
65,56,1.1607142857142858,200924-1312-215.png,28,19,1.4736842105263157,200924-1312-215.png
267,110,2.4272727272727272,200924-1312-219.png,128,36,3.5555555555555554,200924-1312-219.png
162,155,1.0451612903225806,200924-1312-22.png,58,36,1.6111111111111112,200924-1312-22.png
65,129,0.5038759689922481,200924-1312-222.png,31,42,0.7380952380952381,200924-1312-222.png
49,63,0.7777777777777778,200924-1312-223.png,14,19,0.7368421052631579,200924-1312-223.png
58,54,1.0740740740740742,200924-1312-224.png,14,14,1.0,200924-1312-224.png
201,88,2.284090909090909,200924-1312-225.png,86,28,3.0714285714285716,200924-1312-225.png
168,78,2.1538461538461537,200924-1312-227.png,92,28,3.2857142857142856,200924-1312-227.png
142,135,1.0518518518518518,200924-1312-229.png,39,28,1.3928571428571428,200924-1312-229.png
249,130,1.9153846153846155,200924-1312-230.png,97,28,3.4642857142857144,200924-1312-230.png
109,77,1.4155844155844155,200924-1312-232.png,139,50,2.78,200924-1312-232.png
215,87,2.471264367816092,200924-1312-234.png,122,25,4.88,200924-1312-234.png
177,98,1.8061224489795917,200924-1312-236.png,44,19,2.3157894736842106,200924-1312-236.png
88,57,1.543859649122807,200924-1312-237.png,36,19,1.894736842105263,200924-1312-237.png
225,85,2.6470588235294117,200924-1312-238.png,94,22,4.2727272727272725,200924-1312-238.png
196,96,2.0416666666666665,200924-1312-239.png,106,28,3.7857142857142856,200924-1312-239.png
325,123,2.6422764227642275,200924-1312-24.png,219,36,6.083333333333333,200924-1312-24.png
265,159,1.6666666666666667,200924-1312-240.png,189,72,2.625,200924-1312-240.png
83,85,0.9764705882352941,200924-1312-241.png,42,25,1.68,200924-1312-241.png
80,69,1.1594202898550725,200924-1312-245.png,22,19,1.1578947368421053,200924-1312-245.png
95,67,1.4179104477611941,200924-1312-254.png,47,28,1.6785714285714286,200924-1312-254.png
101,83,1.216867469879518,200924-1312-255.png,36,19,1.894736842105263,200924-1312-255.png
45,64,0.703125,200924-1312-256.png,11,25,0.44,200924-1312-256.png
161,141,1.1418439716312057,200924-1312-257.png,75,22,3.409090909090909,200924-1312-257.png
88,56,1.5714285714285714,200924-1312-258.png,36,19,1.894736842105263,200924-1312-258.png
165,71,2.323943661971831,200924-1312-259.png,89,22,4.045454545454546,200924-1312-259.png
367,184,1.9945652173913044,200924-1312-26.png,108,39,2.769230769230769,200924-1312-26.png
249,199,1.2512562814070352,200924-1312-263.png,128,47,2.723404255319149,200924-1312-263.png
109,59,1.847457627118644,200924-1312-264.png,50,19,2.6315789473684212,200924-1312-264.png
44,64,0.6875,200924-1312-265.png,11,25,0.44,200924-1312-265.png
122,75,1.6266666666666667,200924-1312-266.png,78,28,2.7857142857142856,200924-1312-266.png
185,146,1.2671232876712328,200924-1312-270.png,86,39,2.2051282051282053,200924-1312-270.png
156,76,2.0526315789473686,200924-1312-272.png,92,28,3.2857142857142856,200924-1312-272.png
410,192,2.1354166666666665,200924-1312-273.png,167,50,3.34,200924-1312-273.png
70,56,1.25,200924-1312-275.png,36,19,1.894736842105263,200924-1312-275.png
96,67,1.4328358208955223,200924-1312-276.png,58,28,2.0714285714285716,200924-1312-276.png
152,68,2.235294117647059,200924-1312-279.png,72,22,3.272727272727273,200924-1312-279.png
111,65,1.7076923076923076,200924-1312-281.png,89,28,3.1785714285714284,200924-1312-281.png
87,73,1.1917808219178083,200924-1312-282.png,36,25,1.44,200924-1312-282.png
236,111,2.126126126126126,200924-1312-283.png,81,28,2.892857142857143,200924-1312-283.png
63,57,1.105263157894737,200924-1312-284.png,36,19,1.894736842105263,200924-1312-284.png
146,79,1.8481012658227849,200924-1312-285.png,69,28,2.4642857142857144,200924-1312-285.png
37,74,0.5,200924-1312-287.png,8,19,0.42105263157894735,200924-1312-287.png
65,86,0.7558139534883721,200924-1312-288.png,25,25,1.0,200924-1312-288.png
45,54,0.8333333333333334,200924-1312-289.png,14,19,0.7368421052631579,200924-1312-289.png
212,107,1.9813084112149533,200924-1312-29.png,92,31,2.967741935483871,200924-1312-29.png
69,64,1.078125,200924-1312-291.png,39,28,1.3928571428571428,200924-1312-291.png
57,54,1.0555555555555556,200924-1312-292.png,22,19,1.1578947368421053,200924-1312-292.png
54,54,1.0,200924-1312-293.png,14,14,1.0,200924-1312-293.png
43,66,0.6515151515151515,200924-1312-294.png,11,25,0.44,200924-1312-294.png
36,54,0.6666666666666666,200924-1312-297.png,17,25,0.68,200924-1312-297.png
43,54,0.7962962962962963,200924-1312-298.png,14,14,1.0,200924-1312-298.png
396,171,2.3157894736842106,200924-1312-30.png,136,39,3.4871794871794872,200924-1312-30.png
156,76,2.0526315789473686,200924-1312-301.png,53,28,1.8928571428571428,200924-1312-301.png
271,97,2.7938144329896906,200924-1312-302.png,161,28,5.75,200924-1312-302.png
244,219,1.1141552511415524,200924-1312-303.png,122,72,1.6944444444444444,200924-1312-303.png
54,58,0.9310344827586207,200924-1312-305.png,17,25,0.68,200924-1312-305.png
84,57,1.4736842105263157,200924-1312-306.png,28,19,1.4736842105263157,200924-1312-306.png
56,62,0.9032258064516129,200924-1312-307.png,17,25,0.68,200924-1312-307.png
55,54,1.0185185185185186,200924-1312-308.png,14,19,0.7368421052631579,200924-1312-308.png
495,167,2.964071856287425,200924-1312-31.png,136,39,3.4871794871794872,200924-1312-31.png
52,54,0.9629629629629629,200924-1312-310.png,8,19,0.42105263157894735,200924-1312-310.png
91,68,1.338235294117647,200924-1312-312.png,39,19,2.0526315789473686,200924-1312-312.png
527,113,4.663716814159292,200924-1312-32.png,200,25,8.0,200924-1312-32.png
44,54,0.8148148148148148,200924-1312-33.png,14,19,0.7368421052631579,200924-1312-33.png
389,139,2.7985611510791366,200924-1312-34.png,89,22,4.045454545454546,200924-1312-34.png
429,166,2.5843373493975905,200924-1312-36.png,147,39,3.769230769230769,200924-1312-36.png
302,95,3.1789473684210527,200924-1312-37.png,103,25,4.12,200924-1312-37.png
152,144,1.0555555555555556,200924-1312-38.png,58,33,1.7575757575757576,200924-1312-38.png
84,81,1.037037037037037,200924-1312-4.png,33,25,1.32,200924-1312-4.png
195,128,1.5234375,200924-1312-42.png,78,33,2.3636363636363638,200924-1312-42.png
180,174,1.0344827586206897,200924-1312-43.png,50,39,1.2820512820512822,200924-1312-43.png
279,120,2.325,200924-1312-44.png,147,39,3.769230769230769,200924-1312-44.png
69,54,1.2777777777777777,200924-1312-47.png,17,14,1.2142857142857142,200924-1312-47.png
259,101,2.5643564356435644,200924-1312-48.png,128,33,3.878787878787879,200924-1312-48.png
209,77,2.7142857142857144,200924-1312-49.png,122,28,4.357142857142857,200924-1312-49.png
87,66,1.3181818181818181,200924-1312-52.png,36,19,1.894736842105263,200924-1312-52.png
215,90,2.388888888888889,200924-1312-54.png,147,31,4.741935483870968,200924-1312-54.png
249,182,1.3681318681318682,200924-1312-55.png,86,39,2.2051282051282053,200924-1312-55.png
228,86,2.6511627906976742,200924-1312-56.png,122,28,4.357142857142857,200924-1312-56.png
113,62,1.8225806451612903,200924-1312-59.png,50,19,2.6315789473684212,200924-1312-59.png
388,195,1.9897435897435898,200924-1312-6.png,206,67,3.074626865671642,200924-1312-6.png
152,145,1.0482758620689656,200924-1312-60.png,44,22,2.0,200924-1312-60.png
625,92,6.793478260869565,200924-1312-61.png,297,25,11.88,200924-1312-61.png
592,125,4.736,200924-1312-62.png,256,31,8.258064516129032,200924-1312-62.png
328,144,2.2777777777777777,200924-1312-63.png,156,36,4.333333333333333,200924-1312-63.png
117,76,1.5394736842105263,200924-1312-64.png,36,19,1.894736842105263,200924-1312-64.png
139,76,1.8289473684210527,200924-1312-65.png,100,28,3.5714285714285716,200924-1312-65.png
514,163,3.1533742331288344,200924-1312-66.png,244,47,5.191489361702128,200924-1312-66.png
226,102,2.215686274509804,200924-1312-67.png,131,31,4.225806451612903,200924-1312-67.png
257,100,2.57,200924-1312-68.png,147,31,4.741935483870968,200924-1312-68.png
207,92,2.25,200924-1312-7.png,142,47,3.021276595744681,200924-1312-7.png
157,74,2.1216216216216215,200924-1312-71.png,33,17,1.9411764705882353,200924-1312-71.png
390,96,4.0625,200924-1312-72.png,264,67,3.9402985074626864,200924-1312-72.png
161,138,1.1666666666666667,200924-1312-73.png,44,36,1.2222222222222223,200924-1312-73.png
132,112,1.1785714285714286,200924-1312-74.png,44,25,1.76,200924-1312-74.png
105,66,1.5909090909090908,200924-1312-75.png,28,19,1.4736842105263157,200924-1312-75.png
67,54,1.2407407407407407,200924-1312-76.png,14,14,1.0,200924-1312-76.png
55,54,1.0185185185185186,200924-1312-77.png,17,14,1.2142857142857142,200924-1312-77.png
240,465,0.5161290322580645,200924-1312-78.png,36,56,0.6428571428571429,200924-1312-78.png
190,481,0.39501039501039503,200924-1312-79.png,36,67,0.5373134328358209,200924-1312-79.png
226,115,1.9652173913043478,200924-1312-80.png,78,28,2.7857142857142856,200924-1312-80.png
84,73,1.1506849315068493,200924-1312-81.png,50,25,2.0,200924-1312-81.png
132,68,1.9411764705882353,200924-1312-82.png,69,28,2.4642857142857144,200924-1312-82.png
426,384,1.109375,200924-1312-84.png,78,44,1.7727272727272727,200924-1312-84.png
125,116,1.0775862068965518,200924-1312-85.png,97,67,1.4477611940298507,200924-1312-85.png
71,57,1.2456140350877194,200924-1312-9.png,28,19,1.4736842105263157,200924-1312-9.png
75,84,0.8928571428571429,200924-1312-93.png,28,19,1.4736842105263157,200924-1312-93.png
316,131,2.4122137404580153,200924-1312-95.png,69,25,2.76,200924-1312-95.png
95,82,1.1585365853658536,200924-1312-99.png,50,28,1.7857142857142858,200924-1312-99.png
428,86,4.976744186046512,200924-1331-0.png,256,33,7.757575757575758,200924-1331-0.png
264,143,1.8461538461538463,200924-1331-1.png,139,67,2.074626865671642,200924-1331-1.png
113,86,1.313953488372093,200924-1331-10.png,50,36,1.3888888888888888,200924-1331-10.png
56,78,0.717948717948718,200924-1331-100.png,31,31,1.0,200924-1331-100.png
86,63,1.3650793650793651,200924-1331-102.png,25,28,0.8928571428571429,200924-1331-102.png
72,63,1.1428571428571428,200924-1331-103.png,39,28,1.3928571428571428,200924-1331-103.png
49,54,0.9074074074074074,200924-1331-104.png,22,19,1.1578947368421053,200924-1331-104.png
37,63,0.5873015873015873,200924-1331-105.png,11,25,0.44,200924-1331-105.png
38,54,0.7037037037037037,200924-1331-106.png,17,19,0.8947368421052632,200924-1331-106.png
141,76,1.855263157894737,200924-1331-11.png,75,33,2.272727272727273,200924-1331-11.png
91,65,1.4,200924-1331-110.png,50,28,1.7857142857142858,200924-1331-110.png
53,54,0.9814814814814815,200924-1331-111.png,22,19,1.1578947368421053,200924-1331-111.png
42,54,0.7777777777777778,200924-1331-112.png,14,14,1.0,200924-1331-112.png
112,67,1.671641791044776,200924-1331-114.png,81,25,3.24,200924-1331-114.png
96,63,1.5238095238095237,200924-1331-115.png,53,28,1.8928571428571428,200924-1331-115.png
46,54,0.8518518518518519,200924-1331-116.png,14,14,1.0,200924-1331-116.png
50,54,0.9259259259259259,200924-1331-117.png,17,14,1.2142857142857142,200924-1331-117.png
83,73,1.1369863013698631,200924-1331-118.png,25,19,1.3157894736842106,200924-1331-118.png
249,145,1.717241379310345,200924-1331-12.png,128,67,1.9104477611940298,200924-1331-12.png
51,54,0.9444444444444444,200924-1331-122.png,14,14,1.0,200924-1331-122.png
89,64,1.390625,200924-1331-125.png,69,33,2.090909090909091,200924-1331-125.png
142,101,1.4059405940594059,200924-1331-126.png,69,25,2.76,200924-1331-126.png
88,56,1.5714285714285714,200924-1331-127.png,58,22,2.6363636363636362,200924-1331-127.png
222,89,2.49438202247191,200924-1331-13.png,172,33,5.212121212121212,200924-1331-13.png
329,174,1.8908045977011494,200924-1331-130.png,156,50,3.12,200924-1331-130.png
72,66,1.0909090909090908,200924-1331-133.png,36,19,1.894736842105263,200924-1331-133.png
259,121,2.1404958677685952,200924-1331-135.png,158,53,2.981132075471698,200924-1331-135.png
52,77,0.6753246753246753,200924-1331-136.png,19,19,1.0,200924-1331-136.png
260,103,2.5242718446601944,200924-1331-137.png,194,33,5.878787878787879,200924-1331-137.png
192,110,1.7454545454545454,200924-1331-14.png,125,50,2.5,200924-1331-14.png
109,90,1.211111111111111,200924-1331-141.png,75,31,2.4193548387096775,200924-1331-141.png
114,70,1.6285714285714286,200924-1331-144.png,64,33,1.9393939393939394,200924-1331-144.png
42,65,0.6461538461538462,200924-1331-145.png,22,19,1.1578947368421053,200924-1331-145.png
88,65,1.353846153846154,200924-1331-146.png,58,28,2.0714285714285716,200924-1331-146.png
85,55,1.5454545454545454,200924-1331-148.png,36,19,1.894736842105263,200924-1331-148.png
156,76,2.0526315789473686,200924-1331-15.png,81,28,2.892857142857143,200924-1331-15.png
67,88,0.7613636363636364,200924-1331-151.png,22,19,1.1578947368421053,200924-1331-151.png
242,94,2.574468085106383,200924-1331-154.png,81,19,4.2631578947368425,200924-1331-154.png
48,54,0.8888888888888888,200924-1331-158.png,11,19,0.5789473684210527,200924-1331-158.png
54,93,0.5806451612903226,200924-1331-159.png,11,25,0.44,200924-1331-159.png
59,60,0.9833333333333333,200924-1331-162.png,42,28,1.5,200924-1331-162.png
72,60,1.2,200924-1331-165.png,36,19,1.894736842105263,200924-1331-165.png
139,82,1.6951219512195121,200924-1331-166.png,97,31,3.129032258064516,200924-1331-166.png
120,75,1.6,200924-1331-168.png,103,33,3.121212121212121,200924-1331-168.png
172,122,1.4098360655737705,200924-1331-169.png,50,36,1.3888888888888888,200924-1331-169.png
169,68,2.485294117647059,200924-1331-17.png,111,28,3.9642857142857144,200924-1331-17.png
66,68,0.9705882352941176,200924-1331-172.png,31,19,1.631578947368421,200924-1331-172.png
157,73,2.1506849315068495,200924-1331-175.png,75,31,2.4193548387096775,200924-1331-175.png
95,85,1.1176470588235294,200924-1331-176.png,44,28,1.5714285714285714,200924-1331-176.png
112,69,1.6231884057971016,200924-1331-178.png,56,28,2.0,200924-1331-178.png
306,102,3.0,200924-1331-18.png,139,31,4.483870967741935,200924-1331-18.png
87,68,1.2794117647058822,200924-1331-180.png,39,28,1.3928571428571428,200924-1331-180.png
172,107,1.6074766355140186,200924-1331-181.png,67,42,1.5952380952380953,200924-1331-181.png
56,71,0.7887323943661971,200924-1331-182.png,14,14,1.0,200924-1331-182.png
96,67,1.4328358208955223,200924-1331-183.png,42,19,2.210526315789474,200924-1331-183.png
59,70,0.8428571428571429,200924-1331-185.png,39,25,1.56,200924-1331-185.png
84,54,1.5555555555555556,200924-1331-186.png,25,14,1.7857142857142858,200924-1331-186.png
63,77,0.8181818181818182,200924-1331-187.png,31,25,1.24,200924-1331-187.png
122,69,1.7681159420289856,200924-1331-189.png,97,28,3.4642857142857144,200924-1331-189.png
308,104,2.9615384615384617,200924-1331-19.png,150,31,4.838709677419355,200924-1331-19.png
142,64,2.21875,200924-1331-191.png,97,28,3.4642857142857144,200924-1331-191.png
125,69,1.8115942028985508,200924-1331-192.png,94,28,3.357142857142857,200924-1331-192.png
216,128,1.6875,200924-1331-195.png,69,42,1.6428571428571428,200924-1331-195.png
258,84,3.0714285714285716,200924-1331-196.png,100,28,3.5714285714285716,200924-1331-196.png
56,61,0.9180327868852459,200924-1331-197.png,28,19,1.4736842105263157,200924-1331-197.png
126,79,1.5949367088607596,200924-1331-199.png,94,28,3.357142857142857,200924-1331-199.png
129,77,1.6753246753246753,200924-1331-200.png,114,33,3.4545454545454546,200924-1331-200.png
60,72,0.8333333333333334,200924-1331-201.png,14,14,1.0,200924-1331-201.png
100,66,1.5151515151515151,200924-1331-202.png,78,22,3.5454545454545454,200924-1331-202.png
141,86,1.6395348837209303,200924-1331-203.png,97,33,2.9393939393939394,200924-1331-203.png
127,78,1.6282051282051282,200924-1331-204.png,61,28,2.1785714285714284,200924-1331-204.png
71,117,0.6068376068376068,200924-1331-205.png,8,19,0.42105263157894735,200924-1331-205.png
43,54,0.7962962962962963,200924-1331-21.png,17,19,0.8947368421052632,200924-1331-21.png
90,68,1.3235294117647058,200924-1331-212.png,42,28,1.5,200924-1331-212.png
247,111,2.225225225225225,200924-1331-215.png,150,31,4.838709677419355,200924-1331-215.png
26,54,0.48148148148148145,200924-1331-216.png,14,19,0.7368421052631579,200924-1331-216.png
75,61,1.2295081967213115,200924-1331-219.png,25,17,1.4705882352941178,200924-1331-219.png
95,61,1.5573770491803278,200924-1331-22.png,50,19,2.6315789473684212,200924-1331-22.png
48,54,0.8888888888888888,200924-1331-220.png,11,19,0.5789473684210527,200924-1331-220.png
52,56,0.9285714285714286,200924-1331-222.png,28,19,1.4736842105263157,200924-1331-222.png
157,78,2.0128205128205128,200924-1331-224.png,56,28,2.0,200924-1331-224.png
93,66,1.4090909090909092,200924-1331-225.png,64,33,1.9393939393939394,200924-1331-225.png
102,81,1.2592592592592593,200924-1331-226.png,75,28,2.6785714285714284,200924-1331-226.png
153,65,2.353846153846154,200924-1331-23.png,89,22,4.045454545454546,200924-1331-23.png
89,56,1.5892857142857142,200924-1331-232.png,50,19,2.6315789473684212,200924-1331-232.png
153,67,2.283582089552239,200924-1331-233.png,67,22,3.0454545454545454,200924-1331-233.png
134,75,1.7866666666666666,200924-1331-234.png,86,28,3.0714285714285716,200924-1331-234.png
315,90,3.5,200924-1331-237.png,164,25,6.56,200924-1331-237.png
191,136,1.4044117647058822,200924-1331-238.png,39,33,1.1818181818181819,200924-1331-238.png
59,61,0.9672131147540983,200924-1331-239.png,17,14,1.2142857142857142,200924-1331-239.png
267,98,2.7244897959183674,200924-1331-24.png,219,36,6.083333333333333,200924-1331-24.png
104,69,1.5072463768115942,200924-1331-242.png,89,33,2.696969696969697,200924-1331-242.png
55,72,0.7638888888888888,200924-1331-243.png,28,25,1.12,200924-1331-243.png
98,81,1.2098765432098766,200924-1331-244.png,58,28,2.0714285714285716,200924-1331-244.png
87,67,1.2985074626865671,200924-1331-245.png,56,28,2.0,200924-1331-245.png
129,128,1.0078125,200924-1331-247.png,17,36,0.4722222222222222,200924-1331-247.png
53,56,0.9464285714285714,200924-1331-248.png,22,19,1.1578947368421053,200924-1331-248.png
106,124,0.8548387096774194,200924-1331-249.png,39,25,1.56,200924-1331-249.png
86,76,1.131578947368421,200924-1331-251.png,47,31,1.5161290322580645,200924-1331-251.png
89,66,1.3484848484848484,200924-1331-252.png,39,19,2.0526315789473686,200924-1331-252.png
193,93,2.075268817204301,200924-1331-253.png,103,28,3.6785714285714284,200924-1331-253.png
55,54,1.0185185185185186,200924-1331-259.png,17,14,1.2142857142857142,200924-1331-259.png
272,133,2.045112781954887,200924-1331-26.png,108,39,2.769230769230769,200924-1331-26.png
45,58,0.7758620689655172,200924-1331-260.png,22,19,1.1578947368421053,200924-1331-260.png
90,85,1.0588235294117647,200924-1331-261.png,58,25,2.32,200924-1331-261.png
105,68,1.5441176470588236,200924-1331-264.png,86,33,2.606060606060606,200924-1331-264.png
195,143,1.3636363636363635,200924-1331-266.png,69,36,1.9166666666666667,200924-1331-266.png
227,99,2.292929292929293,200924-1331-267.png,117,28,4.178571428571429,200924-1331-267.png
46,54,0.8518518518518519,200924-1331-268.png,22,19,1.1578947368421053,200924-1331-268.png
60,83,0.7228915662650602,200924-1331-269.png,36,25,1.44,200924-1331-269.png
198,89,2.2247191011235956,200924-1331-270.png,131,22,5.954545454545454,200924-1331-270.png
65,60,1.0833333333333333,200924-1331-271.png,36,19,1.894736842105263,200924-1331-271.png
120,66,1.8181818181818181,200924-1331-273.png,89,28,3.1785714285714284,200924-1331-273.png
62,54,1.1481481481481481,200924-1331-274.png,36,19,1.894736842105263,200924-1331-274.png
80,80,1.0,200924-1331-275.png,31,25,1.24,200924-1331-275.png
170,134,1.2686567164179106,200924-1331-276.png,56,25,2.24,200924-1331-276.png
87,60,1.45,200924-1331-278.png,47,28,1.6785714285714286,200924-1331-278.png
80,108,0.7407407407407407,200924-1331-279.png,8,19,0.42105263157894735,200924-1331-279.png
62,77,0.8051948051948052,200924-1331-283.png,14,14,1.0,200924-1331-283.png
159,137,1.1605839416058394,200924-1331-284.png,28,28,1.0,200924-1331-284.png
119,79,1.5063291139240507,200924-1331-286.png,86,31,2.774193548387097,200924-1331-286.png
246,190,1.2947368421052632,200924-1331-287.png,108,72,1.5,200924-1331-287.png
149,72,2.0694444444444446,200924-1331-288.png,39,17,2.2941176470588234,200924-1331-288.png
93,64,1.453125,200924-1331-289.png,75,22,3.409090909090909,200924-1331-289.png
87,61,1.4262295081967213,200924-1331-29.png,39,28,1.3928571428571428,200924-1331-29.png
79,74,1.0675675675675675,200924-1331-291.png,28,25,1.12,200924-1331-291.png
42,54,0.7777777777777778,200924-1331-292.png,14,19,0.7368421052631579,200924-1331-292.png
181,64,2.828125,200924-1331-293.png,128,28,4.571428571428571,200924-1331-293.png
354,143,2.4755244755244754,200924-1331-30.png,136,39,3.4871794871794872,200924-1331-30.png
358,86,4.162790697674419,200924-1331-32.png,200,25,8.0,200924-1331-32.png
144,92,1.565217391304348,200924-1331-33.png,72,33,2.1818181818181817,200924-1331-33.png
87,84,1.0357142857142858,200924-1331-35.png,36,19,1.894736842105263,200924-1331-35.png
306,153,2.0,200924-1331-36.png,147,39,3.769230769230769,200924-1331-36.png
281,87,3.2298850574712645,200924-1331-37.png,103,25,4.12,200924-1331-37.png
218,131,1.6641221374045803,200924-1331-38.png,58,33,1.7575757575757576,200924-1331-38.png
230,81,2.8395061728395063,200924-1331-39.png,150,25,6.0,200924-1331-39.png
85,60,1.4166666666666667,200924-1331-4.png,33,28,1.1785714285714286,200924-1331-4.png
78,62,1.2580645161290323,200924-1331-40.png,39,28,1.3928571428571428,200924-1331-40.png
84,69,1.2173913043478262,200924-1331-41.png,36,25,1.44,200924-1331-41.png
196,105,1.8666666666666667,200924-1331-42.png,78,33,2.3636363636363638,200924-1331-42.png
171,171,1.0,200924-1331-43.png,50,39,1.2820512820512822,200924-1331-43.png
113,94,1.202127659574468,200924-1331-46.png,53,25,2.12,200924-1331-46.png
67,72,0.9305555555555556,200924-1331-47.png,11,19,0.5789473684210527,200924-1331-47.png
132,127,1.0393700787401574,200924-1331-5.png,69,53,1.3018867924528301,200924-1331-5.png
215,85,2.5294117647058822,200924-1331-51.png,156,33,4.7272727272727275,200924-1331-51.png
40,54,0.7407407407407407,200924-1331-52.png,17,25,0.68,200924-1331-52.png
246,93,2.6451612903225805,200924-1331-54.png,147,31,4.741935483870968,200924-1331-54.png
183,83,2.2048192771084336,200924-1331-56.png,122,28,4.357142857142857,200924-1331-56.png
34,54,0.6296296296296297,200924-1331-58.png,14,19,0.7368421052631579,200924-1331-58.png
43,54,0.7962962962962963,200924-1331-59.png,22,19,1.1578947368421053,200924-1331-59.png
151,125,1.208,200924-1331-60.png,44,22,2.0,200924-1331-60.png
373,88,4.238636363636363,200924-1331-61.png,297,25,11.88,200924-1331-61.png
188,116,1.6206896551724137,200924-1331-63.png,69,33,2.090909090909091,200924-1331-63.png
222,67,3.3134328358208953,200924-1331-65.png,111,22,5.045454545454546,200924-1331-65.png
290,99,2.9292929292929295,200924-1331-67.png,131,31,4.225806451612903,200924-1331-67.png
304,87,3.4942528735632186,200924-1331-68.png,147,31,4.741935483870968,200924-1331-68.png
233,92,2.532608695652174,200924-1331-7.png,142,47,3.021276595744681,200924-1331-7.png
230,105,2.1904761904761907,200924-1331-73.png,156,42,3.7142857142857144,200924-1331-73.png
133,74,1.7972972972972974,200924-1331-78.png,36,17,2.1176470588235294,200924-1331-78.png
290,117,2.4786324786324787,200924-1331-82.png,153,47,3.25531914893617,200924-1331-82.png
39,54,0.7222222222222222,200924-1331-88.png,17,25,0.68,200924-1331-88.png
520,121,4.297520661157025,200924-1331-89.png,128,22,5.818181818181818,200924-1331-89.png
130,130,1.0,200924-1331-9.png,36,28,1.2857142857142858,200924-1331-9.png
181,134,1.3507462686567164,200924-1331-94.png,39,36,1.0833333333333333,200924-1331-94.png
511,85,6.011764705882353,200925-1126-0.png,256,33,7.757575757575758,200925-1126-0.png
358,122,2.9344262295081966,200925-1126-1.png,139,67,2.074626865671642,200925-1126-1.png
65,64,1.015625,200925-1126-10.png,36,28,1.2857142857142858,200925-1126-10.png
129,66,1.9545454545454546,200925-1126-100.png,64,28,2.2857142857142856,200925-1126-100.png
225,172,1.308139534883721,200925-1126-105.png,47,44,1.0681818181818181,200925-1126-105.png
137,72,1.9027777777777777,200925-1126-107.png,97,33,2.9393939393939394,200925-1126-107.png
110,74,1.4864864864864864,200925-1126-108.png,64,33,1.9393939393939394,200925-1126-108.png
98,60,1.6333333333333333,200925-1126-110.png,61,28,2.1785714285714284,200925-1126-110.png
112,80,1.4,200925-1126-111.png,44,31,1.4193548387096775,200925-1126-111.png
52,67,0.7761194029850746,200925-1126-114.png,14,19,0.7368421052631579,200925-1126-114.png
65,57,1.1403508771929824,200925-1126-116.png,36,19,1.894736842105263,200925-1126-116.png
92,67,1.373134328358209,200925-1126-119.png,47,28,1.6785714285714286,200925-1126-119.png
104,59,1.7627118644067796,200925-1126-120.png,81,28,2.892857142857143,200925-1126-120.png
115,59,1.9491525423728813,200925-1126-121.png,50,19,2.6315789473684212,200925-1126-121.png
176,81,2.1728395061728394,200925-1126-122.png,94,28,3.357142857142857,200925-1126-122.png
99,70,1.4142857142857144,200925-1126-124.png,61,28,2.1785714285714284,200925-1126-124.png
87,66,1.3181818181818181,200925-1126-125.png,42,28,1.5,200925-1126-125.png
66,64,1.03125,200925-1126-126.png,33,25,1.32,200925-1126-126.png
236,103,2.29126213592233,200925-1126-13.png,172,33,5.212121212121212,200925-1126-13.png
99,69,1.434782608695652,200925-1126-130.png,47,28,1.6785714285714286,200925-1126-130.png
145,72,2.013888888888889,200925-1126-131.png,86,28,3.0714285714285716,200925-1126-131.png
99,71,1.3943661971830985,200925-1126-132.png,17,14,1.2142857142857142,200925-1126-132.png
98,61,1.6065573770491803,200925-1126-134.png,47,28,1.6785714285714286,200925-1126-134.png
96,66,1.4545454545454546,200925-1126-135.png,47,19,2.473684210526316,200925-1126-135.png
58,54,1.0740740740740742,200925-1126-136.png,17,14,1.2142857142857142,200925-1126-136.png
62,54,1.1481481481481481,200925-1126-137.png,33,22,1.5,200925-1126-137.png
149,57,2.6140350877192984,200925-1126-138.png,83,22,3.772727272727273,200925-1126-138.png
100,68,1.4705882352941178,200925-1126-139.png,36,28,1.2857142857142858,200925-1126-139.png
198,112,1.7678571428571428,200925-1126-14.png,125,50,2.5,200925-1126-14.png
87,61,1.4262295081967213,200925-1126-140.png,47,31,1.5161290322580645,200925-1126-140.png
117,93,1.2580645161290323,200925-1126-141.png,36,25,1.44,200925-1126-141.png
85,56,1.5178571428571428,200925-1126-143.png,58,28,2.0714285714285716,200925-1126-143.png
96,59,1.6271186440677967,200925-1126-145.png,50,28,1.7857142857142858,200925-1126-145.png
233,180,1.2944444444444445,200925-1126-147.png,50,39,1.2820512820512822,200925-1126-147.png
169,63,2.6825396825396823,200925-1126-148.png,83,25,3.32,200925-1126-148.png
262,96,2.7291666666666665,200925-1126-151.png,139,36,3.861111111111111,200925-1126-151.png
94,64,1.46875,200925-1126-153.png,47,31,1.5161290322580645,200925-1126-153.png
196,91,2.1538461538461537,200925-1126-155.png,83,28,2.9642857142857144,200925-1126-155.png
75,58,1.293103448275862,200925-1126-156.png,28,19,1.4736842105263157,200925-1126-156.png
182,125,1.456,200925-1126-157.png,67,44,1.5227272727272727,200925-1126-157.png
77,60,1.2833333333333334,200925-1126-159.png,36,28,1.2857142857142858,200925-1126-159.png
71,62,1.1451612903225807,200925-1126-160.png,39,28,1.3928571428571428,200925-1126-160.png
173,85,2.0352941176470587,200925-1126-162.png,75,22,3.409090909090909,200925-1126-162.png
33,107,0.308411214953271,200925-1126-164.png,8,19,0.42105263157894735,200925-1126-164.png
53,69,0.7681159420289855,200925-1126-167.png,14,19,0.7368421052631579,200925-1126-167.png
323,149,2.1677852348993287,200925-1126-17.png,92,39,2.358974358974359,200925-1126-17.png
147,79,1.860759493670886,200925-1126-170.png,92,28,3.2857142857142856,200925-1126-170.png
77,54,1.4259259259259258,200925-1126-171.png,25,14,1.7857142857142858,200925-1126-171.png
90,54,1.6666666666666667,200925-1126-172.png,39,17,2.2941176470588234,200925-1126-172.png
249,75,3.32,200925-1126-173.png,139,22,6.318181818181818,200925-1126-173.png
199,69,2.8840579710144927,200925-1126-174.png,125,28,4.464285714285714,200925-1126-174.png
38,54,0.7037037037037037,200925-1126-176.png,14,19,0.7368421052631579,200925-1126-176.png
50,61,0.819672131147541,200925-1126-178.png,17,14,1.2142857142857142,200925-1126-178.png
408,115,3.5478260869565217,200925-1126-18.png,139,31,4.483870967741935,200925-1126-18.png
36,54,0.6666666666666666,200925-1126-180.png,14,19,0.7368421052631579,200925-1126-180.png
266,83,3.2048192771084336,200925-1126-182.png,128,25,5.12,200925-1126-182.png
115,60,1.9166666666666667,200925-1126-183.png,50,19,2.6315789473684212,200925-1126-183.png
44,54,0.8148148148148148,200925-1126-184.png,17,19,0.8947368421052632,200925-1126-184.png
102,84,1.2142857142857142,200925-1126-189.png,56,36,1.5555555555555556,200925-1126-189.png
321,91,3.5274725274725274,200925-1126-19.png,150,31,4.838709677419355,200925-1126-19.png
181,70,2.585714285714286,200925-1126-190.png,125,25,5.0,200925-1126-190.png
85,59,1.4406779661016949,200925-1126-192.png,25,17,1.4705882352941178,200925-1126-192.png
77,58,1.3275862068965518,200925-1126-194.png,36,19,1.894736842105263,200925-1126-194.png
52,54,0.9629629629629629,200925-1126-198.png,11,19,0.5789473684210527,200925-1126-198.png
213,101,2.108910891089109,200925-1126-2.png,119,36,3.3055555555555554,200925-1126-2.png
239,101,2.366336633663366,200925-1126-200.png,142,36,3.9444444444444446,200925-1126-200.png
118,99,1.1919191919191918,200925-1126-204.png,22,25,0.88,200925-1126-204.png
102,67,1.5223880597014925,200925-1126-205.png,39,28,1.3928571428571428,200925-1126-205.png
173,80,2.1625,200925-1126-206.png,97,28,3.4642857142857144,200925-1126-206.png
216,176,1.2272727272727273,200925-1126-208.png,33,50,0.66,200925-1126-208.png
101,118,0.8559322033898306,200925-1126-209.png,22,22,1.0,200925-1126-209.png
134,70,1.9142857142857144,200925-1126-210.png,64,19,3.3684210526315788,200925-1126-210.png
380,88,4.318181818181818,200925-1126-24.png,219,36,6.083333333333333,200925-1126-24.png
229,111,2.063063063063063,200925-1126-26.png,108,39,2.769230769230769,200925-1126-26.png
105,63,1.6666666666666667,200925-1126-27.png,69,28,2.4642857142857144,200925-1126-27.png
111,67,1.6567164179104477,200925-1126-28.png,44,22,2.0,200925-1126-28.png
115,84,1.369047619047619,200925-1126-29.png,31,25,1.24,200925-1126-29.png
383,137,2.795620437956204,200925-1126-30.png,136,39,3.4871794871794872,200925-1126-30.png
396,147,2.693877551020408,200925-1126-31.png,136,39,3.4871794871794872,200925-1126-31.png
351,76,4.618421052631579,200925-1126-32.png,200,25,8.0,200925-1126-32.png
93,57,1.631578947368421,200925-1126-34.png,36,19,1.894736842105263,200925-1126-34.png
324,114,2.8421052631578947,200925-1126-36.png,147,39,3.769230769230769,200925-1126-36.png
215,70,3.0714285714285716,200925-1126-37.png,103,25,4.12,200925-1126-37.png
210,121,1.7355371900826446,200925-1126-38.png,58,33,1.7575757575757576,200925-1126-38.png
53,54,0.9814814814814815,200925-1126-39.png,44,22,2.0,200925-1126-39.png
227,84,2.7023809523809526,200925-1126-4.png,125,28,4.464285714285714,200925-1126-4.png
103,81,1.271604938271605,200925-1126-40.png,58,36,1.6111111111111112,200925-1126-40.png
112,72,1.5555555555555556,200925-1126-41.png,61,31,1.967741935483871,200925-1126-41.png
196,88,2.227272727272727,200925-1126-42.png,78,33,2.3636363636363638,200925-1126-42.png
227,136,1.6691176470588236,200925-1126-43.png,50,39,1.2820512820512822,200925-1126-43.png
259,94,2.75531914893617,200925-1126-44.png,147,39,3.769230769230769,200925-1126-44.png
251,82,3.0609756097560976,200925-1126-48.png,128,33,3.878787878787879,200925-1126-48.png
192,66,2.909090909090909,200925-1126-49.png,122,28,4.357142857142857,200925-1126-49.png
70,59,1.1864406779661016,200925-1126-5.png,53,28,1.8928571428571428,200925-1126-5.png
39,54,0.7222222222222222,200925-1126-51.png,14,19,0.7368421052631579,200925-1126-51.png
247,78,3.1666666666666665,200925-1126-54.png,147,31,4.741935483870968,200925-1126-54.png
234,129,1.813953488372093,200925-1126-55.png,86,39,2.2051282051282053,200925-1126-55.png
183,73,2.506849315068493,200925-1126-56.png,122,28,4.357142857142857,200925-1126-56.png
178,91,1.956043956043956,200925-1126-58.png,167,50,3.34,200925-1126-58.png
158,108,1.462962962962963,200925-1126-60.png,44,22,2.0,200925-1126-60.png
501,81,6.185185185185185,200925-1126-61.png,297,25,11.88,200925-1126-61.png
37,54,0.6851851851851852,200925-1126-64.png,14,19,0.7368421052631579,200925-1126-64.png
97,61,1.5901639344262295,200925-1126-65.png,53,22,2.409090909090909,200925-1126-65.png
269,90,2.988888888888889,200925-1126-67.png,131,31,4.225806451612903,200925-1126-67.png
42,54,0.7777777777777778,200925-1126-69.png,22,19,1.1578947368421053,200925-1126-69.png
82,71,1.1549295774647887,200925-1126-70.png,44,22,2.0,200925-1126-70.png
435,103,4.223300970873787,200925-1126-72.png,264,67,3.9402985074626864,200925-1126-72.png
133,124,1.0725806451612903,200925-1126-73.png,44,36,1.2222222222222223,200925-1126-73.png
128,110,1.1636363636363636,200925-1126-74.png,44,25,1.76,200925-1126-74.png
133,141,0.9432624113475178,200925-1126-77.png,28,36,0.7777777777777778,200925-1126-77.png
321,311,1.0321543408360128,200925-1126-79.png,36,67,0.5373134328358209,200925-1126-79.png
165,98,1.683673469387755,200925-1126-80.png,78,28,2.7857142857142856,200925-1126-80.png
41,54,0.7592592592592593,200925-1126-81.png,14,14,1.0,200925-1126-81.png
156,74,2.108108108108108,200925-1126-82.png,69,25,2.76,200925-1126-82.png
72,56,1.2857142857142858,200925-1126-83.png,28,19,1.4736842105263157,200925-1126-83.png
361,185,1.9513513513513514,200925-1126-84.png,78,44,1.7727272727272727,200925-1126-84.png
175,152,1.1513157894736843,200925-1126-85.png,97,67,1.4477611940298507,200925-1126-85.png
52,56,0.9285714285714286,200925-1126-87.png,14,19,0.7368421052631579,200925-1126-87.png
84,61,1.3770491803278688,200925-1126-88.png,42,28,1.5,200925-1126-88.png
157,78,2.0128205128205128,200925-1126-9.png,97,33,2.9393939393939394,200925-1126-9.png
233,83,2.8072289156626504,200925-1126-93.png,142,33,4.303030303030303,200925-1126-93.png
80,58,1.3793103448275863,200925-1126-94.png,36,19,1.894736842105263,200925-1126-94.png
315,72,4.375,200925-1126-99.png,194,28,6.928571428571429,200925-1126-99.png
387,136,2.8455882352941178,200926-131-1.png,139,67,2.074626865671642,200926-131-1.png
140,71,1.971830985915493,200926-131-10.png,75,22,3.409090909090909,200926-131-10.png
39,54,0.7222222222222222,200926-131-101.png,17,19,0.8947368421052632,200926-131-101.png
113,73,1.547945205479452,200926-131-104.png,36,19,1.894736842105263,200926-131-104.png
194,95,2.042105263157895,200926-131-105.png,125,31,4.032258064516129,200926-131-105.png
183,80,2.2875,200926-131-106.png,125,33,3.787878787878788,200926-131-106.png
133,77,1.7272727272727273,200926-131-112.png,108,33,3.272727272727273,200926-131-112.png
73,103,0.7087378640776699,200926-131-114.png,22,19,1.1578947368421053,200926-131-114.png
268,179,1.4972067039106145,200926-131-121.png,144,72,2.0,200926-131-121.png
51,56,0.9107142857142857,200926-131-122.png,22,19,1.1578947368421053,200926-131-122.png
98,63,1.5555555555555556,200926-131-124.png,64,19,3.3684210526315788,200926-131-124.png
60,63,0.9523809523809523,200926-131-126.png,22,19,1.1578947368421053,200926-131-126.png
194,80,2.425,200926-131-127.png,56,22,2.5454545454545454,200926-131-127.png
99,61,1.6229508196721312,200926-131-129.png,78,19,4.105263157894737,200926-131-129.png
243,94,2.5851063829787235,200926-131-13.png,172,33,5.212121212121212,200926-131-13.png
99,76,1.3026315789473684,200926-131-130.png,53,28,1.8928571428571428,200926-131-130.png
43,54,0.7962962962962963,200926-131-131.png,17,19,0.8947368421052632,200926-131-131.png
115,70,1.6428571428571428,200926-131-133.png,78,31,2.5161290322580645,200926-131-133.png
185,70,2.642857142857143,200926-131-135.png,117,28,4.178571428571429,200926-131-135.png
155,85,1.8235294117647058,200926-131-136.png,94,33,2.8484848484848486,200926-131-136.png
62,59,1.0508474576271187,200926-131-138.png,36,19,1.894736842105263,200926-131-138.png
61,65,0.9384615384615385,200926-131-139.png,33,28,1.1785714285714286,200926-131-139.png
210,112,1.875,200926-131-14.png,125,50,2.5,200926-131-14.png
184,174,1.0574712643678161,200926-131-140.png,72,31,2.3225806451612905,200926-131-140.png
41,54,0.7592592592592593,200926-131-141.png,14,19,0.7368421052631579,200926-131-141.png
62,75,0.8266666666666667,200926-131-142.png,25,19,1.3157894736842106,200926-131-142.png
79,72,1.0972222222222223,200926-131-147.png,31,25,1.24,200926-131-147.png
227,92,2.467391304347826,200926-131-15.png,128,31,4.129032258064516,200926-131-15.png
194,119,1.6302521008403361,200926-131-151.png,47,22,2.1363636363636362,200926-131-151.png
46,54,0.8518518518518519,200926-131-152.png,17,14,1.2142857142857142,200926-131-152.png
83,143,0.5804195804195804,200926-131-153.png,8,19,0.42105263157894735,200926-131-153.png
57,54,1.0555555555555556,200926-131-156.png,22,19,1.1578947368421053,200926-131-156.png
242,67,3.611940298507463,200926-131-158.png,81,19,4.2631578947368425,200926-131-158.png
88,58,1.5172413793103448,200926-131-162.png,47,19,2.473684210526316,200926-131-162.png
217,84,2.5833333333333335,200926-131-165.png,144,31,4.645161290322581,200926-131-165.png
83,66,1.2575757575757576,200926-131-166.png,42,28,1.5,200926-131-166.png
75,63,1.1904761904761905,200926-131-167.png,36,19,1.894736842105263,200926-131-167.png
51,54,0.9444444444444444,200926-131-169.png,14,14,1.0,200926-131-169.png
85,60,1.4166666666666667,200926-131-174.png,42,28,1.5,200926-131-174.png
198,196,1.010204081632653,200926-131-175.png,44,42,1.0476190476190477,200926-131-175.png
266,124,2.1451612903225805,200926-131-177.png,100,25,4.0,200926-131-177.png
383,139,2.7553956834532376,200926-131-18.png,139,31,4.483870967741935,200926-131-18.png
69,54,1.2777777777777777,200926-131-180.png,33,19,1.736842105263158,200926-131-180.png
41,54,0.7592592592592593,200926-131-183.png,14,19,0.7368421052631579,200926-131-183.png
144,85,1.6941176470588235,200926-131-184.png,72,22,3.272727272727273,200926-131-184.png
137,145,0.9448275862068966,200926-131-185.png,50,39,1.2820512820512822,200926-131-185.png
213,77,2.7662337662337664,200926-131-189.png,128,28,4.571428571428571,200926-131-189.png
325,115,2.8260869565217392,200926-131-19.png,150,31,4.838709677419355,200926-131-19.png
182,124,1.467741935483871,200926-131-190.png,81,33,2.4545454545454546,200926-131-190.png
73,54,1.3518518518518519,200926-131-191.png,36,22,1.6363636363636365,200926-131-191.png
227,75,3.026666666666667,200926-131-196.png,136,31,4.387096774193548,200926-131-196.png
79,67,1.1791044776119404,200926-131-197.png,28,19,1.4736842105263157,200926-131-197.png
211,92,2.2934782608695654,200926-131-199.png,117,42,2.7857142857142856,200926-131-199.png
172,77,2.2337662337662336,200926-131-200.png,94,25,3.76,200926-131-200.png
65,54,1.2037037037037037,200926-131-206.png,42,22,1.9090909090909092,200926-131-206.png
69,83,0.8313253012048193,200926-131-207.png,22,19,1.1578947368421053,200926-131-207.png
333,182,1.8296703296703296,200926-131-208.png,131,47,2.7872340425531914,200926-131-208.png
201,127,1.5826771653543308,200926-131-209.png,119,47,2.5319148936170213,200926-131-209.png
170,63,2.6984126984126986,200926-131-21.png,78,19,4.105263157894737,200926-131-21.png
114,70,1.6285714285714286,200926-131-210.png,50,25,2.0,200926-131-210.png
91,64,1.421875,200926-131-215.png,50,28,1.7857142857142858,200926-131-215.png
146,76,1.9210526315789473,200926-131-217.png,92,28,3.2857142857142856,200926-131-217.png
76,128,0.59375,200926-131-218.png,11,25,0.44,200926-131-218.png
122,70,1.7428571428571429,200926-131-223.png,58,28,2.0714285714285716,200926-131-223.png
105,96,1.09375,200926-131-224.png,25,25,1.0,200926-131-224.png
91,69,1.318840579710145,200926-131-228.png,58,19,3.0526315789473686,200926-131-228.png
98,123,0.7967479674796748,200926-131-229.png,8,19,0.42105263157894735,200926-131-229.png
60,54,1.1111111111111112,200926-131-23.png,31,19,1.631578947368421,200926-131-23.png
179,96,1.8645833333333333,200926-131-231.png,89,31,2.870967741935484,200926-131-231.png
212,98,2.163265306122449,200926-131-233.png,133,33,4.03030303030303,200926-131-233.png
254,96,2.6458333333333335,200926-131-234.png,86,22,3.909090909090909,200926-131-234.png
139,81,1.7160493827160495,200926-131-235.png,100,28,3.5714285714285716,200926-131-235.png
45,64,0.703125,200926-131-236.png,17,25,0.68,200926-131-236.png
63,63,1.0,200926-131-239.png,36,19,1.894736842105263,200926-131-239.png
73,59,1.2372881355932204,200926-131-244.png,33,28,1.1785714285714286,200926-131-244.png
145,85,1.7058823529411764,200926-131-245.png,92,33,2.787878787878788,200926-131-245.png
127,66,1.9242424242424243,200926-131-246.png,92,28,3.2857142857142856,200926-131-246.png
253,130,1.9461538461538461,200926-131-26.png,108,39,2.769230769230769,200926-131-26.png
109,57,1.912280701754386,200926-131-27.png,81,19,4.2631578947368425,200926-131-27.png
396,179,2.212290502793296,200926-131-31.png,136,39,3.4871794871794872,200926-131-31.png
498,113,4.407079646017699,200926-131-32.png,200,25,8.0,200926-131-32.png
464,202,2.297029702970297,200926-131-36.png,147,39,3.769230769230769,200926-131-36.png
349,100,3.49,200926-131-37.png,103,25,4.12,200926-131-37.png
225,135,1.6666666666666667,200926-131-38.png,58,33,1.7575757575757576,200926-131-38.png
87,82,1.0609756097560976,200926-131-39.png,42,25,1.68,200926-131-39.png
235,86,2.7325581395348837,200926-131-4.png,192,31,6.193548387096774,200926-131-4.png
201,117,1.7179487179487178,200926-131-42.png,78,33,2.3636363636363638,200926-131-42.png
185,160,1.15625,200926-131-43.png,50,39,1.2820512820512822,200926-131-43.png
337,112,3.0089285714285716,200926-131-44.png,147,39,3.769230769230769,200926-131-44.png
56,61,0.9180327868852459,200926-131-45.png,28,19,1.4736842105263157,200926-131-45.png
141,79,1.7848101265822784,200926-131-46.png,50,22,2.272727272727273,200926-131-46.png
243,116,2.0948275862068964,200926-131-48.png,128,33,3.878787878787879,200926-131-48.png
70,75,0.9333333333333333,200926-131-5.png,11,19,0.5789473684210527,200926-131-5.png
86,72,1.1944444444444444,200926-131-52.png,58,25,2.32,200926-131-52.png
153,79,1.9367088607594938,200926-131-53.png,67,17,3.9411764705882355,200926-131-53.png
434,196,2.2142857142857144,200926-131-55.png,86,39,2.2051282051282053,200926-131-55.png
124,67,1.8507462686567164,200926-131-58.png,100,28,3.5714285714285716,200926-131-58.png
31,54,0.5740740740740741,200926-131-59.png,14,19,0.7368421052631579,200926-131-59.png
433,173,2.5028901734104045,200926-131-6.png,206,67,3.074626865671642,200926-131-6.png
430,82,5.2439024390243905,200926-131-61.png,297,25,11.88,200926-131-61.png
60,60,1.0,200926-131-63.png,25,19,1.3157894736842106,200926-131-63.png
46,54,0.8518518518518519,200926-131-69.png,14,19,0.7368421052631579,200926-131-69.png
222,99,2.242424242424242,200926-131-7.png,142,47,3.021276595744681,200926-131-7.png
76,64,1.1875,200926-131-70.png,42,19,2.210526315789474,200926-131-70.png
381,100,3.81,200926-131-72.png,264,67,3.9402985074626864,200926-131-72.png
135,105,1.2857142857142858,200926-131-73.png,44,36,1.2222222222222223,200926-131-73.png
54,54,1.0,200926-131-75.png,22,19,1.1578947368421053,200926-131-75.png
144,66,2.1818181818181817,200926-131-76.png,97,28,3.4642857142857144,200926-131-76.png
255,350,0.7285714285714285,200926-131-78.png,36,56,0.6428571428571429,200926-131-78.png
324,330,0.9818181818181818,200926-131-79.png,36,67,0.5373134328358209,200926-131-79.png
190,100,1.9,200926-131-80.png,78,28,2.7857142857142856,200926-131-80.png
126,54,2.3333333333333335,200926-131-81.png,81,22,3.6818181818181817,200926-131-81.png
129,91,1.4175824175824177,200926-131-82.png,100,33,3.0303030303030303,200926-131-82.png
399,200,1.995,200926-131-84.png,78,44,1.7727272727272727,200926-131-84.png
175,138,1.2681159420289856,200926-131-85.png,97,67,1.4477611940298507,200926-131-85.png
76,57,1.3333333333333333,200926-131-93.png,50,22,2.272727272727273,200926-131-93.png
462,80,5.775,200926-1550-0.png,256,33,7.757575757575758,200926-1550-0.png
159,96,1.65625,200926-1550-10.png,94,33,2.8484848484848486,200926-1550-10.png
77,69,1.1159420289855073,200926-1550-100.png,53,31,1.7096774193548387,200926-1550-100.png
76,57,1.3333333333333333,200926-1550-101.png,53,19,2.789473684210526,200926-1550-101.png
76,79,0.9620253164556962,200926-1550-102.png,39,25,1.56,200926-1550-102.png
145,62,2.338709677419355,200926-1550-103.png,81,22,3.6818181818181817,200926-1550-103.png
151,61,2.4754098360655736,200926-1550-108.png,94,22,4.2727272727272725,200926-1550-108.png
61,60,1.0166666666666666,200926-1550-11.png,28,19,1.4736842105263157,200926-1550-11.png
80,75,1.0666666666666667,200926-1550-110.png,47,28,1.6785714285714286,200926-1550-110.png
148,77,1.922077922077922,200926-1550-111.png,36,17,2.1176470588235294,200926-1550-111.png
173,79,2.189873417721519,200926-1550-112.png,103,28,3.6785714285714284,200926-1550-112.png
101,72,1.4027777777777777,200926-1550-113.png,69,28,2.4642857142857144,200926-1550-113.png
160,151,1.0596026490066226,200926-1550-114.png,39,39,1.0,200926-1550-114.png
142,69,2.0579710144927534,200926-1550-117.png,53,19,2.789473684210526,200926-1550-117.png
113,95,1.1894736842105262,200926-1550-118.png,67,33,2.0303030303030303,200926-1550-118.png
105,76,1.381578947368421,200926-1550-119.png,36,28,1.2857142857142858,200926-1550-119.png
208,108,1.9259259259259258,200926-1550-12.png,128,67,1.9104477611940298,200926-1550-12.png
58,79,0.7341772151898734,200926-1550-123.png,22,19,1.1578947368421053,200926-1550-123.png
78,64,1.21875,200926-1550-124.png,44,22,2.0,200926-1550-124.png
116,94,1.2340425531914894,200926-1550-125.png,64,25,2.56,200926-1550-125.png
47,54,0.8703703703703703,200926-1550-126.png,14,19,0.7368421052631579,200926-1550-126.png
157,89,1.7640449438202248,200926-1550-127.png,133,33,4.03030303030303,200926-1550-127.png
238,90,2.6444444444444444,200926-1550-13.png,172,33,5.212121212121212,200926-1550-13.png
69,62,1.1129032258064515,200926-1550-132.png,31,19,1.631578947368421,200926-1550-132.png
107,69,1.5507246376811594,200926-1550-135.png,83,28,2.9642857142857144,200926-1550-135.png
54,62,0.8709677419354839,200926-1550-137.png,14,19,0.7368421052631579,200926-1550-137.png
166,118,1.4067796610169492,200926-1550-139.png,69,39,1.7692307692307692,200926-1550-139.png
190,121,1.5702479338842976,200926-1550-14.png,125,50,2.5,200926-1550-14.png
79,88,0.8977272727272727,200926-1550-140.png,33,19,1.736842105263158,200926-1550-140.png
70,57,1.2280701754385965,200926-1550-143.png,44,19,2.3157894736842106,200926-1550-143.png
44,54,0.8148148148148148,200926-1550-144.png,11,19,0.5789473684210527,200926-1550-144.png
172,129,1.3333333333333333,200926-1550-146.png,111,83,1.3373493975903614,200926-1550-146.png
70,62,1.1290322580645162,200926-1550-147.png,36,28,1.2857142857142858,200926-1550-147.png
142,103,1.3786407766990292,200926-1550-148.png,67,39,1.7179487179487178,200926-1550-148.png
87,85,1.0235294117647058,200926-1550-15.png,50,25,2.0,200926-1550-15.png
89,76,1.1710526315789473,200926-1550-150.png,50,28,1.7857142857142858,200926-1550-150.png
65,54,1.2037037037037037,200926-1550-152.png,42,22,1.9090909090909092,200926-1550-152.png
114,140,0.8142857142857143,200926-1550-154.png,67,72,0.9305555555555556,200926-1550-154.png
82,82,1.0,200926-1550-156.png,25,19,1.3157894736842106,200926-1550-156.png
64,56,1.1428571428571428,200926-1550-157.png,36,19,1.894736842105263,200926-1550-157.png
258,80,3.225,200926-1550-158.png,150,28,5.357142857142857,200926-1550-158.png
183,140,1.3071428571428572,200926-1550-159.png,50,33,1.5151515151515151,200926-1550-159.png
130,63,2.0634920634920637,200926-1550-160.png,64,19,3.3684210526315788,200926-1550-160.png
90,57,1.5789473684210527,200926-1550-161.png,36,19,1.894736842105263,200926-1550-161.png
120,67,1.791044776119403,200926-1550-162.png,78,25,3.12,200926-1550-162.png
178,148,1.2027027027027026,200926-1550-163.png,53,39,1.358974358974359,200926-1550-163.png
346,125,2.768,200926-1550-18.png,139,31,4.483870967741935,200926-1550-18.png
308,101,3.0495049504950495,200926-1550-19.png,150,31,4.838709677419355,200926-1550-19.png
228,131,1.7404580152671756,200926-1550-2.png,119,36,3.3055555555555554,200926-1550-2.png
396,134,2.955223880597015,200926-1550-20.png,175,44,3.977272727272727,200926-1550-20.png
75,62,1.2096774193548387,200926-1550-21.png,44,28,1.5714285714285714,200926-1550-21.png
265,115,2.3043478260869565,200926-1550-26.png,108,39,2.769230769230769,200926-1550-26.png
48,54,0.8888888888888888,200926-1550-27.png,22,19,1.1578947368421053,200926-1550-27.png
342,142,2.408450704225352,200926-1550-30.png,136,39,3.4871794871794872,200926-1550-30.png
440,78,5.641025641025641,200926-1550-32.png,200,25,8.0,200926-1550-32.png
54,73,0.7397260273972602,200926-1550-34.png,8,19,0.42105263157894735,200926-1550-34.png
121,89,1.3595505617977528,200926-1550-35.png,100,33,3.0303030303030303,200926-1550-35.png
205,70,2.9285714285714284,200926-1550-37.png,103,25,4.12,200926-1550-37.png
205,141,1.4539007092198581,200926-1550-38.png,58,33,1.7575757575757576,200926-1550-38.png
84,62,1.3548387096774193,200926-1550-41.png,58,28,2.0714285714285716,200926-1550-41.png
210,130,1.6153846153846154,200926-1550-42.png,78,33,2.3636363636363638,200926-1550-42.png
172,141,1.2198581560283688,200926-1550-43.png,50,39,1.2820512820512822,200926-1550-43.png
267,105,2.5428571428571427,200926-1550-44.png,147,39,3.769230769230769,200926-1550-44.png
210,88,2.3863636363636362,200926-1550-48.png,128,33,3.878787878787879,200926-1550-48.png
189,66,2.8636363636363638,200926-1550-49.png,122,28,4.357142857142857,200926-1550-49.png
226,104,2.173076923076923,200926-1550-5.png,83,25,3.32,200926-1550-5.png
238,83,2.8674698795180724,200926-1550-54.png,147,31,4.741935483870968,200926-1550-54.png
295,153,1.9281045751633987,200926-1550-55.png,86,39,2.2051282051282053,200926-1550-55.png
161,75,2.1466666666666665,200926-1550-56.png,122,28,4.357142857142857,200926-1550-56.png
68,56,1.2142857142857142,200926-1550-57.png,36,19,1.894736842105263,200926-1550-57.png
140,75,1.8666666666666667,200926-1550-59.png,94,28,3.357142857142857,200926-1550-59.png
336,161,2.0869565217391304,200926-1550-6.png,206,67,3.074626865671642,200926-1550-6.png
149,109,1.3669724770642202,200926-1550-60.png,44,22,2.0,200926-1550-60.png
452,80,5.65,200926-1550-61.png,297,25,11.88,200926-1550-61.png
417,114,3.6578947368421053,200926-1550-62.png,256,31,8.258064516129032,200926-1550-62.png
100,63,1.5873015873015872,200926-1550-63.png,75,22,3.409090909090909,200926-1550-63.png
151,77,1.9610389610389611,200926-1550-64.png,114,31,3.6774193548387095,200926-1550-64.png
67,63,1.0634920634920635,200926-1550-65.png,47,28,1.6785714285714286,200926-1550-65.png
453,134,3.3805970149253732,200926-1550-66.png,244,47,5.191489361702128,200926-1550-66.png
188,86,2.186046511627907,200926-1550-67.png,131,31,4.225806451612903,200926-1550-67.png
216,84,2.5714285714285716,200926-1550-68.png,147,31,4.741935483870968,200926-1550-68.png
86,62,1.3870967741935485,200926-1550-69.png,61,19,3.210526315789474,200926-1550-69.png
198,101,1.9603960396039604,200926-1550-7.png,142,47,3.021276595744681,200926-1550-7.png
78,71,1.0985915492957747,200926-1550-70.png,33,28,1.1785714285714286,200926-1550-70.png
277,94,2.9468085106382977,200926-1550-72.png,264,67,3.9402985074626864,200926-1550-72.png
134,135,0.9925925925925926,200926-1550-73.png,44,36,1.2222222222222223,200926-1550-73.png
117,103,1.1359223300970873,200926-1550-74.png,44,25,1.76,200926-1550-74.png
104,93,1.118279569892473,200926-1550-76.png,39,22,1.7727272727272727,200926-1550-76.png
222,346,0.6416184971098265,200926-1550-78.png,36,56,0.6428571428571429,200926-1550-78.png
274,396,0.6919191919191919,200926-1550-79.png,36,67,0.5373134328358209,200926-1550-79.png
490,152,3.223684210526316,200926-1550-8.png,233,53,4.39622641509434,200926-1550-8.png
194,128,1.515625,200926-1550-80.png,78,28,2.7857142857142856,200926-1550-80.png
120,67,1.791044776119403,200926-1550-81.png,92,25,3.68,200926-1550-81.png
385,262,1.4694656488549618,200926-1550-84.png,78,44,1.7727272727272727,200926-1550-84.png
151,148,1.0202702702702702,200926-1550-85.png,97,67,1.4477611940298507,200926-1550-85.png
100,75,1.3333333333333333,200926-1550-94.png,47,19,2.473684210526316,200926-1550-94.png
306,140,2.1857142857142855,200926-1617-1.png,139,67,2.074626865671642,200926-1617-1.png
95,67,1.4179104477611941,200926-1617-10.png,36,19,1.894736842105263,200926-1617-10.png
81,59,1.3728813559322033,200926-1617-100.png,58,28,2.0714285714285716,200926-1617-100.png
218,115,1.8956521739130434,200926-1617-102.png,125,50,2.5,200926-1617-102.png
125,102,1.2254901960784315,200926-1617-103.png,50,33,1.5151515151515151,200926-1617-103.png
122,73,1.6712328767123288,200926-1617-105.png,69,28,2.4642857142857144,200926-1617-105.png
239,170,1.4058823529411764,200926-1617-106.png,53,39,1.358974358974359,200926-1617-106.png
234,68,3.4411764705882355,200926-1617-107.png,108,28,3.857142857142857,200926-1617-107.png
136,72,1.8888888888888888,200926-1617-108.png,50,19,2.6315789473684212,200926-1617-108.png
65,68,0.9558823529411765,200926-1617-109.png,33,28,1.1785714285714286,200926-1617-109.png
301,110,2.7363636363636363,200926-1617-110.png,119,28,4.25,200926-1617-110.png
203,84,2.4166666666666665,200926-1617-112.png,169,33,5.121212121212121,200926-1617-112.png
164,64,2.5625,200926-1617-114.png,64,19,3.3684210526315788,200926-1617-114.png
355,92,3.858695652173913,200926-1617-115.png,161,28,5.75,200926-1617-115.png
149,62,2.403225806451613,200926-1617-118.png,111,28,3.9642857142857144,200926-1617-118.png
115,66,1.7424242424242424,200926-1617-119.png,86,28,3.0714285714285716,200926-1617-119.png
316,118,2.6779661016949152,200926-1617-120.png,178,83,2.144578313253012,200926-1617-120.png
70,102,0.6862745098039216,200926-1617-121.png,8,19,0.42105263157894735,200926-1617-121.png
141,67,2.1044776119402986,200926-1617-122.png,50,22,2.272727272727273,200926-1617-122.png
103,74,1.3918918918918919,200926-1617-123.png,36,19,1.894736842105263,200926-1617-123.png
109,66,1.6515151515151516,200926-1617-125.png,47,28,1.6785714285714286,200926-1617-125.png
102,68,1.5,200926-1617-129.png,36,19,1.894736842105263,200926-1617-129.png
330,88,3.75,200926-1617-13.png,172,33,5.212121212121212,200926-1617-13.png
89,76,1.1710526315789473,200926-1617-130.png,31,28,1.1071428571428572,200926-1617-130.png
259,110,2.3545454545454545,200926-1617-131.png,147,47,3.127659574468085,200926-1617-131.png
137,66,2.0757575757575757,200926-1617-133.png,86,28,3.0714285714285716,200926-1617-133.png
186,92,2.0217391304347827,200926-1617-134.png,72,19,3.789473684210526,200926-1617-134.png
114,78,1.4615384615384615,200926-1617-135.png,36,19,1.894736842105263,200926-1617-135.png
76,54,1.4074074074074074,200926-1617-138.png,53,22,2.409090909090909,200926-1617-138.png
223,115,1.9391304347826086,200926-1617-14.png,125,50,2.5,200926-1617-14.png
107,56,1.9107142857142858,200926-1617-142.png,67,22,3.0454545454545454,200926-1617-142.png
273,116,2.353448275862069,200926-1617-144.png,144,53,2.7169811320754715,200926-1617-144.png
92,107,0.8598130841121495,200926-1617-145.png,17,39,0.4358974358974359,200926-1617-145.png
205,75,2.7333333333333334,200926-1617-15.png,128,28,4.571428571428571,200926-1617-15.png
47,54,0.8703703703703703,200926-1617-150.png,14,14,1.0,200926-1617-150.png
94,74,1.2702702702702702,200926-1617-152.png,42,22,1.9090909090909092,200926-1617-152.png
262,78,3.358974358974359,200926-1617-153.png,75,22,3.409090909090909,200926-1617-153.png
226,133,1.699248120300752,200926-1617-154.png,125,78,1.6025641025641026,200926-1617-154.png
41,54,0.7592592592592593,200926-1617-156.png,14,19,0.7368421052631579,200926-1617-156.png
203,142,1.4295774647887325,200926-1617-16.png,42,39,1.0769230769230769,200926-1617-16.png
64,60,1.0666666666666667,200926-1617-160.png,42,28,1.5,200926-1617-160.png
42,54,0.7777777777777778,200926-1617-161.png,22,19,1.1578947368421053,200926-1617-161.png
110,66,1.6666666666666667,200926-1617-162.png,56,22,2.5454545454545454,200926-1617-162.png
58,54,1.0740740740740742,200926-1617-163.png,17,14,1.2142857142857142,200926-1617-163.png
158,79,2.0,200926-1617-164.png,100,36,2.7777777777777777,200926-1617-164.png
196,97,2.020618556701031,200926-1617-167.png,97,28,3.4642857142857144,200926-1617-167.png
69,68,1.0147058823529411,200926-1617-168.png,39,25,1.56,200926-1617-168.png
113,86,1.313953488372093,200926-1617-17.png,36,22,1.6363636363636365,200926-1617-17.png
99,64,1.546875,200926-1617-170.png,58,28,2.0714285714285716,200926-1617-170.png
139,67,2.074626865671642,200926-1617-174.png,94,33,2.8484848484848486,200926-1617-174.png
170,81,2.0987654320987654,200926-1617-175.png,94,31,3.032258064516129,200926-1617-175.png
109,60,1.8166666666666667,200926-1617-176.png,50,28,1.7857142857142858,200926-1617-176.png
135,68,1.9852941176470589,200926-1617-177.png,58,22,2.6363636363636362,200926-1617-177.png
373,131,2.8473282442748094,200926-1617-18.png,139,31,4.483870967741935,200926-1617-18.png
188,96,1.9583333333333333,200926-1617-180.png,119,72,1.6527777777777777,200926-1617-180.png
109,67,1.626865671641791,200926-1617-184.png,50,28,1.7857142857142858,200926-1617-184.png
64,60,1.0666666666666667,200926-1617-185.png,47,28,1.6785714285714286,200926-1617-185.png
92,106,0.8679245283018868,200926-1617-186.png,22,25,0.88,200926-1617-186.png
150,72,2.0833333333333335,200926-1617-187.png,36,17,2.1176470588235294,200926-1617-187.png
102,63,1.619047619047619,200926-1617-188.png,67,22,3.0454545454545454,200926-1617-188.png
377,124,3.0403225806451615,200926-1617-19.png,150,31,4.838709677419355,200926-1617-19.png
89,86,1.0348837209302326,200926-1617-191.png,25,22,1.1363636363636365,200926-1617-191.png
94,54,1.7407407407407407,200926-1617-192.png,36,17,2.1176470588235294,200926-1617-192.png
42,54,0.7777777777777778,200926-1617-193.png,14,19,0.7368421052631579,200926-1617-193.png
87,59,1.4745762711864407,200926-1617-194.png,50,28,1.7857142857142858,200926-1617-194.png
192,78,2.4615384615384617,200926-1617-195.png,114,33,3.4545454545454546,200926-1617-195.png
181,83,2.180722891566265,200926-1617-197.png,89,33,2.696969696969697,200926-1617-197.png
170,138,1.2318840579710144,200926-1617-198.png,83,53,1.5660377358490567,200926-1617-198.png
203,104,1.9519230769230769,200926-1617-2.png,119,36,3.3055555555555554,200926-1617-2.png
58,54,1.0740740740740742,200926-1617-204.png,17,19,0.8947368421052632,200926-1617-204.png
202,86,2.3488372093023258,200926-1617-208.png,58,22,2.6363636363636362,200926-1617-208.png
197,78,2.5256410256410255,200926-1617-209.png,100,22,4.545454545454546,200926-1617-209.png
271,129,2.10077519379845,200926-1617-21.png,89,42,2.119047619047619,200926-1617-21.png
99,67,1.4776119402985075,200926-1617-210.png,36,19,1.894736842105263,200926-1617-210.png
72,60,1.2,200926-1617-212.png,47,28,1.6785714285714286,200926-1617-212.png
45,54,0.8333333333333334,200926-1617-214.png,14,14,1.0,200926-1617-214.png
164,146,1.1232876712328768,200926-1617-215.png,31,22,1.4090909090909092,200926-1617-215.png
75,57,1.3157894736842106,200926-1617-216.png,36,19,1.894736842105263,200926-1617-216.png
203,82,2.475609756097561,200926-1617-217.png,106,31,3.4193548387096775,200926-1617-217.png
91,58,1.5689655172413792,200926-1617-218.png,47,28,1.6785714285714286,200926-1617-218.png
69,77,0.8961038961038961,200926-1617-22.png,33,25,1.32,200926-1617-22.png
47,54,0.8703703703703703,200926-1617-220.png,31,19,1.631578947368421,200926-1617-220.png
110,92,1.1956521739130435,200926-1617-225.png,14,19,0.7368421052631579,200926-1617-225.png
190,68,2.7941176470588234,200926-1617-226.png,119,28,4.25,200926-1617-226.png
154,66,2.3333333333333335,200926-1617-228.png,50,19,2.6315789473684212,200926-1617-228.png
123,68,1.8088235294117647,200926-1617-231.png,83,28,2.9642857142857144,200926-1617-231.png
389,90,4.322222222222222,200926-1617-232.png,194,28,6.928571428571429,200926-1617-232.png
49,100,0.49,200926-1617-234.png,11,25,0.44,200926-1617-234.png
220,110,2.0,200926-1617-237.png,106,28,3.7857142857142856,200926-1617-237.png
79,57,1.3859649122807018,200926-1617-238.png,36,19,1.894736842105263,200926-1617-238.png
116,63,1.8412698412698412,200926-1617-239.png,67,28,2.392857142857143,200926-1617-239.png
436,98,4.448979591836735,200926-1617-24.png,219,36,6.083333333333333,200926-1617-24.png
94,72,1.3055555555555556,200926-1617-240.png,94,28,3.357142857142857,200926-1617-240.png
60,69,0.8695652173913043,200926-1617-242.png,25,25,1.0,200926-1617-242.png
232,109,2.128440366972477,200926-1617-243.png,97,72,1.3472222222222223,200926-1617-243.png
47,54,0.8703703703703703,200926-1617-246.png,22,19,1.1578947368421053,200926-1617-246.png
83,78,1.064102564102564,200926-1617-250.png,25,19,1.3157894736842106,200926-1617-250.png
47,54,0.8703703703703703,200926-1617-252.png,22,19,1.1578947368421053,200926-1617-252.png
79,63,1.253968253968254,200926-1617-253.png,47,28,1.6785714285714286,200926-1617-253.png
167,80,2.0875,200926-1617-256.png,83,69,1.2028985507246377,200926-1617-256.png
310,128,2.421875,200926-1617-26.png,108,39,2.769230769230769,200926-1617-26.png
94,71,1.323943661971831,200926-1617-27.png,58,36,1.6111111111111112,200926-1617-27.png
76,75,1.0133333333333334,200926-1617-3.png,14,19,0.7368421052631579,200926-1617-3.png
357,142,2.5140845070422535,200926-1617-30.png,136,39,3.4871794871794872,200926-1617-30.png
386,150,2.5733333333333333,200926-1617-31.png,136,39,3.4871794871794872,200926-1617-31.png
422,91,4.637362637362638,200926-1617-32.png,200,25,8.0,200926-1617-32.png
251,73,3.4383561643835616,200926-1617-37.png,103,25,4.12,200926-1617-37.png
175,111,1.5765765765765767,200926-1617-38.png,58,33,1.7575757575757576,200926-1617-38.png
375,153,2.450980392156863,200926-1617-40.png,172,75,2.2933333333333334,200926-1617-40.png
210,121,1.7355371900826446,200926-1617-42.png,78,33,2.3636363636363638,200926-1617-42.png
170,142,1.1971830985915493,200926-1617-43.png,50,39,1.2820512820512822,200926-1617-43.png
115,76,1.513157894736842,200926-1617-47.png,22,19,1.1578947368421053,200926-1617-47.png
231,97,2.381443298969072,200926-1617-48.png,128,33,3.878787878787879,200926-1617-48.png
260,142,1.8309859154929577,200926-1617-55.png,86,39,2.2051282051282053,200926-1617-55.png
217,85,2.552941176470588,200926-1617-56.png,122,28,4.357142857142857,200926-1617-56.png
71,54,1.3148148148148149,200926-1617-57.png,14,14,1.0,200926-1617-57.png
177,126,1.4047619047619047,200926-1617-60.png,44,22,2.0,200926-1617-60.png
587,88,6.670454545454546,200926-1617-61.png,297,25,11.88,200926-1617-61.png
178,87,2.045977011494253,200926-1617-63.png,114,31,3.6774193548387095,200926-1617-63.png
111,70,1.5857142857142856,200926-1617-64.png,69,22,3.1363636363636362,200926-1617-64.png
155,69,2.246376811594203,200926-1617-65.png,69,28,2.4642857142857144,200926-1617-65.png
104,90,1.1555555555555554,200926-1617-69.png,36,25,1.44,200926-1617-69.png
249,86,2.895348837209302,200926-1617-7.png,142,47,3.021276595744681,200926-1617-7.png
142,70,2.0285714285714285,200926-1617-70.png,92,28,3.2857142857142856,200926-1617-70.png
73,59,1.2372881355932204,200926-1617-71.png,42,28,1.5,200926-1617-71.png
274,100,2.74,200926-1617-72.png,264,67,3.9402985074626864,200926-1617-72.png
141,121,1.165289256198347,200926-1617-73.png,44,36,1.2222222222222223,200926-1617-73.png
113,93,1.2150537634408602,200926-1617-74.png,44,25,1.76,200926-1617-74.png
128,67,1.9104477611940298,200926-1617-76.png,108,33,3.272727272727273,200926-1617-76.png
179,78,2.2948717948717947,200926-1617-77.png,147,31,4.741935483870968,200926-1617-77.png
321,349,0.9197707736389685,200926-1617-78.png,36,56,0.6428571428571429,200926-1617-78.png
326,366,0.8907103825136612,200926-1617-79.png,36,67,0.5373134328358209,200926-1617-79.png
213,92,2.3152173913043477,200926-1617-80.png,78,28,2.7857142857142856,200926-1617-80.png
296,88,3.3636363636363638,200926-1617-81.png,144,28,5.142857142857143,200926-1617-81.png
120,62,1.935483870967742,200926-1617-82.png,64,22,2.909090909090909,200926-1617-82.png
330,205,1.6097560975609757,200926-1617-84.png,78,44,1.7727272727272727,200926-1617-84.png
180,150,1.2,200926-1617-85.png,97,67,1.4477611940298507,200926-1617-85.png
269,161,1.670807453416149,200926-1617-87.png,25,31,0.8064516129032258,200926-1617-87.png
150,70,2.142857142857143,200926-1617-88.png,94,28,3.357142857142857,200926-1617-88.png
232,76,3.0526315789473686,200926-1617-89.png,142,33,4.303030303030303,200926-1617-89.png
187,148,1.2635135135135136,200926-1617-9.png,69,47,1.4680851063829787,200926-1617-9.png
159,71,2.23943661971831,200926-1617-93.png,100,28,3.5714285714285716,200926-1617-93.png
54,54,1.0,200926-1617-99.png,17,19,0.8947368421052632,200926-1617-99.png
74,59,1.2542372881355932,2_em_3.png,47,28,1.6785714285714286,2_em_3.png
81,68,1.1911764705882353,2_em_7.png,42,28,1.5,2_em_7.png
81,70,1.1571428571428573,3_em_11.png,64,28,2.2857142857142856,3_em_11.png
70,72,0.9722222222222222,3_em_18.png,53,28,1.8928571428571428,3_em_18.png
133,89,1.4943820224719102,4_em_22.png,69,28,2.4642857142857144,4_em_22.png
161,70,2.3,4_em_26.png,97,28,3.4642857142857144,4_em_26.png
147,86,1.7093023255813953,4_em_27.png,75,28,2.6785714285714284,4_em_27.png
82,74,1.1081081081081081,5_em_30.png,50,28,1.7857142857142858,5_em_30.png
368,64,5.75,65_Fabricio.png,125,19,6.578947368421052,65_Fabricio.png
420,68,6.176470588235294,65_Frank.png,125,19,6.578947368421052,65_Frank.png
301,72,4.180555555555555,65_Nina.png,125,19,6.578947368421052,65_Nina.png
360,74,4.864864864864865,65_alfonso.png,125,19,6.578947368421052,65_alfonso.png
390,70,5.571428571428571,65_carlos.png,125,19,6.578947368421052,65_carlos.png
363,64,5.671875,65_caue.png,125,19,6.578947368421052,65_caue.png
415,77,5.3896103896103895,65_daniel.png,125,19,6.578947368421052,65_daniel.png
423,80,5.2875,65_david.png,125,19,6.578947368421052,65_david.png
314,70,4.485714285714286,65_edwin.png,125,19,6.578947368421052,65_edwin.png
349,64,5.453125,65_herbert.png,125,19,6.578947368421052,65_herbert.png
336,67,5.014925373134329,65_jorge.png,125,19,6.578947368421052,65_jorge.png
416,68,6.117647058823529,65_leissi.png,125,19,6.578947368421052,65_leissi.png
299,66,4.53030303030303,65_leo.png,125,19,6.578947368421052,65_leo.png
384,64,6.0,65_maira.png,125,19,6.578947368421052,65_maira.png
445,70,6.357142857142857,65_miguel.png,125,19,6.578947368421052,65_miguel.png
330,74,4.45945945945946,65_mijail.png,125,19,6.578947368421052,65_mijail.png
301,83,3.6265060240963853,65_rosario.png,125,19,6.578947368421052,65_rosario.png
406,76,5.342105263157895,65_user0.png,125,19,6.578947368421052,65_user0.png
521,165,3.1575757575757577,70_Fabricio.png,183,44,4.159090909090909,70_Fabricio.png
539,153,3.522875816993464,70_Frank.png,183,44,4.159090909090909,70_Frank.png
397,160,2.48125,70_Nina.png,183,44,4.159090909090909,70_Nina.png
563,159,3.540880503144654,70_alfonso.png,183,44,4.159090909090909,70_alfonso.png
644,164,3.926829268292683,70_carlos.png,183,44,4.159090909090909,70_carlos.png
554,160,3.4625,70_caue.png,183,44,4.159090909090909,70_caue.png
489,154,3.175324675324675,70_daniel.png,183,44,4.159090909090909,70_daniel.png
465,154,3.0194805194805197,70_david.png,183,44,4.159090909090909,70_david.png
560,154,3.6363636363636362,70_edwin.png,183,44,4.159090909090909,70_edwin.png
465,159,2.9245283018867925,70_hirata.png,183,44,4.159090909090909,70_hirata.png
547,156,3.5064102564102564,70_jorge.png,183,44,4.159090909090909,70_jorge.png
485,145,3.3448275862068964,70_leissi.png,183,44,4.159090909090909,70_leissi.png
501,137,3.656934306569343,70_leo.png,183,44,4.159090909090909,70_leo.png
572,167,3.4251497005988023,70_maira.png,183,44,4.159090909090909,70_maira.png
602,166,3.6265060240963853,70_miguel.png,183,44,4.159090909090909,70_miguel.png
415,141,2.9432624113475176,70_rosario.png,183,44,4.159090909090909,70_rosario.png
495,152,3.2565789473684212,70_user0.png,183,44,4.159090909090909,70_user0.png
220,114,1.9298245614035088,73_Fabricio.png,128,42,3.0476190476190474,73_Fabricio.png
297,124,2.3951612903225805,73_Frank.png,128,42,3.0476190476190474,73_Frank.png
242,125,1.936,73_Nina.png,128,42,3.0476190476190474,73_Nina.png
236,127,1.858267716535433,73_alfonso.png,128,42,3.0476190476190474,73_alfonso.png
295,130,2.269230769230769,73_carlos.png,128,42,3.0476190476190474,73_carlos.png
262,128,2.046875,73_caue.png,128,42,3.0476190476190474,73_caue.png
185,114,1.6228070175438596,73_david.png,128,42,3.0476190476190474,73_david.png
329,119,2.764705882352941,73_edwin.png,128,42,3.0476190476190474,73_edwin.png
276,127,2.173228346456693,73_fujita.png,128,42,3.0476190476190474,73_fujita.png
298,122,2.442622950819672,73_herbert.png,128,42,3.0476190476190474,73_herbert.png
214,109,1.963302752293578,73_hirata.png,128,42,3.0476190476190474,73_hirata.png
274,140,1.957142857142857,73_jorge.png,128,42,3.0476190476190474,73_jorge.png
241,143,1.6853146853146854,73_leissi.png,128,42,3.0476190476190474,73_leissi.png
221,122,1.8114754098360655,73_leo.png,128,42,3.0476190476190474,73_leo.png
274,123,2.227642276422764,73_maira.png,128,42,3.0476190476190474,73_maira.png
281,125,2.248,73_miguel.png,128,42,3.0476190476190474,73_miguel.png
250,128,1.953125,73_rosario.png,128,42,3.0476190476190474,73_rosario.png
226,124,1.8225806451612903,73_user0.png,128,42,3.0476190476190474,73_user0.png
737,108,6.824074074074074,75_Fabricio.png,289,25,11.56,75_Fabricio.png
729,110,6.627272727272727,75_Frank.png,289,25,11.56,75_Frank.png
513,88,5.829545454545454,75_Nina.png,289,25,11.56,75_Nina.png
662,104,6.365384615384615,75_alfonso.png,289,25,11.56,75_alfonso.png
628,94,6.680851063829787,75_carlos.png,289,25,11.56,75_carlos.png
637,83,7.674698795180723,75_caue.png,289,25,11.56,75_caue.png
786,110,7.1454545454545455,75_danilo.png,289,25,11.56,75_danilo.png
598,98,6.1020408163265305,75_david.png,289,25,11.56,75_david.png
724,81,8.938271604938272,75_edwin.png,289,25,11.56,75_edwin.png
694,93,7.462365591397849,75_herbert.png,289,25,11.56,75_herbert.png
468,93,5.032258064516129,75_jorge.png,289,25,11.56,75_jorge.png
595,99,6.01010101010101,75_leissi.png,289,25,11.56,75_leissi.png
553,97,5.701030927835052,75_leo.png,289,25,11.56,75_leo.png
700,84,8.333333333333334,75_miguel.png,289,25,11.56,75_miguel.png
553,89,6.213483146067416,75_rosario.png,289,25,11.56,75_rosario.png
553,90,6.144444444444445,75_user0.png,289,25,11.56,75_user0.png
594,94,6.319148936170213,76_Fabricio.png,247,22,11.227272727272727,76_Fabricio.png
748,85,8.8,76_Frank.png,247,22,11.227272727272727,76_Frank.png
426,75,5.68,76_Nina.png,247,22,11.227272727272727,76_Nina.png
671,83,8.08433734939759,76_alfonso.png,247,22,11.227272727272727,76_alfonso.png
634,76,8.342105263157896,76_carlos.png,247,22,11.227272727272727,76_carlos.png
564,79,7.139240506329114,76_caue.png,247,22,11.227272727272727,76_caue.png
719,87,8.264367816091953,76_danilo.png,247,22,11.227272727272727,76_danilo.png
554,94,5.8936170212765955,76_david.png,247,22,11.227272727272727,76_david.png
699,75,9.32,76_edwin.png,247,22,11.227272727272727,76_edwin.png
596,90,6.622222222222222,76_fujita.png,247,22,11.227272727272727,76_fujita.png
501,88,5.693181818181818,76_jorge.png,247,22,11.227272727272727,76_jorge.png
633,77,8.220779220779221,76_leissi.png,247,22,11.227272727272727,76_leissi.png
487,89,5.47191011235955,76_leo.png,247,22,11.227272727272727,76_leo.png
594,90,6.6,76_maira.png,247,22,11.227272727272727,76_maira.png
676,74,9.135135135135135,76_miguel.png,247,22,11.227272727272727,76_miguel.png
508,72,7.055555555555555,76_rosario.png,247,22,11.227272727272727,76_rosario.png
592,79,7.493670886075949,76_user0.png,247,22,11.227272727272727,76_user0.png
624,120,5.2,79_Fabricio.png,303,31,9.774193548387096,79_Fabricio.png
585,126,4.642857142857143,79_Frank.png,303,31,9.774193548387096,79_Frank.png
442,115,3.8434782608695652,79_Nina.png,303,31,9.774193548387096,79_Nina.png
544,131,4.152671755725191,79_alfonso.png,303,31,9.774193548387096,79_alfonso.png
678,113,6.0,79_bruno.png,303,31,9.774193548387096,79_bruno.png
605,101,5.99009900990099,79_carlos.png,303,31,9.774193548387096,79_carlos.png
533,94,5.670212765957447,79_caue.png,303,31,9.774193548387096,79_caue.png
539,107,5.037383177570093,79_daniel.png,303,31,9.774193548387096,79_daniel.png
516,117,4.410256410256411,79_david.png,303,31,9.774193548387096,79_david.png
631,119,5.302521008403361,79_edwin.png,303,31,9.774193548387096,79_edwin.png
736,132,5.575757575757576,79_fujita.png,303,31,9.774193548387096,79_fujita.png
568,99,5.737373737373737,79_herbert.png,303,31,9.774193548387096,79_herbert.png
587,124,4.733870967741935,79_hirata.png,303,31,9.774193548387096,79_hirata.png
507,112,4.526785714285714,79_jorge.png,303,31,9.774193548387096,79_jorge.png
512,112,4.571428571428571,79_leissi.png,303,31,9.774193548387096,79_leissi.png
481,126,3.8174603174603177,79_leo.png,303,31,9.774193548387096,79_leo.png
743,123,6.040650406504065,79_lucelia.png,303,31,9.774193548387096,79_lucelia.png
571,116,4.922413793103448,79_maira.png,303,31,9.774193548387096,79_maira.png
746,103,7.242718446601942,79_miguel.png,303,31,9.774193548387096,79_miguel.png
462,109,4.238532110091743,79_rosario.png,303,31,9.774193548387096,79_rosario.png
541,129,4.1937984496124034,79_silas.png,303,31,9.774193548387096,79_silas.png
564,115,4.904347826086957,79_user0.png,303,31,9.774193548387096,79_user0.png
136,73,1.8630136986301369,7_em_59.png,86,25,3.44,7_em_59.png
585,158,3.7025316455696204,80_Fabricio.png,272,39,6.9743589743589745,80_Fabricio.png
646,162,3.9876543209876543,80_Frank.png,272,39,6.9743589743589745,80_Frank.png
590,147,4.01360544217687,80_Nina.png,272,39,6.9743589743589745,80_Nina.png
673,180,3.738888888888889,80_alfonso.png,272,39,6.9743589743589745,80_alfonso.png
666,150,4.44,80_carlos.png,272,39,6.9743589743589745,80_carlos.png
577,133,4.338345864661654,80_caue.png,272,39,6.9743589743589745,80_caue.png
566,157,3.605095541401274,80_daniel.png,272,39,6.9743589743589745,80_daniel.png
527,141,3.7375886524822697,80_david.png,272,39,6.9743589743589745,80_david.png
684,148,4.621621621621622,80_edwin.png,272,39,6.9743589743589745,80_edwin.png
535,145,3.689655172413793,80_hirata.png,272,39,6.9743589743589745,80_hirata.png
527,146,3.6095890410958904,80_jorge.png,272,39,6.9743589743589745,80_jorge.png
546,135,4.044444444444444,80_leissi.png,272,39,6.9743589743589745,80_leissi.png
518,138,3.753623188405797,80_leo.png,272,39,6.9743589743589745,80_leo.png
677,144,4.701388888888889,80_miguel.png,272,39,6.9743589743589745,80_miguel.png
553,140,3.95,80_rosario.png,272,39,6.9743589743589745,80_rosario.png
493,135,3.651851851851852,80_user0.png,272,39,6.9743589743589745,80_user0.png
676,184,3.6739130434782608,81_Fabricio.png,239,50,4.78,81_Fabricio.png
728,166,4.385542168674699,81_Frank.png,239,50,4.78,81_Frank.png
527,169,3.1183431952662723,81_Nina.png,239,50,4.78,81_Nina.png
631,163,3.871165644171779,81_alfonso.png,239,50,4.78,81_alfonso.png
602,158,3.810126582278481,81_carlos.png,239,50,4.78,81_carlos.png
649,154,4.214285714285714,81_caue.png,239,50,4.78,81_caue.png
675,192,3.515625,81_daniel.png,239,50,4.78,81_daniel.png
544,153,3.5555555555555554,81_danilo.png,239,50,4.78,81_danilo.png
679,168,4.041666666666667,81_david.png,239,50,4.78,81_david.png
692,161,4.298136645962733,81_edwin.png,239,50,4.78,81_edwin.png
576,144,4.0,81_herbert.png,239,50,4.78,81_herbert.png
691,169,4.088757396449704,81_hirata.png,239,50,4.78,81_hirata.png
507,150,3.38,81_jorge.png,239,50,4.78,81_jorge.png
553,150,3.6866666666666665,81_leissi.png,239,50,4.78,81_leissi.png
539,150,3.5933333333333333,81_leo.png,239,50,4.78,81_leo.png
795,211,3.7677725118483414,81_miguel.png,239,50,4.78,81_miguel.png
612,171,3.5789473684210527,81_mijail.png,239,50,4.78,81_mijail.png
537,158,3.3987341772151898,81_rosario.png,239,50,4.78,81_rosario.png
536,156,3.4358974358974357,81_silas.png,239,50,4.78,81_silas.png
501,167,3.0,81_user0.png,239,50,4.78,81_user0.png
393,117,3.358974358974359,82_Fabricio.png,308,50,6.16,82_Fabricio.png
504,105,4.8,82_Frank.png,308,50,6.16,82_Frank.png
381,112,3.4017857142857144,82_Nina.png,308,50,6.16,82_Nina.png
441,116,3.8017241379310347,82_alfonso.png,308,50,6.16,82_alfonso.png
443,105,4.219047619047619,82_bruno.png,308,50,6.16,82_bruno.png
414,101,4.099009900990099,82_carlos.png,308,50,6.16,82_carlos.png
415,108,3.8425925925925926,82_caue.png,308,50,6.16,82_caue.png
476,123,3.869918699186992,82_daniel.png,308,50,6.16,82_daniel.png
425,113,3.7610619469026547,82_david.png,308,50,6.16,82_david.png
468,107,4.373831775700935,82_edwin.png,308,50,6.16,82_edwin.png
434,117,3.7094017094017095,82_herbert.png,308,50,6.16,82_herbert.png
461,106,4.349056603773585,82_hirata.png,308,50,6.16,82_hirata.png
458,125,3.664,82_jorge.png,308,50,6.16,82_jorge.png
363,103,3.5242718446601944,82_leissi.png,308,50,6.16,82_leissi.png
476,112,4.25,82_leo.png,308,50,6.16,82_leo.png
481,109,4.412844036697248,82_miguel.png,308,50,6.16,82_miguel.png
346,108,3.2037037037037037,82_rosario.png,308,50,6.16,82_rosario.png
421,119,3.53781512605042,82_user0.png,308,50,6.16,82_user0.png
397,138,2.8768115942028984,85_Fabricio.png,156,42,3.7142857142857144,85_Fabricio.png
426,128,3.328125,85_Frank.png,156,42,3.7142857142857144,85_Frank.png
332,133,2.4962406015037595,85_Nina.png,156,42,3.7142857142857144,85_Nina.png
342,141,2.425531914893617,85_alfonso.png,156,42,3.7142857142857144,85_alfonso.png
378,128,2.953125,85_carlos.png,156,42,3.7142857142857144,85_carlos.png
318,128,2.484375,85_david.png,156,42,3.7142857142857144,85_david.png
359,134,2.6791044776119404,85_edwin.png,156,42,3.7142857142857144,85_edwin.png
397,138,2.8768115942028984,85_fujita.png,156,42,3.7142857142857144,85_fujita.png
377,129,2.9224806201550386,85_herbert.png,156,42,3.7142857142857144,85_herbert.png
298,118,2.5254237288135593,85_jorge.png,156,42,3.7142857142857144,85_jorge.png
358,136,2.6323529411764706,85_leissi.png,156,42,3.7142857142857144,85_leissi.png
242,127,1.905511811023622,85_leo.png,156,42,3.7142857142857144,85_leo.png
357,137,2.605839416058394,85_maira.png,156,42,3.7142857142857144,85_maira.png
393,120,3.275,85_miguel.png,156,42,3.7142857142857144,85_miguel.png
304,133,2.2857142857142856,85_rosario.png,156,42,3.7142857142857144,85_rosario.png
361,134,2.6940298507462686,85_user0.png,156,42,3.7142857142857144,85_user0.png
739,120,6.158333333333333,89_Fabricio.png,242,28,8.642857142857142,89_Fabricio.png
619,90,6.877777777777778,89_Frank.png,242,28,8.642857142857142,89_Frank.png
504,103,4.893203883495145,89_Nina.png,242,28,8.642857142857142,89_Nina.png
615,83,7.409638554216867,89_alfonso.png,242,28,8.642857142857142,89_alfonso.png
779,106,7.349056603773585,89_bruno.png,242,28,8.642857142857142,89_bruno.png
746,102,7.313725490196078,89_carlos.png,242,28,8.642857142857142,89_carlos.png
620,93,6.666666666666667,89_caue.png,242,28,8.642857142857142,89_caue.png
476,83,5.734939759036145,89_daniel.png,242,28,8.642857142857142,89_daniel.png
690,90,7.666666666666667,89_danilo.png,242,28,8.642857142857142,89_danilo.png
636,130,4.892307692307693,89_david.png,242,28,8.642857142857142,89_david.png
672,88,7.636363636363637,89_edwin.png,242,28,8.642857142857142,89_edwin.png
650,89,7.303370786516854,89_herbert.png,242,28,8.642857142857142,89_herbert.png
501,109,4.5963302752293576,89_hirata.png,242,28,8.642857142857142,89_hirata.png
584,104,5.615384615384615,89_jorge.png,242,28,8.642857142857142,89_jorge.png
651,94,6.925531914893617,89_leissi.png,242,28,8.642857142857142,89_leissi.png
704,106,6.6415094339622645,89_leo.png,242,28,8.642857142857142,89_leo.png
791,104,7.605769230769231,89_miguel.png,242,28,8.642857142857142,89_miguel.png
530,90,5.888888888888889,89_rosario.png,242,28,8.642857142857142,89_rosario.png
580,101,5.742574257425742,89_user0.png,242,28,8.642857142857142,89_user0.png
194,62,3.129032258064516,8_em_62.png,72,22,3.272727272727273,8_em_62.png
242,87,2.781609195402299,8_em_65.png,75,22,3.409090909090909,8_em_65.png
358,73,4.904109589041096,90_Fabricio.png,122,25,4.88,90_Fabricio.png
354,74,4.783783783783784,90_Frank.png,122,25,4.88,90_Frank.png
232,92,2.5217391304347827,90_Nina.png,122,25,4.88,90_Nina.png
265,73,3.6301369863013697,90_alfonso.png,122,25,4.88,90_alfonso.png
287,77,3.727272727272727,90_carlos.png,122,25,4.88,90_carlos.png
231,75,3.08,90_caue.png,122,25,4.88,90_caue.png
287,74,3.8783783783783785,90_daniel.png,122,25,4.88,90_daniel.png
290,100,2.9,90_david.png,122,25,4.88,90_david.png
301,78,3.858974358974359,90_edwin.png,122,25,4.88,90_edwin.png
297,77,3.857142857142857,90_herbert.png,122,25,4.88,90_herbert.png
312,77,4.0519480519480515,90_jorge.png,122,25,4.88,90_jorge.png
256,81,3.1604938271604937,90_leissi.png,122,25,4.88,90_leissi.png
245,82,2.9878048780487805,90_leo.png,122,25,4.88,90_leo.png
308,89,3.460674157303371,90_lucelia.png,122,25,4.88,90_lucelia.png
325,81,4.012345679012346,90_miguel.png,122,25,4.88,90_miguel.png
279,88,3.1704545454545454,90_mijail.png,122,25,4.88,90_mijail.png
226,80,2.825,90_rosario.png,122,25,4.88,90_rosario.png
276,86,3.2093023255813953,90_user0.png,122,25,4.88,90_user0.png
576,184,3.130434782608696,91_Fabricio.png,181,44,4.113636363636363,91_Fabricio.png
605,161,3.7577639751552794,91_Frank.png,181,44,4.113636363636363,91_Frank.png
373,158,2.3607594936708862,91_Nina.png,181,44,4.113636363636363,91_Nina.png
474,166,2.855421686746988,91_alfonso.png,181,44,4.113636363636363,91_alfonso.png
595,164,3.6280487804878048,91_carlos.png,181,44,4.113636363636363,91_carlos.png
408,146,2.7945205479452055,91_caue.png,181,44,4.113636363636363,91_caue.png
553,136,4.0661764705882355,91_daniel.png,181,44,4.113636363636363,91_daniel.png
409,143,2.86013986013986,91_david.png,181,44,4.113636363636363,91_david.png
461,136,3.389705882352941,91_edwin.png,181,44,4.113636363636363,91_edwin.png
522,160,3.2625,91_fujita.png,181,44,4.113636363636363,91_fujita.png
517,146,3.541095890410959,91_jorge.png,181,44,4.113636363636363,91_jorge.png
426,141,3.021276595744681,91_leissi.png,181,44,4.113636363636363,91_leissi.png
535,162,3.302469135802469,91_leo.png,181,44,4.113636363636363,91_leo.png
518,155,3.3419354838709676,91_miguel.png,181,44,4.113636363636363,91_miguel.png
414,141,2.9361702127659575,91_rosario.png,181,44,4.113636363636363,91_rosario.png
422,152,2.776315789473684,91_user0.png,181,44,4.113636363636363,91_user0.png
767,149,5.147651006711409,92_Frank.png,256,36,7.111111111111111,92_Frank.png
666,168,3.9642857142857144,92_Nina.png,256,36,7.111111111111111,92_Nina.png
839,185,4.535135135135135,92_alfonso.png,256,36,7.111111111111111,92_alfonso.png
768,160,4.8,92_carlos.png,256,36,7.111111111111111,92_carlos.png
740,177,4.1807909604519775,92_caue.png,256,36,7.111111111111111,92_caue.png
728,166,4.385542168674699,92_david.png,256,36,7.111111111111111,92_david.png
779,169,4.609467455621302,92_edwin.png,256,36,7.111111111111111,92_edwin.png
739,161,4.590062111801243,92_herbert.png,256,36,7.111111111111111,92_herbert.png
737,172,4.284883720930233,92_jorge.png,256,36,7.111111111111111,92_jorge.png
757,166,4.5602409638554215,92_leissi.png,256,36,7.111111111111111,92_leissi.png
669,160,4.18125,92_leo.png,256,36,7.111111111111111,92_leo.png
762,150,5.08,92_lucelia.png,256,36,7.111111111111111,92_lucelia.png
865,165,5.242424242424242,92_miguel.png,256,36,7.111111111111111,92_miguel.png
654,149,4.389261744966443,92_rosario.png,256,36,7.111111111111111,92_rosario.png
630,160,3.9375,92_user0.png,256,36,7.111111111111111,92_user0.png
817,122,6.69672131147541,93_Fabricio.png,614,28,21.928571428571427,93_Fabricio.png
1189,111,10.711711711711711,93_Frank.png,614,28,21.928571428571427,93_Frank.png
715,104,6.875,93_Nina.png,614,28,21.928571428571427,93_Nina.png
848,123,6.894308943089431,93_alfonso.png,614,28,21.928571428571427,93_alfonso.png
874,100,8.74,93_carlos.png,614,28,21.928571428571427,93_carlos.png
814,101,8.05940594059406,93_caue.png,614,28,21.928571428571427,93_caue.png
697,116,6.008620689655173,93_daniel.png,614,28,21.928571428571427,93_daniel.png
631,120,5.258333333333334,93_david.png,614,28,21.928571428571427,93_david.png
926,107,8.654205607476635,93_edwin.png,614,28,21.928571428571427,93_edwin.png
1102,104,10.596153846153847,93_herbert.png,614,28,21.928571428571427,93_herbert.png
820,105,7.809523809523809,93_leissi.png,614,28,21.928571428571427,93_leissi.png
717,96,7.46875,93_leo.png,614,28,21.928571428571427,93_leo.png
1066,102,10.450980392156863,93_miguel.png,614,28,21.928571428571427,93_miguel.png
606,115,5.269565217391304,93_rosario.png,614,28,21.928571428571427,93_rosario.png
822,94,8.74468085106383,93_user0.png,614,28,21.928571428571427,93_user0.png
780,177,4.406779661016949,94_Fabricio.png,236,36,6.555555555555555,94_Fabricio.png
794,162,4.901234567901234,94_Frank.png,236,36,6.555555555555555,94_Frank.png
604,149,4.053691275167785,94_Nina.png,236,36,6.555555555555555,94_Nina.png
932,184,5.065217391304348,94_alfonso.png,236,36,6.555555555555555,94_alfonso.png
945,160,5.90625,94_bruno.png,236,36,6.555555555555555,94_bruno.png
908,167,5.437125748502994,94_carlos.png,236,36,6.555555555555555,94_carlos.png
440,132,3.3333333333333335,94_caue.png,236,36,6.555555555555555,94_caue.png
758,169,4.485207100591716,94_danilo.png,236,36,6.555555555555555,94_danilo.png
678,146,4.6438356164383565,94_david.png,236,36,6.555555555555555,94_david.png
764,158,4.8354430379746836,94_edwin.png,236,36,6.555555555555555,94_edwin.png
938,207,4.531400966183575,94_fujita.png,236,36,6.555555555555555,94_fujita.png
618,128,4.828125,94_herbert.png,236,36,6.555555555555555,94_herbert.png
646,142,4.549295774647887,94_jorge.png,236,36,6.555555555555555,94_jorge.png
628,146,4.301369863013699,94_leissi.png,236,36,6.555555555555555,94_leissi.png
770,179,4.301675977653631,94_leo.png,236,36,6.555555555555555,94_leo.png
714,141,5.0638297872340425,94_miguel.png,236,36,6.555555555555555,94_miguel.png
541,138,3.920289855072464,94_rosario.png,236,36,6.555555555555555,94_rosario.png
591,156,3.7884615384615383,94_user0.png,236,36,6.555555555555555,94_user0.png
504,101,4.99009900990099,95_Fabricio.png,242,19,12.736842105263158,95_Fabricio.png
582,85,6.847058823529411,95_Frank.png,242,19,12.736842105263158,95_Frank.png
380,79,4.810126582278481,95_Nina.png,242,19,12.736842105263158,95_Nina.png
585,83,7.048192771084337,95_alfonso.png,242,19,12.736842105263158,95_alfonso.png
636,84,7.571428571428571,95_carlos.png,242,19,12.736842105263158,95_carlos.png
510,106,4.811320754716981,95_caue.png,242,19,12.736842105263158,95_caue.png
552,79,6.987341772151899,95_david.png,242,19,12.736842105263158,95_david.png
617,85,7.258823529411765,95_edwin.png,242,19,12.736842105263158,95_edwin.png
455,78,5.833333333333333,95_herbert.png,242,19,12.736842105263158,95_herbert.png
453,82,5.524390243902439,95_jorge.png,242,19,12.736842105263158,95_jorge.png
552,80,6.9,95_leissi.png,242,19,12.736842105263158,95_leissi.png
521,102,5.107843137254902,95_leo.png,242,19,12.736842105263158,95_leo.png
625,72,8.680555555555555,95_miguel.png,242,19,12.736842105263158,95_miguel.png
491,83,5.9156626506024095,95_rosario.png,242,19,12.736842105263158,95_rosario.png
521,82,6.353658536585366,95_user0.png,242,19,12.736842105263158,95_user0.png
549,125,4.392,96_Fabricio.png,339,69,4.913043478260869,96_Fabricio.png
649,124,5.233870967741935,96_Frank.png,339,69,4.913043478260869,96_Frank.png
448,132,3.393939393939394,96_Nina.png,339,69,4.913043478260869,96_Nina.png
582,129,4.511627906976744,96_alfonso.png,339,69,4.913043478260869,96_alfonso.png
638,135,4.725925925925926,96_bruno.png,339,69,4.913043478260869,96_bruno.png
526,121,4.347107438016529,96_carlos.png,339,69,4.913043478260869,96_carlos.png
530,114,4.649122807017544,96_caue.png,339,69,4.913043478260869,96_caue.png
522,105,4.9714285714285715,96_david.png,339,69,4.913043478260869,96_david.png
695,138,5.036231884057971,96_edwin.png,339,69,4.913043478260869,96_edwin.png
555,116,4.7844827586206895,96_leissi.png,339,69,4.913043478260869,96_leissi.png
537,138,3.891304347826087,96_leo.png,339,69,4.913043478260869,96_leo.png
653,127,5.141732283464567,96_miguel.png,339,69,4.913043478260869,96_miguel.png
509,119,4.277310924369748,96_mijail.png,339,69,4.913043478260869,96_mijail.png
441,116,3.8017241379310347,96_rosario.png,339,69,4.913043478260869,96_rosario.png
493,112,4.401785714285714,96_user0.png,339,69,4.913043478260869,96_user0.png
727,158,4.60126582278481,98_Fabricio.png,217,36,6.027777777777778,98_Fabricio.png
703,159,4.421383647798742,98_Frank.png,217,36,6.027777777777778,98_Frank.png
565,169,3.3431952662721893,98_Nina.png,217,36,6.027777777777778,98_Nina.png
713,183,3.8961748633879782,98_alfonso.png,217,36,6.027777777777778,98_alfonso.png
721,166,4.343373493975903,98_carlos.png,217,36,6.027777777777778,98_carlos.png
692,155,4.464516129032258,98_caue.png,217,36,6.027777777777778,98_caue.png
801,152,5.269736842105263,98_daniel.png,217,36,6.027777777777778,98_daniel.png
750,167,4.491017964071856,98_david.png,217,36,6.027777777777778,98_david.png
760,177,4.293785310734464,98_edwin.png,217,36,6.027777777777778,98_edwin.png
673,189,3.560846560846561,98_fujita.png,217,36,6.027777777777778,98_fujita.png
570,132,4.318181818181818,98_herbert.png,217,36,6.027777777777778,98_herbert.png
702,183,3.8360655737704916,98_jorge.png,217,36,6.027777777777778,98_jorge.png
628,157,4.0,98_leissi.png,217,36,6.027777777777778,98_leissi.png
612,164,3.731707317073171,98_leo.png,217,36,6.027777777777778,98_leo.png
663,169,3.923076923076923,98_maira.png,217,36,6.027777777777778,98_maira.png
758,147,5.156462585034014,98_miguel.png,217,36,6.027777777777778,98_miguel.png
591,147,4.020408163265306,98_rosario.png,217,36,6.027777777777778,98_rosario.png
837,194,4.314432989690721,98_silas.png,217,36,6.027777777777778,98_silas.png
586,162,3.617283950617284,98_user0.png,217,36,6.027777777777778,98_user0.png
83,90,0.9222222222222223,9_em_71.png,33,31,1.064516129032258,9_em_71.png
122,73,1.6712328767123288,9_em_76.png,69,25,2.76,9_em_76.png
123,66,1.8636363636363635,9_em_77.png,81,22,3.6818181818181817,9_em_77.png
215,132,1.628787878787879,KME1G3_0_sub_10.png,92,69,1.3333333333333333,KME1G3_0_sub_10.png
392,122,3.2131147540983607,KME1G3_0_sub_21.png,294,67,4.388059701492537,KME1G3_0_sub_21.png
512,168,3.0476190476190474,KME1G3_0_sub_22.png,242,67,3.611940298507463,KME1G3_0_sub_22.png
215,115,1.8695652173913044,KME1G3_10_sub_10.png,92,69,1.3333333333333333,KME1G3_10_sub_10.png
412,136,3.0294117647058822,KME1G3_10_sub_21.png,294,67,4.388059701492537,KME1G3_10_sub_21.png
495,147,3.36734693877551,KME1G3_10_sub_22.png,242,67,3.611940298507463,KME1G3_10_sub_22.png
189,144,1.3125,KME1G3_11_sub_10.png,92,69,1.3333333333333333,KME1G3_11_sub_10.png
403,144,2.798611111111111,KME1G3_11_sub_21.png,294,67,4.388059701492537,KME1G3_11_sub_21.png
474,155,3.0580645161290323,KME1G3_11_sub_22.png,242,67,3.611940298507463,KME1G3_11_sub_22.png
274,135,2.0296296296296297,KME1G3_12_sub_10.png,92,69,1.3333333333333333,KME1G3_12_sub_10.png
390,132,2.9545454545454546,KME1G3_12_sub_21.png,294,67,4.388059701492537,KME1G3_12_sub_21.png
483,125,3.864,KME1G3_12_sub_22.png,242,67,3.611940298507463,KME1G3_12_sub_22.png
216,115,1.8782608695652174,KME1G3_1_sub_10.png,92,69,1.3333333333333333,KME1G3_1_sub_10.png
356,135,2.637037037037037,KME1G3_1_sub_21.png,294,67,4.388059701492537,KME1G3_1_sub_21.png
407,128,3.1796875,KME1G3_1_sub_22.png,242,67,3.611940298507463,KME1G3_1_sub_22.png
210,133,1.5789473684210527,KME1G3_2_sub_10.png,92,69,1.3333333333333333,KME1G3_2_sub_10.png
366,130,2.8153846153846156,KME1G3_2_sub_21.png,294,67,4.388059701492537,KME1G3_2_sub_21.png
477,152,3.138157894736842,KME1G3_2_sub_22.png,242,67,3.611940298507463,KME1G3_2_sub_22.png
202,123,1.6422764227642277,KME1G3_3_sub_10.png,92,69,1.3333333333333333,KME1G3_3_sub_10.png
348,136,2.5588235294117645,KME1G3_3_sub_21.png,294,67,4.388059701492537,KME1G3_3_sub_21.png
449,128,3.5078125,KME1G3_3_sub_22.png,242,67,3.611940298507463,KME1G3_3_sub_22.png
218,114,1.912280701754386,KME1G3_4_sub_10.png,92,69,1.3333333333333333,KME1G3_4_sub_10.png
354,123,2.8780487804878048,KME1G3_4_sub_21.png,294,67,4.388059701492537,KME1G3_4_sub_21.png
456,126,3.619047619047619,KME1G3_4_sub_22.png,242,67,3.611940298507463,KME1G3_4_sub_22.png
212,119,1.781512605042017,KME1G3_5_sub_10.png,92,69,1.3333333333333333,KME1G3_5_sub_10.png
313,123,2.5447154471544717,KME1G3_5_sub_21.png,294,67,4.388059701492537,KME1G3_5_sub_21.png
439,139,3.158273381294964,KME1G3_5_sub_22.png,242,67,3.611940298507463,KME1G3_5_sub_22.png
244,124,1.967741935483871,KME1G3_6_sub_10.png,92,69,1.3333333333333333,KME1G3_6_sub_10.png
338,129,2.62015503875969,KME1G3_6_sub_21.png,294,67,4.388059701492537,KME1G3_6_sub_21.png
459,151,3.0397350993377485,KME1G3_6_sub_22.png,242,67,3.611940298507463,KME1G3_6_sub_22.png
314,137,2.291970802919708,KME1G3_7_sub_10.png,92,69,1.3333333333333333,KME1G3_7_sub_10.png
465,177,2.6271186440677967,KME1G3_7_sub_21.png,294,67,4.388059701492537,KME1G3_7_sub_21.png
492,144,3.4166666666666665,KME1G3_7_sub_22.png,242,67,3.611940298507463,KME1G3_7_sub_22.png
222,119,1.865546218487395,KME1G3_8_sub_10.png,92,69,1.3333333333333333,KME1G3_8_sub_10.png
343,122,2.8114754098360657,KME1G3_8_sub_21.png,294,67,4.388059701492537,KME1G3_8_sub_21.png
534,138,3.869565217391304,KME1G3_8_sub_22.png,242,67,3.611940298507463,KME1G3_8_sub_22.png
197,118,1.6694915254237288,KME1G3_9_sub_10.png,92,69,1.3333333333333333,KME1G3_9_sub_10.png
342,148,2.310810810810811,KME1G3_9_sub_21.png,294,67,4.388059701492537,KME1G3_9_sub_21.png
352,136,2.588235294117647,KME1G3_9_sub_22.png,242,67,3.611940298507463,KME1G3_9_sub_22.png
584,99,5.898989898989899,KME2G3_0_sub_22.png,297,31,9.580645161290322,KME2G3_0_sub_22.png
500,90,5.555555555555555,KME2G3_0_sub_26.png,275,25,11.0,KME2G3_0_sub_26.png
448,107,4.186915887850467,KME2G3_0_sub_28.png,206,31,6.645161290322581,KME2G3_0_sub_28.png
245,171,1.432748538011696,KME2G3_0_sub_30.png,128,67,1.9104477611940298,KME2G3_0_sub_30.png
340,124,2.7419354838709675,KME2G3_0_sub_35.png,172,33,5.212121212121212,KME2G3_0_sub_35.png
655,256,2.55859375,KME2G3_0_sub_38.png,153,47,3.25531914893617,KME2G3_0_sub_38.png
189,122,1.5491803278688525,KME2G3_0_sub_65.png,78,36,2.1666666666666665,KME2G3_0_sub_65.png
316,128,2.46875,KME2G3_0_sub_74.png,128,75,1.7066666666666668,KME2G3_0_sub_74.png
291,96,3.03125,KME2G3_0_sub_81.png,158,69,2.289855072463768,KME2G3_0_sub_81.png
327,105,3.1142857142857143,KME2G3_0_sub_95.png,261,67,3.8955223880597014,KME2G3_0_sub_95.png
287,110,2.609090909090909,KME2G3_0_sub_96.png,183,36,5.083333333333333,KME2G3_0_sub_96.png
662,135,4.9037037037037035,KME2G3_10_sub_22.png,297,31,9.580645161290322,KME2G3_10_sub_22.png
576,95,6.063157894736842,KME2G3_10_sub_26.png,275,25,11.0,KME2G3_10_sub_26.png
563,120,4.691666666666666,KME2G3_10_sub_28.png,206,31,6.645161290322581,KME2G3_10_sub_28.png
296,205,1.4439024390243902,KME2G3_10_sub_30.png,128,67,1.9104477611940298,KME2G3_10_sub_30.png
393,133,2.954887218045113,KME2G3_10_sub_35.png,172,33,5.212121212121212,KME2G3_10_sub_35.png
645,327,1.9724770642201834,KME2G3_10_sub_38.png,153,47,3.25531914893617,KME2G3_10_sub_38.png
152,115,1.3217391304347825,KME2G3_10_sub_65.png,78,36,2.1666666666666665,KME2G3_10_sub_65.png
258,134,1.9253731343283582,KME2G3_10_sub_74.png,128,75,1.7066666666666668,KME2G3_10_sub_74.png
303,104,2.9134615384615383,KME2G3_10_sub_81.png,158,69,2.289855072463768,KME2G3_10_sub_81.png
296,114,2.5964912280701755,KME2G3_10_sub_95.png,261,67,3.8955223880597014,KME2G3_10_sub_95.png
469,102,4.598039215686274,KME2G3_11_sub_22.png,297,31,9.580645161290322,KME2G3_11_sub_22.png
435,93,4.67741935483871,KME2G3_11_sub_26.png,275,25,11.0,KME2G3_11_sub_26.png
408,99,4.121212121212121,KME2G3_11_sub_28.png,206,31,6.645161290322581,KME2G3_11_sub_28.png
279,225,1.24,KME2G3_11_sub_30.png,128,67,1.9104477611940298,KME2G3_11_sub_30.png
382,117,3.264957264957265,KME2G3_11_sub_35.png,172,33,5.212121212121212,KME2G3_11_sub_35.png
521,260,2.003846153846154,KME2G3_11_sub_38.png,153,47,3.25531914893617,KME2G3_11_sub_38.png
212,115,1.8434782608695652,KME2G3_11_sub_65.png,78,36,2.1666666666666665,KME2G3_11_sub_65.png
333,152,2.1907894736842106,KME2G3_11_sub_74.png,128,75,1.7066666666666668,KME2G3_11_sub_74.png
291,121,2.4049586776859506,KME2G3_11_sub_81.png,158,69,2.289855072463768,KME2G3_11_sub_81.png
343,95,3.610526315789474,KME2G3_11_sub_95.png,261,67,3.8955223880597014,KME2G3_11_sub_95.png
442,109,4.055045871559633,KME2G3_12_sub_22.png,297,31,9.580645161290322,KME2G3_12_sub_22.png
395,88,4.488636363636363,KME2G3_12_sub_26.png,275,25,11.0,KME2G3_12_sub_26.png
391,117,3.341880341880342,KME2G3_12_sub_28.png,206,31,6.645161290322581,KME2G3_12_sub_28.png
227,186,1.2204301075268817,KME2G3_12_sub_30.png,128,67,1.9104477611940298,KME2G3_12_sub_30.png
341,119,2.865546218487395,KME2G3_12_sub_35.png,172,33,5.212121212121212,KME2G3_12_sub_35.png
360,243,1.4814814814814814,KME2G3_12_sub_38.png,153,47,3.25531914893617,KME2G3_12_sub_38.png
189,106,1.7830188679245282,KME2G3_12_sub_65.png,78,36,2.1666666666666665,KME2G3_12_sub_65.png
251,155,1.6193548387096774,KME2G3_12_sub_74.png,128,75,1.7066666666666668,KME2G3_12_sub_74.png
254,107,2.3738317757009346,KME2G3_12_sub_81.png,158,69,2.289855072463768,KME2G3_12_sub_81.png
229,107,2.1401869158878504,KME2G3_12_sub_95.png,261,67,3.8955223880597014,KME2G3_12_sub_95.png
270,110,2.4545454545454546,KME2G3_12_sub_96.png,183,36,5.083333333333333,KME2G3_12_sub_96.png
715,111,6.441441441441442,KME2G3_13_sub_22.png,297,31,9.580645161290322,KME2G3_13_sub_22.png
604,80,7.55,KME2G3_13_sub_26.png,275,25,11.0,KME2G3_13_sub_26.png
567,86,6.593023255813954,KME2G3_13_sub_28.png,206,31,6.645161290322581,KME2G3_13_sub_28.png
291,212,1.3726415094339623,KME2G3_13_sub_30.png,128,67,1.9104477611940298,KME2G3_13_sub_30.png
389,110,3.536363636363636,KME2G3_13_sub_35.png,172,33,5.212121212121212,KME2G3_13_sub_35.png
483,233,2.072961373390558,KME2G3_13_sub_38.png,153,47,3.25531914893617,KME2G3_13_sub_38.png
221,101,2.1881188118811883,KME2G3_13_sub_65.png,78,36,2.1666666666666665,KME2G3_13_sub_65.png
313,131,2.3893129770992365,KME2G3_13_sub_74.png,128,75,1.7066666666666668,KME2G3_13_sub_74.png
314,111,2.828828828828829,KME2G3_13_sub_81.png,158,69,2.289855072463768,KME2G3_13_sub_81.png
372,99,3.757575757575758,KME2G3_13_sub_95.png,261,67,3.8955223880597014,KME2G3_13_sub_95.png
321,97,3.3092783505154637,KME2G3_13_sub_96.png,183,36,5.083333333333333,KME2G3_13_sub_96.png
514,124,4.145161290322581,KME2G3_14_sub_22.png,297,31,9.580645161290322,KME2G3_14_sub_22.png
553,91,6.076923076923077,KME2G3_14_sub_26.png,275,25,11.0,KME2G3_14_sub_26.png
410,100,4.1,KME2G3_14_sub_28.png,206,31,6.645161290322581,KME2G3_14_sub_28.png
260,209,1.244019138755981,KME2G3_14_sub_30.png,128,67,1.9104477611940298,KME2G3_14_sub_30.png
334,126,2.6507936507936507,KME2G3_14_sub_35.png,172,33,5.212121212121212,KME2G3_14_sub_35.png
516,271,1.9040590405904059,KME2G3_14_sub_38.png,153,47,3.25531914893617,KME2G3_14_sub_38.png
135,116,1.1637931034482758,KME2G3_14_sub_65.png,78,36,2.1666666666666665,KME2G3_14_sub_65.png
245,151,1.6225165562913908,KME2G3_14_sub_74.png,128,75,1.7066666666666668,KME2G3_14_sub_74.png
208,108,1.9259259259259258,KME2G3_14_sub_81.png,158,69,2.289855072463768,KME2G3_14_sub_81.png
331,95,3.4842105263157896,KME2G3_14_sub_95.png,261,67,3.8955223880597014,KME2G3_14_sub_95.png
194,96,2.0208333333333335,KME2G3_14_sub_96.png,183,36,5.083333333333333,KME2G3_14_sub_96.png
640,134,4.776119402985074,KME2G3_15_sub_22.png,297,31,9.580645161290322,KME2G3_15_sub_22.png
542,109,4.972477064220183,KME2G3_15_sub_26.png,275,25,11.0,KME2G3_15_sub_26.png
573,148,3.8716216216216215,KME2G3_15_sub_28.png,206,31,6.645161290322581,KME2G3_15_sub_28.png
385,216,1.7824074074074074,KME2G3_15_sub_30.png,128,67,1.9104477611940298,KME2G3_15_sub_30.png
378,123,3.073170731707317,KME2G3_15_sub_35.png,172,33,5.212121212121212,KME2G3_15_sub_35.png
613,299,2.0501672240802677,KME2G3_15_sub_38.png,153,47,3.25531914893617,KME2G3_15_sub_38.png
154,116,1.3275862068965518,KME2G3_15_sub_65.png,78,36,2.1666666666666665,KME2G3_15_sub_65.png
278,137,2.0291970802919708,KME2G3_15_sub_74.png,128,75,1.7066666666666668,KME2G3_15_sub_74.png
280,105,2.6666666666666665,KME2G3_15_sub_81.png,158,69,2.289855072463768,KME2G3_15_sub_81.png
293,104,2.8173076923076925,KME2G3_15_sub_95.png,261,67,3.8955223880597014,KME2G3_15_sub_95.png
260,107,2.4299065420560746,KME2G3_15_sub_96.png,183,36,5.083333333333333,KME2G3_15_sub_96.png
692,131,5.282442748091603,KME2G3_16_sub_22.png,297,31,9.580645161290322,KME2G3_16_sub_22.png
544,84,6.476190476190476,KME2G3_16_sub_26.png,275,25,11.0,KME2G3_16_sub_26.png
492,100,4.92,KME2G3_16_sub_28.png,206,31,6.645161290322581,KME2G3_16_sub_28.png
332,214,1.5514018691588785,KME2G3_16_sub_30.png,128,67,1.9104477611940298,KME2G3_16_sub_30.png
382,127,3.0078740157480315,KME2G3_16_sub_35.png,172,33,5.212121212121212,KME2G3_16_sub_35.png
473,217,2.1797235023041477,KME2G3_16_sub_38.png,153,47,3.25531914893617,KME2G3_16_sub_38.png
173,116,1.4913793103448276,KME2G3_16_sub_65.png,78,36,2.1666666666666665,KME2G3_16_sub_65.png
259,130,1.9923076923076923,KME2G3_16_sub_74.png,128,75,1.7066666666666668,KME2G3_16_sub_74.png
293,112,2.6160714285714284,KME2G3_16_sub_81.png,158,69,2.289855072463768,KME2G3_16_sub_81.png
266,108,2.462962962962963,KME2G3_16_sub_95.png,261,67,3.8955223880597014,KME2G3_16_sub_95.png
307,122,2.5163934426229506,KME2G3_16_sub_96.png,183,36,5.083333333333333,KME2G3_16_sub_96.png
557,115,4.843478260869565,KME2G3_17_sub_22.png,297,31,9.580645161290322,KME2G3_17_sub_22.png
471,90,5.233333333333333,KME2G3_17_sub_26.png,275,25,11.0,KME2G3_17_sub_26.png
520,109,4.770642201834862,KME2G3_17_sub_28.png,206,31,6.645161290322581,KME2G3_17_sub_28.png
217,157,1.3821656050955413,KME2G3_17_sub_30.png,128,67,1.9104477611940298,KME2G3_17_sub_30.png
329,109,3.018348623853211,KME2G3_17_sub_35.png,172,33,5.212121212121212,KME2G3_17_sub_35.png
426,245,1.7387755102040816,KME2G3_17_sub_38.png,153,47,3.25531914893617,KME2G3_17_sub_38.png
176,110,1.6,KME2G3_17_sub_65.png,78,36,2.1666666666666665,KME2G3_17_sub_65.png
262,137,1.9124087591240877,KME2G3_17_sub_74.png,128,75,1.7066666666666668,KME2G3_17_sub_74.png
268,112,2.392857142857143,KME2G3_17_sub_81.png,158,69,2.289855072463768,KME2G3_17_sub_81.png
225,95,2.3684210526315788,KME2G3_17_sub_95.png,261,67,3.8955223880597014,KME2G3_17_sub_95.png
248,99,2.505050505050505,KME2G3_17_sub_96.png,183,36,5.083333333333333,KME2G3_17_sub_96.png
447,125,3.576,KME2G3_18_sub_22.png,297,31,9.580645161290322,KME2G3_18_sub_22.png
446,95,4.6947368421052635,KME2G3_18_sub_26.png,275,25,11.0,KME2G3_18_sub_26.png
515,98,5.255102040816326,KME2G3_18_sub_28.png,206,31,6.645161290322581,KME2G3_18_sub_28.png
327,251,1.302788844621514,KME2G3_18_sub_30.png,128,67,1.9104477611940298,KME2G3_18_sub_30.png
368,132,2.787878787878788,KME2G3_18_sub_35.png,172,33,5.212121212121212,KME2G3_18_sub_35.png
485,282,1.7198581560283688,KME2G3_18_sub_38.png,153,47,3.25531914893617,KME2G3_18_sub_38.png
194,106,1.830188679245283,KME2G3_18_sub_65.png,78,36,2.1666666666666665,KME2G3_18_sub_65.png
263,127,2.0708661417322833,KME2G3_18_sub_74.png,128,75,1.7066666666666668,KME2G3_18_sub_74.png
248,127,1.952755905511811,KME2G3_18_sub_81.png,158,69,2.289855072463768,KME2G3_18_sub_81.png
280,106,2.641509433962264,KME2G3_18_sub_95.png,261,67,3.8955223880597014,KME2G3_18_sub_95.png
227,112,2.0267857142857144,KME2G3_18_sub_96.png,183,36,5.083333333333333,KME2G3_18_sub_96.png
647,142,4.556338028169014,KME2G3_19_sub_22.png,297,31,9.580645161290322,KME2G3_19_sub_22.png
618,109,5.669724770642202,KME2G3_19_sub_26.png,275,25,11.0,KME2G3_19_sub_26.png
608,121,5.024793388429752,KME2G3_19_sub_28.png,206,31,6.645161290322581,KME2G3_19_sub_28.png
361,176,2.0511363636363638,KME2G3_19_sub_30.png,128,67,1.9104477611940298,KME2G3_19_sub_30.png
415,121,3.4297520661157024,KME2G3_19_sub_35.png,172,33,5.212121212121212,KME2G3_19_sub_35.png
527,246,2.1422764227642275,KME2G3_19_sub_38.png,153,47,3.25531914893617,KME2G3_19_sub_38.png
214,112,1.9107142857142858,KME2G3_19_sub_65.png,78,36,2.1666666666666665,KME2G3_19_sub_65.png
285,158,1.8037974683544304,KME2G3_19_sub_74.png,128,75,1.7066666666666668,KME2G3_19_sub_74.png
258,129,2.0,KME2G3_19_sub_81.png,158,69,2.289855072463768,KME2G3_19_sub_81.png
335,111,3.018018018018018,KME2G3_19_sub_95.png,261,67,3.8955223880597014,KME2G3_19_sub_95.png
301,118,2.5508474576271185,KME2G3_19_sub_96.png,183,36,5.083333333333333,KME2G3_19_sub_96.png
709,138,5.13768115942029,KME2G3_1_sub_22.png,297,31,9.580645161290322,KME2G3_1_sub_22.png
696,113,6.15929203539823,KME2G3_1_sub_26.png,275,25,11.0,KME2G3_1_sub_26.png
558,118,4.728813559322034,KME2G3_1_sub_28.png,206,31,6.645161290322581,KME2G3_1_sub_28.png
385,180,2.138888888888889,KME2G3_1_sub_30.png,128,67,1.9104477611940298,KME2G3_1_sub_30.png
356,128,2.78125,KME2G3_1_sub_35.png,172,33,5.212121212121212,KME2G3_1_sub_35.png
478,312,1.5320512820512822,KME2G3_1_sub_38.png,153,47,3.25531914893617,KME2G3_1_sub_38.png
213,126,1.6904761904761905,KME2G3_1_sub_65.png,78,36,2.1666666666666665,KME2G3_1_sub_65.png
346,134,2.582089552238806,KME2G3_1_sub_74.png,128,75,1.7066666666666668,KME2G3_1_sub_74.png
265,99,2.676767676767677,KME2G3_1_sub_81.png,158,69,2.289855072463768,KME2G3_1_sub_81.png
271,106,2.556603773584906,KME2G3_1_sub_95.png,261,67,3.8955223880597014,KME2G3_1_sub_95.png
249,112,2.2232142857142856,KME2G3_1_sub_96.png,183,36,5.083333333333333,KME2G3_1_sub_96.png
557,97,5.742268041237113,KME2G3_20_sub_22.png,297,31,9.580645161290322,KME2G3_20_sub_22.png
542,87,6.2298850574712645,KME2G3_20_sub_26.png,275,25,11.0,KME2G3_20_sub_26.png
411,97,4.237113402061856,KME2G3_20_sub_28.png,206,31,6.645161290322581,KME2G3_20_sub_28.png
246,218,1.128440366972477,KME2G3_20_sub_30.png,128,67,1.9104477611940298,KME2G3_20_sub_30.png
363,121,3.0,KME2G3_20_sub_35.png,172,33,5.212121212121212,KME2G3_20_sub_35.png
471,241,1.954356846473029,KME2G3_20_sub_38.png,153,47,3.25531914893617,KME2G3_20_sub_38.png
175,113,1.5486725663716814,KME2G3_20_sub_65.png,78,36,2.1666666666666665,KME2G3_20_sub_65.png
304,145,2.0965517241379312,KME2G3_20_sub_74.png,128,75,1.7066666666666668,KME2G3_20_sub_74.png
298,113,2.6371681415929205,KME2G3_20_sub_81.png,158,69,2.289855072463768,KME2G3_20_sub_81.png
255,99,2.5757575757575757,KME2G3_20_sub_95.png,261,67,3.8955223880597014,KME2G3_20_sub_95.png
237,111,2.135135135135135,KME2G3_20_sub_96.png,183,36,5.083333333333333,KME2G3_20_sub_96.png
559,108,5.175925925925926,KME2G3_21_sub_22.png,297,31,9.580645161290322,KME2G3_21_sub_22.png
504,103,4.893203883495145,KME2G3_21_sub_26.png,275,25,11.0,KME2G3_21_sub_26.png
561,109,5.146788990825688,KME2G3_21_sub_28.png,206,31,6.645161290322581,KME2G3_21_sub_28.png
221,213,1.0375586854460095,KME2G3_21_sub_30.png,128,67,1.9104477611940298,KME2G3_21_sub_30.png
437,148,2.9527027027027026,KME2G3_21_sub_35.png,172,33,5.212121212121212,KME2G3_21_sub_35.png
756,289,2.615916955017301,KME2G3_21_sub_38.png,153,47,3.25531914893617,KME2G3_21_sub_38.png
160,108,1.4814814814814814,KME2G3_21_sub_65.png,78,36,2.1666666666666665,KME2G3_21_sub_65.png
262,140,1.8714285714285714,KME2G3_21_sub_74.png,128,75,1.7066666666666668,KME2G3_21_sub_74.png
276,86,3.2093023255813953,KME2G3_21_sub_81.png,158,69,2.289855072463768,KME2G3_21_sub_81.png
260,97,2.6804123711340204,KME2G3_21_sub_95.png,261,67,3.8955223880597014,KME2G3_21_sub_95.png
268,110,2.4363636363636365,KME2G3_21_sub_96.png,183,36,5.083333333333333,KME2G3_21_sub_96.png
570,105,5.428571428571429,KME2G3_22_sub_22.png,297,31,9.580645161290322,KME2G3_22_sub_22.png
527,89,5.921348314606742,KME2G3_22_sub_26.png,275,25,11.0,KME2G3_22_sub_26.png
433,109,3.9724770642201834,KME2G3_22_sub_28.png,206,31,6.645161290322581,KME2G3_22_sub_28.png
308,196,1.5714285714285714,KME2G3_22_sub_30.png,128,67,1.9104477611940298,KME2G3_22_sub_30.png
416,113,3.6814159292035398,KME2G3_22_sub_35.png,172,33,5.212121212121212,KME2G3_22_sub_35.png
648,288,2.25,KME2G3_22_sub_38.png,153,47,3.25531914893617,KME2G3_22_sub_38.png
179,110,1.6272727272727272,KME2G3_22_sub_65.png,78,36,2.1666666666666665,KME2G3_22_sub_65.png
289,133,2.172932330827068,KME2G3_22_sub_74.png,128,75,1.7066666666666668,KME2G3_22_sub_74.png
366,110,3.327272727272727,KME2G3_22_sub_81.png,158,69,2.289855072463768,KME2G3_22_sub_81.png
314,105,2.9904761904761905,KME2G3_22_sub_95.png,261,67,3.8955223880597014,KME2G3_22_sub_95.png
282,105,2.6857142857142855,KME2G3_22_sub_96.png,183,36,5.083333333333333,KME2G3_22_sub_96.png
557,116,4.801724137931035,KME2G3_23_sub_22.png,297,31,9.580645161290322,KME2G3_23_sub_22.png
442,76,5.815789473684211,KME2G3_23_sub_26.png,275,25,11.0,KME2G3_23_sub_26.png
488,119,4.100840336134453,KME2G3_23_sub_28.png,206,31,6.645161290322581,KME2G3_23_sub_28.png
285,199,1.4321608040201006,KME2G3_23_sub_30.png,128,67,1.9104477611940298,KME2G3_23_sub_30.png
363,117,3.1025641025641026,KME2G3_23_sub_35.png,172,33,5.212121212121212,KME2G3_23_sub_35.png
505,211,2.3933649289099526,KME2G3_23_sub_38.png,153,47,3.25531914893617,KME2G3_23_sub_38.png
260,123,2.113821138211382,KME2G3_23_sub_74.png,128,75,1.7066666666666668,KME2G3_23_sub_74.png
262,107,2.4485981308411215,KME2G3_23_sub_81.png,158,69,2.289855072463768,KME2G3_23_sub_81.png
328,105,3.123809523809524,KME2G3_23_sub_95.png,261,67,3.8955223880597014,KME2G3_23_sub_95.png
312,115,2.7130434782608694,KME2G3_23_sub_96.png,183,36,5.083333333333333,KME2G3_23_sub_96.png
566,104,5.4423076923076925,KME2G3_24_sub_22.png,297,31,9.580645161290322,KME2G3_24_sub_22.png
533,93,5.731182795698925,KME2G3_24_sub_26.png,275,25,11.0,KME2G3_24_sub_26.png
532,105,5.066666666666666,KME2G3_24_sub_28.png,206,31,6.645161290322581,KME2G3_24_sub_28.png
358,193,1.854922279792746,KME2G3_24_sub_30.png,128,67,1.9104477611940298,KME2G3_24_sub_30.png
407,129,3.1550387596899223,KME2G3_24_sub_35.png,172,33,5.212121212121212,KME2G3_24_sub_35.png
645,226,2.853982300884956,KME2G3_24_sub_38.png,153,47,3.25531914893617,KME2G3_24_sub_38.png
188,125,1.504,KME2G3_24_sub_65.png,78,36,2.1666666666666665,KME2G3_24_sub_65.png
239,137,1.7445255474452555,KME2G3_24_sub_74.png,128,75,1.7066666666666668,KME2G3_24_sub_74.png
226,101,2.237623762376238,KME2G3_24_sub_81.png,158,69,2.289855072463768,KME2G3_24_sub_81.png
263,94,2.797872340425532,KME2G3_24_sub_95.png,261,67,3.8955223880597014,KME2G3_24_sub_95.png
262,115,2.2782608695652176,KME2G3_24_sub_96.png,183,36,5.083333333333333,KME2G3_24_sub_96.png
592,118,5.016949152542373,KME2G3_25_sub_22.png,297,31,9.580645161290322,KME2G3_25_sub_22.png
679,82,8.28048780487805,KME2G3_25_sub_26.png,275,25,11.0,KME2G3_25_sub_26.png
612,107,5.719626168224299,KME2G3_25_sub_28.png,206,31,6.645161290322581,KME2G3_25_sub_28.png
379,207,1.8309178743961352,KME2G3_25_sub_30.png,128,67,1.9104477611940298,KME2G3_25_sub_30.png
484,112,4.321428571428571,KME2G3_25_sub_35.png,172,33,5.212121212121212,KME2G3_25_sub_35.png
750,309,2.4271844660194173,KME2G3_25_sub_38.png,153,47,3.25531914893617,KME2G3_25_sub_38.png
285,111,2.5675675675675675,KME2G3_25_sub_65.png,78,36,2.1666666666666665,KME2G3_25_sub_65.png
343,150,2.2866666666666666,KME2G3_25_sub_74.png,128,75,1.7066666666666668,KME2G3_25_sub_74.png
350,121,2.8925619834710745,KME2G3_25_sub_81.png,158,69,2.289855072463768,KME2G3_25_sub_81.png
389,119,3.26890756302521,KME2G3_25_sub_95.png,261,67,3.8955223880597014,KME2G3_25_sub_95.png
396,105,3.7714285714285714,KME2G3_25_sub_96.png,183,36,5.083333333333333,KME2G3_25_sub_96.png
466,112,4.160714285714286,KME2G3_26_sub_22.png,297,31,9.580645161290322,KME2G3_26_sub_22.png
740,94,7.872340425531915,KME2G3_26_sub_26.png,275,25,11.0,KME2G3_26_sub_26.png
511,97,5.268041237113402,KME2G3_26_sub_28.png,206,31,6.645161290322581,KME2G3_26_sub_28.png
235,202,1.1633663366336633,KME2G3_26_sub_30.png,128,67,1.9104477611940298,KME2G3_26_sub_30.png
326,118,2.76271186440678,KME2G3_26_sub_35.png,172,33,5.212121212121212,KME2G3_26_sub_35.png
627,274,2.2883211678832116,KME2G3_26_sub_38.png,153,47,3.25531914893617,KME2G3_26_sub_38.png
156,106,1.471698113207547,KME2G3_26_sub_65.png,78,36,2.1666666666666665,KME2G3_26_sub_65.png
328,136,2.411764705882353,KME2G3_26_sub_74.png,128,75,1.7066666666666668,KME2G3_26_sub_74.png
226,121,1.8677685950413223,KME2G3_26_sub_81.png,158,69,2.289855072463768,KME2G3_26_sub_81.png
304,121,2.512396694214876,KME2G3_26_sub_95.png,261,67,3.8955223880597014,KME2G3_26_sub_95.png
179,89,2.0112359550561796,KME2G3_26_sub_96.png,183,36,5.083333333333333,KME2G3_26_sub_96.png
599,110,5.445454545454545,KME2G3_27_sub_22.png,297,31,9.580645161290322,KME2G3_27_sub_22.png
632,103,6.135922330097087,KME2G3_27_sub_26.png,275,25,11.0,KME2G3_27_sub_26.png
492,109,4.513761467889908,KME2G3_27_sub_28.png,206,31,6.645161290322581,KME2G3_27_sub_28.png
293,218,1.3440366972477065,KME2G3_27_sub_30.png,128,67,1.9104477611940298,KME2G3_27_sub_30.png
345,131,2.633587786259542,KME2G3_27_sub_35.png,172,33,5.212121212121212,KME2G3_27_sub_35.png
139,102,1.3627450980392157,KME2G3_27_sub_65.png,78,36,2.1666666666666665,KME2G3_27_sub_65.png
303,151,2.006622516556291,KME2G3_27_sub_74.png,128,75,1.7066666666666668,KME2G3_27_sub_74.png
259,104,2.4903846153846154,KME2G3_27_sub_81.png,158,69,2.289855072463768,KME2G3_27_sub_81.png
231,98,2.357142857142857,KME2G3_27_sub_95.png,261,67,3.8955223880597014,KME2G3_27_sub_95.png
176,91,1.934065934065934,KME2G3_27_sub_96.png,183,36,5.083333333333333,KME2G3_27_sub_96.png
591,118,5.008474576271187,KME2G3_28_sub_22.png,297,31,9.580645161290322,KME2G3_28_sub_22.png
564,106,5.320754716981132,KME2G3_28_sub_26.png,275,25,11.0,KME2G3_28_sub_26.png
435,119,3.6554621848739495,KME2G3_28_sub_28.png,206,31,6.645161290322581,KME2G3_28_sub_28.png
387,228,1.6973684210526316,KME2G3_28_sub_30.png,128,67,1.9104477611940298,KME2G3_28_sub_30.png
416,133,3.1278195488721803,KME2G3_28_sub_35.png,172,33,5.212121212121212,KME2G3_28_sub_35.png
518,294,1.7619047619047619,KME2G3_28_sub_38.png,153,47,3.25531914893617,KME2G3_28_sub_38.png
190,106,1.7924528301886793,KME2G3_28_sub_65.png,78,36,2.1666666666666665,KME2G3_28_sub_65.png
286,128,2.234375,KME2G3_28_sub_74.png,128,75,1.7066666666666668,KME2G3_28_sub_74.png
331,110,3.0090909090909093,KME2G3_28_sub_81.png,158,69,2.289855072463768,KME2G3_28_sub_81.png
261,97,2.6907216494845363,KME2G3_28_sub_95.png,261,67,3.8955223880597014,KME2G3_28_sub_95.png
350,116,3.0172413793103448,KME2G3_28_sub_96.png,183,36,5.083333333333333,KME2G3_28_sub_96.png
573,116,4.939655172413793,KME2G3_29_sub_22.png,297,31,9.580645161290322,KME2G3_29_sub_22.png
441,87,5.068965517241379,KME2G3_29_sub_26.png,275,25,11.0,KME2G3_29_sub_26.png
568,108,5.2592592592592595,KME2G3_29_sub_28.png,206,31,6.645161290322581,KME2G3_29_sub_28.png
328,209,1.569377990430622,KME2G3_29_sub_30.png,128,67,1.9104477611940298,KME2G3_29_sub_30.png
326,133,2.4511278195488724,KME2G3_29_sub_35.png,172,33,5.212121212121212,KME2G3_29_sub_35.png
420,251,1.6733067729083666,KME2G3_29_sub_38.png,153,47,3.25531914893617,KME2G3_29_sub_38.png
117,101,1.1584158415841583,KME2G3_29_sub_65.png,78,36,2.1666666666666665,KME2G3_29_sub_65.png
227,145,1.5655172413793104,KME2G3_29_sub_74.png,128,75,1.7066666666666668,KME2G3_29_sub_74.png
251,116,2.163793103448276,KME2G3_29_sub_81.png,158,69,2.289855072463768,KME2G3_29_sub_81.png
209,103,2.029126213592233,KME2G3_29_sub_95.png,261,67,3.8955223880597014,KME2G3_29_sub_95.png
171,98,1.7448979591836735,KME2G3_29_sub_96.png,183,36,5.083333333333333,KME2G3_29_sub_96.png
554,115,4.817391304347826,KME2G3_2_sub_22.png,297,31,9.580645161290322,KME2G3_2_sub_22.png
713,88,8.102272727272727,KME2G3_2_sub_26.png,275,25,11.0,KME2G3_2_sub_26.png
423,129,3.2790697674418605,KME2G3_2_sub_28.png,206,31,6.645161290322581,KME2G3_2_sub_28.png
406,217,1.8709677419354838,KME2G3_2_sub_30.png,128,67,1.9104477611940298,KME2G3_2_sub_30.png
351,144,2.4375,KME2G3_2_sub_35.png,172,33,5.212121212121212,KME2G3_2_sub_35.png
432,297,1.4545454545454546,KME2G3_2_sub_38.png,153,47,3.25531914893617,KME2G3_2_sub_38.png
202,106,1.9056603773584906,KME2G3_2_sub_65.png,78,36,2.1666666666666665,KME2G3_2_sub_65.png
271,142,1.908450704225352,KME2G3_2_sub_74.png,128,75,1.7066666666666668,KME2G3_2_sub_74.png
243,105,2.3142857142857145,KME2G3_2_sub_81.png,158,69,2.289855072463768,KME2G3_2_sub_81.png
280,96,2.9166666666666665,KME2G3_2_sub_95.png,261,67,3.8955223880597014,KME2G3_2_sub_95.png
212,100,2.12,KME2G3_2_sub_96.png,183,36,5.083333333333333,KME2G3_2_sub_96.png
752,114,6.5964912280701755,KME2G3_30_sub_22.png,297,31,9.580645161290322,KME2G3_30_sub_22.png
691,79,8.746835443037975,KME2G3_30_sub_26.png,275,25,11.0,KME2G3_30_sub_26.png
584,96,6.083333333333333,KME2G3_30_sub_28.png,206,31,6.645161290322581,KME2G3_30_sub_28.png
296,210,1.4095238095238096,KME2G3_30_sub_30.png,128,67,1.9104477611940298,KME2G3_30_sub_30.png
425,135,3.1481481481481484,KME2G3_30_sub_35.png,172,33,5.212121212121212,KME2G3_30_sub_35.png
751,297,2.5286195286195285,KME2G3_30_sub_38.png,153,47,3.25531914893617,KME2G3_30_sub_38.png
188,103,1.825242718446602,KME2G3_30_sub_65.png,78,36,2.1666666666666665,KME2G3_30_sub_65.png
297,145,2.0482758620689654,KME2G3_30_sub_74.png,128,75,1.7066666666666668,KME2G3_30_sub_74.png
291,113,2.575221238938053,KME2G3_30_sub_81.png,158,69,2.289855072463768,KME2G3_30_sub_81.png
349,110,3.172727272727273,KME2G3_30_sub_95.png,261,67,3.8955223880597014,KME2G3_30_sub_95.png
287,117,2.452991452991453,KME2G3_30_sub_96.png,183,36,5.083333333333333,KME2G3_30_sub_96.png
636,116,5.482758620689655,KME2G3_3_sub_22.png,297,31,9.580645161290322,KME2G3_3_sub_22.png
657,100,6.57,KME2G3_3_sub_26.png,275,25,11.0,KME2G3_3_sub_26.png
430,110,3.909090909090909,KME2G3_3_sub_28.png,206,31,6.645161290322581,KME2G3_3_sub_28.png
242,221,1.0950226244343892,KME2G3_3_sub_30.png,128,67,1.9104477611940298,KME2G3_3_sub_30.png
420,124,3.3870967741935485,KME2G3_3_sub_35.png,172,33,5.212121212121212,KME2G3_3_sub_35.png
590,286,2.062937062937063,KME2G3_3_sub_38.png,153,47,3.25531914893617,KME2G3_3_sub_38.png
188,121,1.5537190082644627,KME2G3_3_sub_65.png,78,36,2.1666666666666665,KME2G3_3_sub_65.png
275,158,1.740506329113924,KME2G3_3_sub_74.png,128,75,1.7066666666666668,KME2G3_3_sub_74.png
287,143,2.006993006993007,KME2G3_3_sub_81.png,158,69,2.289855072463768,KME2G3_3_sub_81.png
290,104,2.7884615384615383,KME2G3_3_sub_95.png,261,67,3.8955223880597014,KME2G3_3_sub_95.png
301,100,3.01,KME2G3_3_sub_96.png,183,36,5.083333333333333,KME2G3_3_sub_96.png
630,101,6.237623762376238,KME2G3_4_sub_22.png,297,31,9.580645161290322,KME2G3_4_sub_22.png
547,84,6.511904761904762,KME2G3_4_sub_26.png,275,25,11.0,KME2G3_4_sub_26.png
500,129,3.875968992248062,KME2G3_4_sub_28.png,206,31,6.645161290322581,KME2G3_4_sub_28.png
333,215,1.5488372093023255,KME2G3_4_sub_30.png,128,67,1.9104477611940298,KME2G3_4_sub_30.png
426,144,2.9583333333333335,KME2G3_4_sub_35.png,172,33,5.212121212121212,KME2G3_4_sub_35.png
655,342,1.9152046783625731,KME2G3_4_sub_38.png,153,47,3.25531914893617,KME2G3_4_sub_38.png
179,111,1.6126126126126126,KME2G3_4_sub_65.png,78,36,2.1666666666666665,KME2G3_4_sub_65.png
331,140,2.3642857142857143,KME2G3_4_sub_74.png,128,75,1.7066666666666668,KME2G3_4_sub_74.png
325,112,2.9017857142857144,KME2G3_4_sub_81.png,158,69,2.289855072463768,KME2G3_4_sub_81.png
286,102,2.803921568627451,KME2G3_4_sub_95.png,261,67,3.8955223880597014,KME2G3_4_sub_95.png
310,127,2.440944881889764,KME2G3_4_sub_96.png,183,36,5.083333333333333,KME2G3_4_sub_96.png
585,96,6.09375,KME2G3_5_sub_22.png,297,31,9.580645161290322,KME2G3_5_sub_22.png
607,84,7.226190476190476,KME2G3_5_sub_26.png,275,25,11.0,KME2G3_5_sub_26.png
646,101,6.396039603960396,KME2G3_5_sub_28.png,206,31,6.645161290322581,KME2G3_5_sub_28.png
285,218,1.3073394495412844,KME2G3_5_sub_30.png,128,67,1.9104477611940298,KME2G3_5_sub_30.png
373,121,3.0826446280991737,KME2G3_5_sub_35.png,172,33,5.212121212121212,KME2G3_5_sub_35.png
671,304,2.2072368421052633,KME2G3_5_sub_38.png,153,47,3.25531914893617,KME2G3_5_sub_38.png
199,113,1.761061946902655,KME2G3_5_sub_65.png,78,36,2.1666666666666665,KME2G3_5_sub_65.png
310,161,1.9254658385093169,KME2G3_5_sub_74.png,128,75,1.7066666666666668,KME2G3_5_sub_74.png
253,121,2.090909090909091,KME2G3_5_sub_81.png,158,69,2.289855072463768,KME2G3_5_sub_81.png
400,125,3.2,KME2G3_5_sub_95.png,261,67,3.8955223880597014,KME2G3_5_sub_95.png
262,120,2.183333333333333,KME2G3_5_sub_96.png,183,36,5.083333333333333,KME2G3_5_sub_96.png
477,105,4.542857142857143,KME2G3_6_sub_22.png,297,31,9.580645161290322,KME2G3_6_sub_22.png
584,83,7.036144578313253,KME2G3_6_sub_26.png,275,25,11.0,KME2G3_6_sub_26.png
428,93,4.602150537634409,KME2G3_6_sub_28.png,206,31,6.645161290322581,KME2G3_6_sub_28.png
341,220,1.55,KME2G3_6_sub_30.png,128,67,1.9104477611940298,KME2G3_6_sub_30.png
409,116,3.5258620689655173,KME2G3_6_sub_35.png,172,33,5.212121212121212,KME2G3_6_sub_35.png
552,281,1.9644128113879002,KME2G3_6_sub_38.png,153,47,3.25531914893617,KME2G3_6_sub_38.png
181,125,1.448,KME2G3_6_sub_65.png,78,36,2.1666666666666665,KME2G3_6_sub_65.png
240,142,1.6901408450704225,KME2G3_6_sub_74.png,128,75,1.7066666666666668,KME2G3_6_sub_74.png
299,106,2.8207547169811322,KME2G3_6_sub_81.png,158,69,2.289855072463768,KME2G3_6_sub_81.png
296,118,2.5084745762711864,KME2G3_6_sub_95.png,261,67,3.8955223880597014,KME2G3_6_sub_95.png
245,111,2.2072072072072073,KME2G3_6_sub_96.png,183,36,5.083333333333333,KME2G3_6_sub_96.png
492,108,4.555555555555555,KME2G3_7_sub_22.png,297,31,9.580645161290322,KME2G3_7_sub_22.png
485,95,5.105263157894737,KME2G3_7_sub_26.png,275,25,11.0,KME2G3_7_sub_26.png
512,107,4.785046728971962,KME2G3_7_sub_28.png,206,31,6.645161290322581,KME2G3_7_sub_28.png
235,188,1.25,KME2G3_7_sub_30.png,128,67,1.9104477611940298,KME2G3_7_sub_30.png
343,122,2.8114754098360657,KME2G3_7_sub_35.png,172,33,5.212121212121212,KME2G3_7_sub_35.png
459,276,1.6630434782608696,KME2G3_7_sub_38.png,153,47,3.25531914893617,KME2G3_7_sub_38.png
166,111,1.4954954954954955,KME2G3_7_sub_65.png,78,36,2.1666666666666665,KME2G3_7_sub_65.png
267,133,2.007518796992481,KME2G3_7_sub_74.png,128,75,1.7066666666666668,KME2G3_7_sub_74.png
250,107,2.336448598130841,KME2G3_7_sub_81.png,158,69,2.289855072463768,KME2G3_7_sub_81.png
270,104,2.5961538461538463,KME2G3_7_sub_95.png,261,67,3.8955223880597014,KME2G3_7_sub_95.png
240,106,2.2641509433962264,KME2G3_7_sub_96.png,183,36,5.083333333333333,KME2G3_7_sub_96.png
513,135,3.8,KME2G3_8_sub_22.png,297,31,9.580645161290322,KME2G3_8_sub_22.png
445,123,3.6178861788617884,KME2G3_8_sub_26.png,275,25,11.0,KME2G3_8_sub_26.png
515,131,3.931297709923664,KME2G3_8_sub_28.png,206,31,6.645161290322581,KME2G3_8_sub_28.png
338,200,1.69,KME2G3_8_sub_30.png,128,67,1.9104477611940298,KME2G3_8_sub_30.png
350,131,2.6717557251908395,KME2G3_8_sub_35.png,172,33,5.212121212121212,KME2G3_8_sub_35.png
773,276,2.800724637681159,KME2G3_8_sub_38.png,153,47,3.25531914893617,KME2G3_8_sub_38.png
143,114,1.2543859649122806,KME2G3_8_sub_65.png,78,36,2.1666666666666665,KME2G3_8_sub_65.png
305,152,2.0065789473684212,KME2G3_8_sub_74.png,128,75,1.7066666666666668,KME2G3_8_sub_74.png
244,104,2.3461538461538463,KME2G3_8_sub_81.png,158,69,2.289855072463768,KME2G3_8_sub_81.png
278,114,2.43859649122807,KME2G3_8_sub_95.png,261,67,3.8955223880597014,KME2G3_8_sub_95.png
243,104,2.3365384615384617,KME2G3_8_sub_96.png,183,36,5.083333333333333,KME2G3_8_sub_96.png
549,120,4.575,KME2G3_9_sub_22.png,297,31,9.580645161290322,KME2G3_9_sub_22.png
447,79,5.658227848101266,KME2G3_9_sub_26.png,275,25,11.0,KME2G3_9_sub_26.png
378,105,3.6,KME2G3_9_sub_28.png,206,31,6.645161290322581,KME2G3_9_sub_28.png
258,164,1.5731707317073171,KME2G3_9_sub_30.png,128,67,1.9104477611940298,KME2G3_9_sub_30.png
344,109,3.1559633027522938,KME2G3_9_sub_35.png,172,33,5.212121212121212,KME2G3_9_sub_35.png
406,196,2.0714285714285716,KME2G3_9_sub_38.png,153,47,3.25531914893617,KME2G3_9_sub_38.png
150,106,1.4150943396226414,KME2G3_9_sub_65.png,78,36,2.1666666666666665,KME2G3_9_sub_65.png
268,139,1.9280575539568345,KME2G3_9_sub_74.png,128,75,1.7066666666666668,KME2G3_9_sub_74.png
248,116,2.1379310344827585,KME2G3_9_sub_81.png,158,69,2.289855072463768,KME2G3_9_sub_81.png
287,86,3.3372093023255816,KME2G3_9_sub_95.png,261,67,3.8955223880597014,KME2G3_9_sub_95.png
263,106,2.481132075471698,KME2G3_9_sub_96.png,183,36,5.083333333333333,KME2G3_9_sub_96.png
82,63,1.3015873015873016,MfrDB0001.png,61,22,2.772727272727273,MfrDB0001.png
106,65,1.6307692307692307,MfrDB0002.png,61,22,2.772727272727273,MfrDB0002.png
253,122,2.0737704918032787,MfrDB0003.png,214,44,4.863636363636363,MfrDB0003.png
254,166,1.5301204819277108,MfrDB0004.png,122,64,1.90625,MfrDB0004.png
306,156,1.9615384615384615,MfrDB0005.png,178,58,3.0689655172413794,MfrDB0005.png
351,116,3.0258620689655173,MfrDB0006.png,236,72,3.2777777777777777,MfrDB0006.png
196,132,1.4848484848484849,MfrDB0007.png,100,42,2.380952380952381,MfrDB0007.png
315,131,2.404580152671756,MfrDB0008.png,186,83,2.2409638554216866,MfrDB0008.png
298,92,3.239130434782609,MfrDB0009.png,197,28,7.035714285714286,MfrDB0009.png
215,113,1.9026548672566372,MfrDB0011.png,103,33,3.121212121212121,MfrDB0011.png
495,138,3.5869565217391304,MfrDB0012.png,350,67,5.223880597014926,MfrDB0012.png
275,126,2.1825396825396823,MfrDB0013.png,156,42,3.7142857142857144,MfrDB0013.png
480,103,4.660194174757281,MfrDB0014.png,289,31,9.32258064516129,MfrDB0014.png
426,105,4.057142857142857,MfrDB0015.png,289,31,9.32258064516129,MfrDB0015.png
556,94,5.914893617021277,MfrDB0016.png,381,31,12.290322580645162,MfrDB0016.png
161,124,1.2983870967741935,MfrDB0017.png,108,69,1.565217391304348,MfrDB0017.png
388,110,3.5272727272727273,MfrDB0018.png,236,50,4.72,MfrDB0018.png
348,96,3.625,MfrDB0019.png,233,31,7.516129032258065,MfrDB0019.png
185,216,0.8564814814814815,MfrDB0020.png,61,75,0.8133333333333334,MfrDB0020.png
172,133,1.2932330827067668,MfrDB0021.png,42,36,1.1666666666666667,MfrDB0021.png
190,157,1.2101910828025477,MfrDB0022.png,75,47,1.5957446808510638,MfrDB0022.png
352,313,1.1246006389776357,MfrDB0023.png,83,61,1.360655737704918,MfrDB0023.png
351,104,3.375,MfrDB0024.png,283,31,9.129032258064516,MfrDB0024.png
294,58,5.068965517241379,MfrDB0025.png,158,22,7.181818181818182,MfrDB0025.png
291,224,1.2991071428571428,MfrDB0026.png,147,72,2.0416666666666665,MfrDB0026.png
462,93,4.967741935483871,MfrDB0027.png,306,31,9.870967741935484,MfrDB0027.png
246,89,2.764044943820225,MfrDB0028.png,97,25,3.88,MfrDB0028.png
232,79,2.9367088607594938,MfrDB0029.png,94,19,4.947368421052632,MfrDB0029.png
185,125,1.48,MfrDB0030.png,89,44,2.022727272727273,MfrDB0030.png
410,214,1.9158878504672898,MfrDB0032.png,192,61,3.1475409836065573,MfrDB0032.png
101,67,1.507462686567164,MfrDB0033.png,61,22,2.772727272727273,MfrDB0033.png
398,156,2.551282051282051,MfrDB0034.png,139,42,3.3095238095238093,MfrDB0034.png
230,65,3.5384615384615383,MfrDB0035.png,175,19,9.210526315789474,MfrDB0035.png
266,59,4.508474576271187,MfrDB0036.png,181,22,8.227272727272727,MfrDB0036.png
240,108,2.2222222222222223,MfrDB0037.png,194,64,3.03125,MfrDB0037.png
256,76,3.3684210526315788,MfrDB0039.png,244,28,8.714285714285714,MfrDB0039.png
253,79,3.2025316455696204,MfrDB0040.png,244,28,8.714285714285714,MfrDB0040.png
400,98,4.081632653061225,MfrDB0041.png,219,28,7.821428571428571,MfrDB0041.png
541,97,5.577319587628866,MfrDB0042.png,289,28,10.321428571428571,MfrDB0042.png
609,140,4.35,MfrDB0043.png,261,36,7.25,MfrDB0043.png
579,125,4.632,MfrDB0044.png,389,31,12.548387096774194,MfrDB0044.png
489,161,3.0372670807453415,MfrDB0045.png,228,64,3.5625,MfrDB0045.png
612,112,5.464285714285714,MfrDB0046.png,294,28,10.5,MfrDB0046.png
405,85,4.764705882352941,MfrDB0047.png,289,31,9.32258064516129,MfrDB0047.png
285,75,3.8,MfrDB0048.png,283,31,9.129032258064516,MfrDB0048.png
483,86,5.616279069767442,MfrDB0049.png,389,31,12.548387096774194,MfrDB0049.png
336,92,3.652173913043478,MfrDB0050.png,222,28,7.928571428571429,MfrDB0050.png
343,83,4.132530120481928,MfrDB0051.png,222,28,7.928571428571429,MfrDB0051.png
322,137,2.3503649635036497,MfrDB0052.png,175,64,2.734375,MfrDB0052.png
308,97,3.1752577319587627,MfrDB0053.png,219,33,6.636363636363637,MfrDB0053.png
553,136,4.0661764705882355,MfrDB0054.png,294,33,8.909090909090908,MfrDB0054.png
482,131,3.6793893129770994,MfrDB0055.png,222,33,6.7272727272727275,MfrDB0055.png
244,101,2.4158415841584158,MfrDB0057.png,267,39,6.846153846153846,MfrDB0057.png
518,113,4.584070796460177,MfrDB0058.png,289,42,6.880952380952381,MfrDB0058.png
444,104,4.269230769230769,MfrDB0059.png,328,42,7.809523809523809,MfrDB0059.png
321,139,2.3093525179856114,MfrDB0061.png,192,44,4.363636363636363,MfrDB0061.png
283,103,2.7475728155339807,MfrDB0062.png,172,33,5.212121212121212,MfrDB0062.png
323,147,2.197278911564626,MfrDB0063.png,189,64,2.953125,MfrDB0063.png
443,117,3.786324786324786,MfrDB0064.png,297,42,7.071428571428571,MfrDB0064.png
304,96,3.1666666666666665,MfrDB0067.png,308,36,8.555555555555555,MfrDB0067.png
315,79,3.9873417721518987,MfrDB0068.png,200,28,7.142857142857143,MfrDB0068.png
423,79,5.3544303797468356,MfrDB0069.png,303,28,10.821428571428571,MfrDB0069.png
425,90,4.722222222222222,MfrDB0070.png,292,28,10.428571428571429,MfrDB0070.png
241,74,3.2567567567567566,MfrDB0071.png,156,28,5.571428571428571,MfrDB0071.png
288,79,3.6455696202531644,MfrDB0072.png,158,22,7.181818181818182,MfrDB0072.png
331,87,3.8045977011494254,MfrDB0073.png,219,28,7.821428571428571,MfrDB0073.png
327,81,4.037037037037037,MfrDB0077.png,214,28,7.642857142857143,MfrDB0077.png
307,87,3.528735632183908,MfrDB0078.png,242,33,7.333333333333333,MfrDB0078.png
479,158,3.0316455696202533,MfrDB0079.png,244,50,4.88,MfrDB0079.png
383,154,2.487012987012987,MfrDB0080.png,225,44,5.113636363636363,MfrDB0080.png
261,85,3.070588235294118,MfrDB0081.png,189,28,6.75,MfrDB0081.png
385,82,4.695121951219512,MfrDB0082.png,247,28,8.821428571428571,MfrDB0082.png
239,113,2.1150442477876106,MfrDB0086.png,144,25,5.76,MfrDB0086.png
278,190,1.4631578947368422,MfrDB0088.png,94,44,2.1363636363636362,MfrDB0088.png
468,133,3.518796992481203,MfrDB0089.png,142,36,3.9444444444444446,MfrDB0089.png
476,138,3.449275362318841,MfrDB0090.png,183,44,4.159090909090909,MfrDB0090.png
499,78,6.397435897435898,MfrDB0092.png,406,28,14.5,MfrDB0092.png
199,78,2.551282051282051,MfrDB0093.png,142,28,5.071428571428571,MfrDB0093.png
497,166,2.9939759036144578,MfrDB0094.png,228,39,5.846153846153846,MfrDB0094.png
318,108,2.9444444444444446,MfrDB0095.png,192,39,4.923076923076923,MfrDB0095.png
207,111,1.864864864864865,MfrDB0097.png,150,36,4.166666666666667,MfrDB0097.png
335,99,3.3838383838383836,MfrDB0098.png,203,39,5.205128205128205,MfrDB0098.png
325,110,2.9545454545454546,MfrDB0099.png,189,31,6.096774193548387,MfrDB0099.png
362,116,3.1206896551724137,MfrDB0100.png,203,31,6.548387096774194,MfrDB0100.png
365,90,4.055555555555555,MfrDB0101.png,247,31,7.967741935483871,MfrDB0101.png
901,129,6.984496124031008,MfrDB0102.png,483,31,15.580645161290322,MfrDB0102.png
375,83,4.518072289156627,MfrDB0103.png,211,33,6.393939393939394,MfrDB0103.png
670,89,7.52808988764045,MfrDB0105.png,550,31,17.741935483870968,MfrDB0105.png
396,88,4.5,MfrDB0106.png,319,31,10.290322580645162,MfrDB0106.png
430,91,4.725274725274725,MfrDB0107.png,272,31,8.774193548387096,MfrDB0107.png
194,107,1.8130841121495327,MfrDB0108.png,108,36,3.0,MfrDB0108.png
420,140,3.0,MfrDB0109.png,242,69,3.5072463768115942,MfrDB0109.png
201,125,1.608,MfrDB0110.png,144,69,2.0869565217391304,MfrDB0110.png
184,91,2.021978021978022,MfrDB0111.png,153,39,3.923076923076923,MfrDB0111.png
206,121,1.7024793388429753,MfrDB0112.png,108,50,2.16,MfrDB0112.png
400,144,2.7777777777777777,MfrDB0113.png,164,50,3.28,MfrDB0113.png
532,139,3.827338129496403,MfrDB0114.png,256,31,8.258064516129032,MfrDB0114.png
230,84,2.738095238095238,MfrDB0115.png,106,25,4.24,MfrDB0115.png
232,128,1.8125,MfrDB0117.png,83,31,2.6774193548387095,MfrDB0117.png
265,154,1.7207792207792207,MfrDB0118.png,119,39,3.051282051282051,MfrDB0118.png
104,75,1.3866666666666667,MfrDB0119.png,75,25,3.0,MfrDB0119.png
91,62,1.467741935483871,MfrDB0120.png,61,22,2.772727272727273,MfrDB0120.png
159,76,2.0921052631578947,MfrDB0121.png,75,22,3.409090909090909,MfrDB0121.png
110,82,1.3414634146341464,MfrDB0122.png,75,25,3.0,MfrDB0122.png
179,68,2.6323529411764706,MfrDB0126.png,111,22,5.045454545454546,MfrDB0126.png
194,74,2.6216216216216215,MfrDB0130.png,136,28,4.857142857142857,MfrDB0130.png
171,80,2.1375,MfrDB0131.png,78,25,3.12,MfrDB0131.png
189,84,2.25,MfrDB0132.png,100,28,3.5714285714285716,MfrDB0132.png
83,71,1.1690140845070423,MfrDB0137.png,28,25,1.12,MfrDB0137.png
148,71,2.084507042253521,MfrDB0143.png,111,22,5.045454545454546,MfrDB0143.png
251,80,3.1375,MfrDB0144.png,97,25,3.88,MfrDB0144.png
220,78,2.8205128205128207,MfrDB0145.png,111,22,5.045454545454546,MfrDB0145.png
94,63,1.492063492063492,MfrDB0148.png,39,28,1.3928571428571428,MfrDB0148.png
179,64,2.796875,MfrDB0151.png,111,22,5.045454545454546,MfrDB0151.png
107,57,1.8771929824561404,MfrDB0157.png,61,22,2.772727272727273,MfrDB0157.png
85,68,1.25,MfrDB0158.png,61,22,2.772727272727273,MfrDB0158.png
335,91,3.681318681318681,MfrDB0159.png,150,28,5.357142857142857,MfrDB0159.png
197,68,2.8970588235294117,MfrDB0166.png,128,22,5.818181818181818,MfrDB0166.png
332,89,3.730337078651685,MfrDB0187.png,142,25,5.68,MfrDB0187.png
222,71,3.1267605633802815,MfrDB0191.png,125,22,5.681818181818182,MfrDB0191.png
354,76,4.657894736842105,MfrDB0193.png,167,22,7.590909090909091,MfrDB0193.png
202,71,2.8450704225352115,MfrDB0194.png,111,22,5.045454545454546,MfrDB0194.png
429,83,5.168674698795181,MfrDB0199.png,228,28,8.142857142857142,MfrDB0199.png
66,108,0.6111111111111112,MfrDB0206.png,19,25,0.76,MfrDB0206.png
167,70,2.3857142857142857,MfrDB0212.png,108,22,4.909090909090909,MfrDB0212.png
212,60,3.533333333333333,MfrDB0215.png,114,22,5.181818181818182,MfrDB0215.png
112,70,1.6,MfrDB0216.png,61,22,2.772727272727273,MfrDB0216.png
145,65,2.230769230769231,MfrDB0225.png,111,22,5.045454545454546,MfrDB0225.png
252,90,2.8,MfrDB0237.png,133,28,4.75,MfrDB0237.png
185,69,2.681159420289855,MfrDB0262.png,117,22,5.318181818181818,MfrDB0262.png
118,60,1.9666666666666666,MfrDB0264.png,61,22,2.772727272727273,MfrDB0264.png
135,82,1.646341463414634,MfrDB0266.png,81,31,2.6129032258064515,MfrDB0266.png
61,54,1.1296296296296295,MfrDB0284.png,14,14,1.0,MfrDB0284.png
143,76,1.881578947368421,MfrDB0285.png,72,25,2.88,MfrDB0285.png
178,66,2.696969696969697,MfrDB0318.png,64,19,3.3684210526315788,MfrDB0318.png
218,98,2.2244897959183674,MfrDB0320.png,89,31,2.870967741935484,MfrDB0320.png
317,139,2.2805755395683454,MfrDB0325.png,114,64,1.78125,MfrDB0325.png
140,66,2.121212121212121,MfrDB0328.png,61,22,2.772727272727273,MfrDB0328.png
253,146,1.7328767123287672,MfrDB0331.png,111,22,5.045454545454546,MfrDB0331.png
129,77,1.6753246753246753,MfrDB0332.png,111,22,5.045454545454546,MfrDB0332.png
111,105,1.0571428571428572,MfrDB0333.png,69,33,2.090909090909091,MfrDB0333.png
226,72,3.138888888888889,MfrDB0344.png,111,22,5.045454545454546,MfrDB0344.png
188,140,1.3428571428571427,MfrDB0345.png,75,25,3.0,MfrDB0345.png
121,66,1.8333333333333333,MfrDB0347.png,81,25,3.24,MfrDB0347.png
231,80,2.8875,MfrDB0348.png,128,31,4.129032258064516,MfrDB0348.png
129,60,2.15,MfrDB0369.png,64,22,2.909090909090909,MfrDB0369.png
256,74,3.4594594594594597,MfrDB0374.png,94,19,4.947368421052632,MfrDB0374.png
387,105,3.6857142857142855,MfrDB0375.png,108,19,5.684210526315789,MfrDB0375.png
97,64,1.515625,MfrDB0382.png,61,22,2.772727272727273,MfrDB0382.png
203,79,2.569620253164557,MfrDB0397.png,136,22,6.181818181818182,MfrDB0397.png
352,85,4.141176470588236,MfrDB0399.png,144,25,5.76,MfrDB0399.png
129,99,1.303030303030303,MfrDB0400.png,64,33,1.9393939393939394,MfrDB0400.png
97,64,1.515625,MfrDB0401.png,75,22,3.409090909090909,MfrDB0401.png
74,109,0.6788990825688074,MfrDB0402.png,25,19,1.3157894736842106,MfrDB0402.png
104,85,1.223529411764706,MfrDB0403.png,86,33,2.606060606060606,MfrDB0403.png
91,68,1.338235294117647,MfrDB0404.png,83,22,3.772727272727273,MfrDB0404.png
137,82,1.670731707317073,MfrDB0405.png,75,22,3.409090909090909,MfrDB0405.png
390,109,3.5779816513761467,MfrDB0420.png,242,25,9.68,MfrDB0420.png
183,56,3.267857142857143,MfrDB0435.png,61,22,2.772727272727273,MfrDB0435.png
204,70,2.914285714285714,MfrDB0450.png,114,22,5.181818181818182,MfrDB0450.png
190,60,3.1666666666666665,MfrDB0462.png,61,22,2.772727272727273,MfrDB0462.png
151,118,1.2796610169491525,MfrDB0463.png,69,67,1.0298507462686568,MfrDB0463.png
131,64,2.046875,MfrDB0464.png,61,22,2.772727272727273,MfrDB0464.png
209,73,2.863013698630137,MfrDB0469.png,103,28,3.6785714285714284,MfrDB0469.png
220,87,2.528735632183908,MfrDB0470.png,139,31,4.483870967741935,MfrDB0470.png
165,80,2.0625,MfrDB0482.png,114,25,4.56,MfrDB0482.png
183,95,1.9263157894736842,MfrDB0483.png,114,25,4.56,MfrDB0483.png
166,79,2.1012658227848102,MfrDB0495.png,61,22,2.772727272727273,MfrDB0495.png
91,59,1.5423728813559323,MfrDB0512.png,61,22,2.772727272727273,MfrDB0512.png
348,105,3.3142857142857145,MfrDB0518.png,150,25,6.0,MfrDB0518.png
165,63,2.619047619047619,MfrDB0524.png,114,22,5.181818181818182,MfrDB0524.png
150,72,2.0833333333333335,MfrDB0525.png,61,22,2.772727272727273,MfrDB0525.png
104,73,1.4246575342465753,MfrDB0526.png,61,22,2.772727272727273,MfrDB0526.png
150,64,2.34375,MfrDB0532.png,114,22,5.181818181818182,MfrDB0532.png
141,65,2.169230769230769,MfrDB0533.png,61,22,2.772727272727273,MfrDB0533.png
286,84,3.4047619047619047,MfrDB0534.png,114,22,5.181818181818182,MfrDB0534.png
260,86,3.0232558139534884,MfrDB0541.png,114,22,5.181818181818182,MfrDB0541.png
76,79,0.9620253164556962,MfrDB0544.png,28,25,1.12,MfrDB0544.png
90,63,1.4285714285714286,MfrDB0552.png,61,22,2.772727272727273,MfrDB0552.png
294,66,4.454545454545454,MfrDB0555.png,114,22,5.181818181818182,MfrDB0555.png
72,62,1.1612903225806452,MfrDB0556.png,39,28,1.3928571428571428,MfrDB0556.png
233,91,2.5604395604395602,MfrDB0574.png,169,33,5.121212121212121,MfrDB0574.png
178,79,2.2531645569620253,MfrDB0576.png,142,25,5.68,MfrDB0576.png
208,74,2.810810810810811,MfrDB0580.png,111,22,5.045454545454546,MfrDB0580.png
248,85,2.9176470588235293,MfrDB0582.png,164,31,5.290322580645161,MfrDB0582.png
125,75,1.6666666666666667,MfrDB0587.png,61,22,2.772727272727273,MfrDB0587.png
184,86,2.13953488372093,MfrDB0594.png,78,31,2.5161290322580645,MfrDB0594.png
287,116,2.4741379310344827,MfrDB0596.png,128,31,4.129032258064516,MfrDB0596.png
108,69,1.565217391304348,MfrDB0603.png,61,22,2.772727272727273,MfrDB0603.png
121,124,0.9758064516129032,MfrDB0604.png,42,19,2.210526315789474,MfrDB0604.png
153,90,1.7,MfrDB0605.png,161,31,5.193548387096774,MfrDB0605.png
206,72,2.861111111111111,MfrDB0611.png,78,31,2.5161290322580645,MfrDB0611.png
183,73,2.506849315068493,MfrDB0633.png,72,25,2.88,MfrDB0633.png
93,82,1.1341463414634145,MfrDB0637.png,28,25,1.12,MfrDB0637.png
330,82,4.024390243902439,MfrDB0639.png,161,25,6.44,MfrDB0639.png
149,79,1.8860759493670887,MfrDB0643.png,78,31,2.5161290322580645,MfrDB0643.png
150,88,1.7045454545454546,MfrDB0647.png,114,25,4.56,MfrDB0647.png
204,85,2.4,MfrDB0656.png,128,25,5.12,MfrDB0656.png
139,95,1.4631578947368422,MfrDB0657.png,81,33,2.4545454545454546,MfrDB0657.png
215,79,2.721518987341772,MfrDB0666.png,181,28,6.464285714285714,MfrDB0666.png
201,82,2.451219512195122,MfrDB0673.png,106,25,4.24,MfrDB0673.png
228,95,2.4,MfrDB0683.png,139,25,5.56,MfrDB0683.png
161,59,2.7288135593220337,MfrDB0686.png,111,22,5.045454545454546,MfrDB0686.png
208,91,2.2857142857142856,MfrDB0687.png,144,25,5.76,MfrDB0687.png
257,146,1.7602739726027397,MfrDB0691.png,61,44,1.3863636363636365,MfrDB0691.png
121,69,1.7536231884057971,MfrDB0692.png,61,22,2.772727272727273,MfrDB0692.png
171,66,2.590909090909091,MfrDB0699.png,111,22,5.045454545454546,MfrDB0699.png
302,72,4.194444444444445,MfrDB0701.png,111,22,5.045454545454546,MfrDB0701.png
149,83,1.7951807228915662,MfrDB0707.png,61,22,2.772727272727273,MfrDB0707.png
175,64,2.734375,MfrDB0721.png,67,19,3.526315789473684,MfrDB0721.png
159,150,1.06,MfrDB0722.png,33,25,1.32,MfrDB0722.png
156,64,2.4375,MfrDB0724.png,111,22,5.045454545454546,MfrDB0724.png
222,86,2.5813953488372094,MfrDB0729.png,117,31,3.774193548387097,MfrDB0729.png
90,94,0.9574468085106383,MfrDB0731.png,28,25,1.12,MfrDB0731.png
190,103,1.8446601941747574,MfrDB0732.png,114,25,4.56,MfrDB0732.png
164,68,2.411764705882353,MfrDB0742.png,61,22,2.772727272727273,MfrDB0742.png
317,99,3.202020202020202,MfrDB0755.png,106,25,4.24,MfrDB0755.png
238,65,3.6615384615384614,MfrDB0757.png,128,22,5.818181818181818,MfrDB0757.png
182,79,2.3037974683544302,MfrDB0786.png,103,28,3.6785714285714284,MfrDB0786.png
364,94,3.872340425531915,MfrDB0804.png,219,28,7.821428571428571,MfrDB0804.png
150,71,2.112676056338028,MfrDB0807.png,97,25,3.88,MfrDB0807.png
393,135,2.911111111111111,MfrDB0808.png,192,67,2.8656716417910446,MfrDB0808.png
120,70,1.7142857142857142,MfrDB0822.png,136,31,4.387096774193548,MfrDB0822.png
151,73,2.0684931506849313,MfrDB0861.png,111,22,5.045454545454546,MfrDB0861.png
168,66,2.5454545454545454,MfrDB0866.png,81,19,4.2631578947368425,MfrDB0866.png
223,82,2.7195121951219514,MfrDB0868.png,117,19,6.157894736842105,MfrDB0868.png
305,134,2.2761194029850746,MfrDB0870.png,117,39,3.0,MfrDB0870.png
199,62,3.2096774193548385,MfrDB0892.png,111,22,5.045454545454546,MfrDB0892.png
81,58,1.396551724137931,MfrDB0896.png,61,22,2.772727272727273,MfrDB0896.png
231,77,3.0,MfrDB0899.png,114,25,4.56,MfrDB0899.png
124,62,2.0,MfrDB0911.png,61,22,2.772727272727273,MfrDB0911.png
79,58,1.3620689655172413,MfrDB0912.png,39,28,1.3928571428571428,MfrDB0912.png
212,83,2.5542168674698793,MfrDB0914.png,106,25,4.24,MfrDB0914.png
100,65,1.5384615384615385,MfrDB0916.png,61,22,2.772727272727273,MfrDB0916.png
144,59,2.440677966101695,MfrDB0922.png,61,22,2.772727272727273,MfrDB0922.png
150,65,2.3076923076923075,MfrDB0944.png,111,22,5.045454545454546,MfrDB0944.png
192,58,3.310344827586207,MfrDB0945.png,111,22,5.045454545454546,MfrDB0945.png
141,67,2.1044776119402986,MfrDB0948.png,61,22,2.772727272727273,MfrDB0948.png
134,66,2.0303030303030303,MfrDB0972.png,61,22,2.772727272727273,MfrDB0972.png
139,84,1.6547619047619047,MfrDB0979.png,56,25,2.24,MfrDB0979.png
151,73,2.0684931506849313,MfrDB0982.png,75,25,3.0,MfrDB0982.png
181,75,2.4133333333333336,MfrDB0987.png,125,22,5.681818181818182,MfrDB0987.png
107,66,1.621212121212121,MfrDB0992.png,61,22,2.772727272727273,MfrDB0992.png
172,64,2.6875,MfrDB1001.png,78,19,4.105263157894737,MfrDB1001.png
104,61,1.7049180327868851,MfrDB1005.png,67,19,3.526315789473684,MfrDB1005.png
476,79,6.025316455696203,MfrDB1008.png,97,25,3.88,MfrDB1008.png
103,64,1.609375,MfrDB1010.png,61,22,2.772727272727273,MfrDB1010.png
157,86,1.8255813953488371,MfrDB1011.png,78,31,2.5161290322580645,MfrDB1011.png
426,141,3.021276595744681,MfrDB1015.png,292,31,9.419354838709678,MfrDB1015.png
225,111,2.027027027027027,MfrDB1021.png,81,36,2.25,MfrDB1021.png
280,96,2.9166666666666665,MfrDB1023.png,164,25,6.56,MfrDB1023.png
271,88,3.0795454545454546,MfrDB1040.png,122,22,5.545454545454546,MfrDB1040.png
111,67,1.6567164179104477,MfrDB1044.png,61,22,2.772727272727273,MfrDB1044.png
123,69,1.7826086956521738,MfrDB1045.png,61,22,2.772727272727273,MfrDB1045.png
142,63,2.253968253968254,MfrDB1052.png,61,22,2.772727272727273,MfrDB1052.png
104,73,1.4246575342465753,MfrDB1064.png,61,22,2.772727272727273,MfrDB1064.png
140,64,2.1875,MfrDB1065.png,61,22,2.772727272727273,MfrDB1065.png
220,79,2.7848101265822787,MfrDB1067.png,89,28,3.1785714285714284,MfrDB1067.png
590,102,5.784313725490196,MfrDB1068.png,289,31,9.32258064516129,MfrDB1068.png
77,91,0.8461538461538461,MfrDB1070.png,25,25,1.0,MfrDB1070.png
161,65,2.476923076923077,MfrDB1076.png,111,22,5.045454545454546,MfrDB1076.png
120,68,1.7647058823529411,MfrDB1079.png,111,22,5.045454545454546,MfrDB1079.png
153,168,0.9107142857142857,MfrDB1080.png,42,31,1.3548387096774193,MfrDB1080.png
177,74,2.391891891891892,MfrDB1083.png,111,22,5.045454545454546,MfrDB1083.png
303,105,2.8857142857142857,MfrDB1088.png,144,25,5.76,MfrDB1088.png
195,91,2.142857142857143,MfrDB1094.png,117,31,3.774193548387097,MfrDB1094.png
193,91,2.120879120879121,MfrDB1095.png,119,22,5.409090909090909,MfrDB1095.png
249,68,3.661764705882353,MfrDB1099.png,114,22,5.181818181818182,MfrDB1099.png
157,71,2.211267605633803,MfrDB1106.png,61,22,2.772727272727273,MfrDB1106.png
227,95,2.389473684210526,MfrDB1107.png,128,25,5.12,MfrDB1107.png
165,72,2.2916666666666665,MfrDB1111.png,78,31,2.5161290322580645,MfrDB1111.png
230,136,1.6911764705882353,MfrDB1124.png,128,67,1.9104477611940298,MfrDB1124.png
265,159,1.6666666666666667,MfrDB1125.png,150,69,2.1739130434782608,MfrDB1125.png
177,99,1.7878787878787878,MfrDB1126.png,106,67,1.5820895522388059,MfrDB1126.png
271,115,2.356521739130435,MfrDB1127.png,128,31,4.129032258064516,MfrDB1127.png
231,109,2.1192660550458715,MfrDB1132.png,106,33,3.212121212121212,MfrDB1132.png
199,64,3.109375,MfrDB1135.png,114,22,5.181818181818182,MfrDB1135.png
454,174,2.6091954022988504,MfrDB1136.png,192,39,4.923076923076923,MfrDB1136.png
233,65,3.5846153846153848,MfrDB1141.png,128,22,5.818181818181818,MfrDB1141.png
157,61,2.5737704918032787,MfrDB1142.png,111,22,5.045454545454546,MfrDB1142.png
177,73,2.4246575342465753,MfrDB1150.png,128,25,5.12,MfrDB1150.png
433,92,4.706521739130435,MfrDB1169.png,192,25,7.68,MfrDB1169.png
475,84,5.654761904761905,MfrDB1170.png,206,25,8.24,MfrDB1170.png
175,71,2.464788732394366,MfrDB1174.png,114,25,4.56,MfrDB1174.png
86,67,1.2835820895522387,MfrDB1176.png,61,22,2.772727272727273,MfrDB1176.png
175,84,2.0833333333333335,MfrDB1178.png,122,25,4.88,MfrDB1178.png
147,63,2.3333333333333335,MfrDB1187.png,111,22,5.045454545454546,MfrDB1187.png
355,77,4.6103896103896105,MfrDB1198.png,125,25,5.0,MfrDB1198.png
187,75,2.493333333333333,MfrDB1199.png,61,22,2.772727272727273,MfrDB1199.png
135,72,1.875,MfrDB1200.png,117,25,4.68,MfrDB1200.png
221,69,3.2028985507246377,MfrDB1206.png,61,22,2.772727272727273,MfrDB1206.png
269,187,1.4385026737967914,MfrDB1214.png,64,64,1.0,MfrDB1214.png
105,63,1.6666666666666667,MfrDB1221.png,114,22,5.181818181818182,MfrDB1221.png
419,93,4.505376344086022,MfrDB1228.png,133,28,4.75,MfrDB1228.png
116,76,1.5263157894736843,MfrDB1229.png,50,28,1.7857142857142858,MfrDB1229.png
230,76,3.026315789473684,MfrDB1230.png,86,22,3.909090909090909,MfrDB1230.png
166,146,1.1369863013698631,MfrDB1231.png,42,42,1.0,MfrDB1231.png
334,64,5.21875,MfrDB1232.png,208,22,9.454545454545455,MfrDB1232.png
177,73,2.4246575342465753,MfrDB1233.png,139,19,7.315789473684211,MfrDB1233.png
161,75,2.1466666666666665,MfrDB1234.png,125,25,5.0,MfrDB1234.png
154,97,1.5876288659793814,MfrDB1235.png,89,25,3.56,MfrDB1235.png
318,165,1.9272727272727272,MfrDB1236.png,106,42,2.5238095238095237,MfrDB1236.png
157,82,1.9146341463414633,MfrDB1237.png,111,31,3.5806451612903225,MfrDB1237.png
135,76,1.7763157894736843,MfrDB1238.png,114,31,3.6774193548387095,MfrDB1238.png
377,140,2.692857142857143,MfrDB1239.png,136,36,3.7777777777777777,MfrDB1239.png
380,145,2.6206896551724137,MfrDB1240.png,136,39,3.4871794871794872,MfrDB1240.png
189,112,1.6875,MfrDB1241.png,133,39,3.41025641025641,MfrDB1241.png
238,75,3.1733333333333333,MfrDB1242.png,206,31,6.645161290322581,MfrDB1242.png
185,155,1.1935483870967742,MfrDB1243.png,67,39,1.7179487179487178,MfrDB1243.png
240,65,3.6923076923076925,MfrDB1244.png,144,19,7.578947368421052,MfrDB1244.png
143,106,1.349056603773585,MfrDB1245.png,56,36,1.5555555555555556,MfrDB1245.png
365,75,4.866666666666666,MfrDB1247.png,350,28,12.5,MfrDB1247.png
424,124,3.4193548387096775,MfrDB1248.png,169,28,6.035714285714286,MfrDB1248.png
327,72,4.541666666666667,MfrDB1249.png,150,22,6.818181818181818,MfrDB1249.png
328,91,3.6043956043956045,MfrDB1250.png,208,25,8.32,MfrDB1250.png
285,104,2.7403846153846154,MfrDB1251.png,169,31,5.451612903225806,MfrDB1251.png
369,85,4.341176470588235,MfrDB1252.png,294,28,10.5,MfrDB1252.png
329,101,3.257425742574257,MfrDB1253.png,183,25,7.32,MfrDB1253.png
332,78,4.256410256410256,MfrDB1254.png,228,28,8.142857142857142,MfrDB1254.png
321,122,2.6311475409836067,MfrDB1255.png,169,31,5.451612903225806,MfrDB1255.png
325,182,1.7857142857142858,MfrDB1256.png,136,64,2.125,MfrDB1256.png
222,128,1.734375,MfrDB1257.png,92,50,1.84,MfrDB1257.png
365,148,2.4662162162162162,MfrDB1263.png,206,64,3.21875,MfrDB1263.png
394,168,2.3452380952380953,MfrDB1265.png,233,67,3.4776119402985075,MfrDB1265.png
385,178,2.162921348314607,MfrDB1266.png,169,67,2.5223880597014925,MfrDB1266.png
390,182,2.142857142857143,MfrDB1268.png,178,69,2.579710144927536,MfrDB1268.png
369,140,2.6357142857142857,MfrDB1269.png,289,69,4.188405797101449,MfrDB1269.png
147,145,1.013793103448276,MfrDB1270.png,92,69,1.3333333333333333,MfrDB1270.png
308,183,1.6830601092896176,MfrDB1271.png,206,69,2.9855072463768115,MfrDB1271.png
296,104,2.8461538461538463,MfrDB1272.png,186,33,5.636363636363637,MfrDB1272.png
461,173,2.6647398843930636,MfrDB1273.png,286,69,4.144927536231884,MfrDB1273.png
220,144,1.5277777777777777,MfrDB1274.png,161,69,2.3333333333333335,MfrDB1274.png
222,135,1.6444444444444444,MfrDB1275.png,158,67,2.3582089552238807,MfrDB1275.png
449,149,3.0134228187919465,MfrDB1276.png,311,72,4.319444444444445,MfrDB1276.png
372,129,2.883720930232558,MfrDB1278.png,233,42,5.5476190476190474,MfrDB1278.png
251,171,1.4678362573099415,MfrDB1279.png,131,56,2.3392857142857144,MfrDB1279.png
387,120,3.225,MfrDB1280.png,172,33,5.212121212121212,MfrDB1280.png
591,133,4.443609022556391,MfrDB1283.png,267,33,8.090909090909092,MfrDB1283.png
273,109,2.5045871559633026,MfrDB1285.png,156,31,5.032258064516129,MfrDB1285.png
371,229,1.6200873362445414,MfrDB1287.png,94,50,1.88,MfrDB1287.png
273,83,3.289156626506024,MfrDB1288.png,158,28,5.642857142857143,MfrDB1288.png
317,130,2.4384615384615387,MfrDB1289.png,150,39,3.8461538461538463,MfrDB1289.png
278,137,2.0291970802919708,MfrDB1290.png,150,47,3.1914893617021276,MfrDB1290.png
428,136,3.1470588235294117,MfrDB1291.png,183,44,4.159090909090909,MfrDB1291.png
356,133,2.6766917293233083,MfrDB1292.png,200,42,4.761904761904762,MfrDB1292.png
518,168,3.0833333333333335,MfrDB1294.png,189,50,3.78,MfrDB1294.png
416,116,3.586206896551724,MfrDB1295.png,292,44,6.636363636363637,MfrDB1295.png
308,95,3.2421052631578946,MfrDB1296.png,200,36,5.555555555555555,MfrDB1296.png
580,90,6.444444444444445,MfrDB1297.png,417,28,14.892857142857142,MfrDB1297.png
289,100,2.89,MfrDB1298.png,194,31,6.258064516129032,MfrDB1298.png
518,106,4.886792452830188,MfrDB1299.png,242,28,8.642857142857142,MfrDB1299.png
621,153,4.0588235294117645,MfrDB1301.png,228,39,5.846153846153846,MfrDB1301.png
384,122,3.1475409836065573,MfrDB1302.png,217,39,5.564102564102564,MfrDB1302.png
475,101,4.702970297029703,MfrDB1303.png,247,33,7.484848484848484,MfrDB1303.png
651,124,5.25,MfrDB1304.png,411,36,11.416666666666666,MfrDB1304.png
309,132,2.340909090909091,MfrDB1305.png,167,39,4.282051282051282,MfrDB1305.png
518,111,4.666666666666667,MfrDB1306.png,322,33,9.757575757575758,MfrDB1306.png
271,175,1.5485714285714285,MfrDB1309.png,153,67,2.283582089552239,MfrDB1309.png
366,140,2.6142857142857143,MfrDB1310.png,286,83,3.4457831325301207,MfrDB1310.png
386,81,4.765432098765432,MfrDB1315.png,347,28,12.392857142857142,MfrDB1315.png
431,98,4.3979591836734695,MfrDB1316.png,269,33,8.151515151515152,MfrDB1316.png
448,85,5.270588235294118,MfrDB1317.png,292,28,10.428571428571429,MfrDB1317.png
203,149,1.3624161073825503,MfrDB1318.png,94,47,2.0,MfrDB1318.png
328,81,4.049382716049383,MfrDB1319.png,125,22,5.681818181818182,MfrDB1319.png
281,118,2.3813559322033897,MfrDB1320.png,94,36,2.611111111111111,MfrDB1320.png
351,88,3.9886363636363638,MfrDB1321.png,178,25,7.12,MfrDB1321.png
332,134,2.4776119402985075,MfrDB1322.png,172,44,3.909090909090909,MfrDB1322.png
221,80,2.7625,MfrDB1323.png,117,33,3.5454545454545454,MfrDB1323.png
368,80,4.6,MfrDB1324.png,219,31,7.064516129032258,MfrDB1324.png
218,103,2.116504854368932,MfrDB1325.png,144,39,3.6923076923076925,MfrDB1325.png
316,111,2.8468468468468466,MfrDB1326.png,189,33,5.7272727272727275,MfrDB1326.png
289,91,3.1758241758241756,MfrDB1327.png,189,33,5.7272727272727275,MfrDB1327.png
320,94,3.404255319148936,MfrDB1328.png,236,33,7.151515151515151,MfrDB1328.png
244,74,3.2972972972972974,MfrDB1342.png,111,22,5.045454545454546,MfrDB1342.png
313,89,3.5168539325842696,MfrDB1343.png,144,25,5.76,MfrDB1343.png
163,75,2.1733333333333333,MfrDB1350.png,81,25,3.24,MfrDB1350.png
147,74,1.9864864864864864,MfrDB1367.png,61,22,2.772727272727273,MfrDB1367.png
109,63,1.7301587301587302,MfrDB1374.png,61,22,2.772727272727273,MfrDB1374.png
109,64,1.703125,MfrDB1380.png,61,22,2.772727272727273,MfrDB1380.png
193,69,2.7971014492753623,MfrDB1387.png,97,25,3.88,MfrDB1387.png
189,79,2.392405063291139,MfrDB1394.png,106,25,4.24,MfrDB1394.png
218,92,2.369565217391304,MfrDB1405.png,97,33,2.9393939393939394,MfrDB1405.png
205,69,2.971014492753623,MfrDB1409.png,114,22,5.181818181818182,MfrDB1409.png
330,112,2.9464285714285716,MfrDB1410.png,214,31,6.903225806451613,MfrDB1410.png
275,86,3.197674418604651,MfrDB1413.png,175,22,7.954545454545454,MfrDB1413.png
239,80,2.9875,MfrDB1419.png,111,22,5.045454545454546,MfrDB1419.png
181,69,2.6231884057971016,MfrDB1425.png,111,22,5.045454545454546,MfrDB1425.png
367,184,1.9945652173913044,MfrDB1432.png,119,39,3.051282051282051,MfrDB1432.png
97,84,1.1547619047619047,MfrDB1434.png,50,28,1.7857142857142858,MfrDB1434.png
129,72,1.7916666666666667,MfrDB1435.png,61,22,2.772727272727273,MfrDB1435.png
103,81,1.271604938271605,MfrDB1436.png,50,28,1.7857142857142858,MfrDB1436.png
280,98,2.857142857142857,MfrDB1437.png,86,22,3.909090909090909,MfrDB1437.png
175,171,1.023391812865497,MfrDB1438.png,42,42,1.0,MfrDB1438.png
532,89,5.977528089887641,MfrDB1439.png,208,22,9.454545454545455,MfrDB1439.png
206,72,2.861111111111111,MfrDB1440.png,139,19,7.315789473684211,MfrDB1440.png
204,87,2.3448275862068964,MfrDB1441.png,125,25,5.0,MfrDB1441.png
176,93,1.89247311827957,MfrDB1442.png,89,25,3.56,MfrDB1442.png
358,228,1.5701754385964912,MfrDB1443.png,106,42,2.5238095238095237,MfrDB1443.png
174,84,2.0714285714285716,MfrDB1444.png,111,31,3.5806451612903225,MfrDB1444.png
177,84,2.107142857142857,MfrDB1445.png,114,31,3.6774193548387095,MfrDB1445.png
344,162,2.123456790123457,MfrDB1447.png,136,39,3.4871794871794872,MfrDB1447.png
276,133,2.075187969924812,MfrDB1448.png,133,39,3.41025641025641,MfrDB1448.png
227,84,2.7023809523809526,MfrDB1449.png,206,31,6.645161290322581,MfrDB1449.png
236,163,1.4478527607361964,MfrDB1450.png,67,39,1.7179487179487178,MfrDB1450.png
299,95,3.1473684210526316,MfrDB1451.png,144,19,7.578947368421052,MfrDB1451.png
348,84,4.142857142857143,MfrDB1454.png,350,28,12.5,MfrDB1454.png
408,133,3.0676691729323307,MfrDB1455.png,169,28,6.035714285714286,MfrDB1455.png
246,69,3.5652173913043477,MfrDB1456.png,150,22,6.818181818181818,MfrDB1456.png
272,89,3.056179775280899,MfrDB1457.png,208,25,8.32,MfrDB1457.png
279,106,2.6320754716981134,MfrDB1458.png,169,31,5.451612903225806,MfrDB1458.png
324,77,4.207792207792208,MfrDB1459.png,294,28,10.5,MfrDB1459.png
301,96,3.1354166666666665,MfrDB1460.png,183,25,7.32,MfrDB1460.png
349,82,4.2560975609756095,MfrDB1461.png,228,28,8.142857142857142,MfrDB1461.png
301,105,2.8666666666666667,MfrDB1462.png,169,31,5.451612903225806,MfrDB1462.png
246,161,1.5279503105590062,MfrDB1463.png,142,64,2.21875,MfrDB1463.png
222,130,1.7076923076923076,MfrDB1464.png,92,50,1.84,MfrDB1464.png
455,153,2.973856209150327,MfrDB1470.png,206,64,3.21875,MfrDB1470.png
402,154,2.6103896103896105,MfrDB1472.png,233,67,3.4776119402985075,MfrDB1472.png
474,196,2.4183673469387754,MfrDB1473.png,169,67,2.5223880597014925,MfrDB1473.png
477,191,2.4973821989528795,MfrDB1475.png,178,69,2.579710144927536,MfrDB1475.png
324,153,2.1176470588235294,MfrDB1476.png,289,69,4.188405797101449,MfrDB1476.png
199,166,1.1987951807228916,MfrDB1477.png,92,69,1.3333333333333333,MfrDB1477.png
372,180,2.066666666666667,MfrDB1478.png,206,69,2.9855072463768115,MfrDB1478.png
297,94,3.1595744680851063,MfrDB1479.png,186,33,5.636363636363637,MfrDB1479.png
401,172,2.3313953488372094,MfrDB1480.png,256,69,3.710144927536232,MfrDB1480.png
251,154,1.62987012987013,MfrDB1481.png,161,69,2.3333333333333335,MfrDB1481.png
216,138,1.565217391304348,MfrDB1482.png,158,67,2.3582089552238807,MfrDB1482.png
433,170,2.5470588235294116,MfrDB1483.png,311,72,4.319444444444445,MfrDB1483.png
580,141,4.113475177304965,MfrDB1485.png,233,42,5.5476190476190474,MfrDB1485.png
252,159,1.5849056603773586,MfrDB1486.png,131,56,2.3392857142857144,MfrDB1486.png
368,90,4.088888888888889,MfrDB1487.png,172,33,5.212121212121212,MfrDB1487.png
722,138,5.231884057971015,MfrDB1490.png,267,33,8.090909090909092,MfrDB1490.png
267,93,2.870967741935484,MfrDB1492.png,156,31,5.032258064516129,MfrDB1492.png
376,234,1.606837606837607,MfrDB1494.png,94,50,1.88,MfrDB1494.png
233,98,2.377551020408163,MfrDB1495.png,158,28,5.642857142857143,MfrDB1495.png
272,139,1.9568345323741008,MfrDB1496.png,150,39,3.8461538461538463,MfrDB1496.png
357,169,2.1124260355029585,MfrDB1497.png,150,47,3.1914893617021276,MfrDB1497.png
583,168,3.4702380952380953,MfrDB1498.png,183,44,4.159090909090909,MfrDB1498.png
445,148,3.0067567567567566,MfrDB1499.png,200,42,4.761904761904762,MfrDB1499.png
623,183,3.4043715846994536,MfrDB1501.png,189,50,3.78,MfrDB1501.png
526,127,4.141732283464567,MfrDB1502.png,292,44,6.636363636363637,MfrDB1502.png
344,110,3.1272727272727274,MfrDB1503.png,200,36,5.555555555555555,MfrDB1503.png
663,102,6.5,MfrDB1504.png,419,28,14.964285714285714,MfrDB1504.png
342,97,3.5257731958762886,MfrDB1505.png,194,31,6.258064516129032,MfrDB1505.png
626,105,5.961904761904762,MfrDB1506.png,242,28,8.642857142857142,MfrDB1506.png
760,185,4.108108108108108,MfrDB1508.png,228,39,5.846153846153846,MfrDB1508.png
369,118,3.1271186440677967,MfrDB1509.png,217,39,5.564102564102564,MfrDB1509.png
418,100,4.18,MfrDB1510.png,247,33,7.484848484848484,MfrDB1510.png
919,132,6.962121212121212,MfrDB1511.png,411,36,11.416666666666666,MfrDB1511.png
502,183,2.7431693989071038,MfrDB1512.png,167,39,4.282051282051282,MfrDB1512.png
542,99,5.474747474747475,MfrDB1513.png,322,33,9.757575757575758,MfrDB1513.png
264,189,1.3968253968253967,MfrDB1516.png,153,67,2.283582089552239,MfrDB1516.png
503,166,3.0301204819277108,MfrDB1517.png,286,83,3.4457831325301207,MfrDB1517.png
370,178,2.0786516853932584,MfrDB1520.png,175,67,2.611940298507463,MfrDB1520.png
594,126,4.714285714285714,MfrDB1523.png,269,33,8.151515151515152,MfrDB1523.png
433,79,5.481012658227848,MfrDB1524.png,292,28,10.428571428571429,MfrDB1524.png
211,143,1.4755244755244756,MfrDB1525.png,94,47,2.0,MfrDB1525.png
290,76,3.8157894736842106,MfrDB1526.png,125,22,5.681818181818182,MfrDB1526.png
321,134,2.3955223880597014,MfrDB1527.png,94,36,2.611111111111111,MfrDB1527.png
244,124,1.967741935483871,MfrDB1528.png,94,36,2.611111111111111,MfrDB1528.png
419,102,4.107843137254902,MfrDB1529.png,178,25,7.12,MfrDB1529.png
429,154,2.7857142857142856,MfrDB1530.png,172,44,3.909090909090909,MfrDB1530.png
218,86,2.5348837209302326,MfrDB1531.png,117,33,3.5454545454545454,MfrDB1531.png
396,92,4.304347826086956,MfrDB1532.png,219,31,7.064516129032258,MfrDB1532.png
294,149,1.9731543624161074,MfrDB1533.png,144,39,3.6923076923076925,MfrDB1533.png
352,113,3.1150442477876106,MfrDB1534.png,189,33,5.7272727272727275,MfrDB1534.png
329,96,3.4270833333333335,MfrDB1535.png,189,33,5.7272727272727275,MfrDB1535.png
456,108,4.222222222222222,MfrDB1536.png,236,33,7.151515151515151,MfrDB1536.png
91,66,1.378787878787879,MfrDB1537.png,50,28,1.7857142857142858,MfrDB1537.png
204,74,2.7567567567567566,MfrDB1538.png,86,22,3.909090909090909,MfrDB1538.png
145,131,1.1068702290076335,MfrDB1539.png,42,42,1.0,MfrDB1539.png
234,62,3.774193548387097,MfrDB1540.png,208,22,9.454545454545455,MfrDB1540.png
169,71,2.380281690140845,MfrDB1541.png,139,19,7.315789473684211,MfrDB1541.png
133,70,1.9,MfrDB1542.png,125,25,5.0,MfrDB1542.png
149,91,1.6373626373626373,MfrDB1543.png,89,25,3.56,MfrDB1543.png
299,169,1.7692307692307692,MfrDB1544.png,106,42,2.5238095238095237,MfrDB1544.png
115,75,1.5333333333333334,MfrDB1545.png,111,31,3.5806451612903225,MfrDB1545.png
108,75,1.44,MfrDB1546.png,114,31,3.6774193548387095,MfrDB1546.png
338,150,2.2533333333333334,MfrDB1547.png,136,36,3.7777777777777777,MfrDB1547.png
429,132,3.25,MfrDB1548.png,136,39,3.4871794871794872,MfrDB1548.png
205,116,1.7672413793103448,MfrDB1549.png,133,39,3.41025641025641,MfrDB1549.png
179,76,2.3552631578947367,MfrDB1550.png,206,31,6.645161290322581,MfrDB1550.png
162,124,1.3064516129032258,MfrDB1551.png,67,39,1.7179487179487178,MfrDB1551.png
164,67,2.4477611940298507,MfrDB1552.png,144,19,7.578947368421052,MfrDB1552.png
122,105,1.161904761904762,MfrDB1553.png,56,36,1.5555555555555556,MfrDB1553.png
248,78,3.1794871794871793,MfrDB1555.png,350,28,12.5,MfrDB1555.png
285,112,2.544642857142857,MfrDB1556.png,169,28,6.035714285714286,MfrDB1556.png
172,68,2.5294117647058822,MfrDB1557.png,150,22,6.818181818181818,MfrDB1557.png
235,85,2.764705882352941,MfrDB1558.png,208,25,8.32,MfrDB1558.png
213,99,2.1515151515151514,MfrDB1559.png,169,31,5.451612903225806,MfrDB1559.png
263,80,3.2875,MfrDB1560.png,294,28,10.5,MfrDB1560.png
274,98,2.795918367346939,MfrDB1561.png,183,25,7.32,MfrDB1561.png
390,91,4.285714285714286,MfrDB1562.png,228,28,8.142857142857142,MfrDB1562.png
337,115,2.9304347826086956,MfrDB1563.png,169,31,5.451612903225806,MfrDB1563.png
209,133,1.5714285714285714,MfrDB1564.png,142,64,2.21875,MfrDB1564.png
190,123,1.5447154471544715,MfrDB1565.png,92,50,1.84,MfrDB1565.png
356,140,2.5428571428571427,MfrDB1571.png,206,64,3.21875,MfrDB1571.png
361,156,2.3141025641025643,MfrDB1573.png,233,67,3.4776119402985075,MfrDB1573.png
413,202,2.0445544554455446,MfrDB1574.png,139,67,2.074626865671642,MfrDB1574.png
482,193,2.4974093264248705,MfrDB1576.png,178,69,2.579710144927536,MfrDB1576.png
301,116,2.5948275862068964,MfrDB1577.png,289,69,4.188405797101449,MfrDB1577.png
181,129,1.4031007751937985,MfrDB1578.png,92,69,1.3333333333333333,MfrDB1578.png
336,180,1.8666666666666667,MfrDB1579.png,206,69,2.9855072463768115,MfrDB1579.png
383,142,2.6971830985915495,MfrDB1581.png,256,69,3.710144927536232,MfrDB1581.png
210,132,1.5909090909090908,MfrDB1582.png,161,69,2.3333333333333335,MfrDB1582.png
208,128,1.625,MfrDB1583.png,158,67,2.3582089552238807,MfrDB1583.png
376,151,2.4900662251655628,MfrDB1584.png,311,72,4.319444444444445,MfrDB1584.png
425,166,2.5602409638554215,MfrDB1586.png,233,42,5.5476190476190474,MfrDB1586.png
241,137,1.7591240875912408,MfrDB1587.png,131,56,2.3392857142857144,MfrDB1587.png
326,103,3.1650485436893203,MfrDB1588.png,172,33,5.212121212121212,MfrDB1588.png
503,129,3.89922480620155,MfrDB1591.png,267,33,8.090909090909092,MfrDB1591.png
261,99,2.6363636363636362,MfrDB1593.png,156,31,5.032258064516129,MfrDB1593.png
356,226,1.575221238938053,MfrDB1595.png,94,50,1.88,MfrDB1595.png
255,97,2.6288659793814433,MfrDB1596.png,158,28,5.642857142857143,MfrDB1596.png
297,117,2.5384615384615383,MfrDB1597.png,150,39,3.8461538461538463,MfrDB1597.png
314,142,2.211267605633803,MfrDB1598.png,150,47,3.1914893617021276,MfrDB1598.png
414,141,2.9361702127659575,MfrDB1599.png,183,44,4.159090909090909,MfrDB1599.png
346,135,2.562962962962963,MfrDB1600.png,200,42,4.761904761904762,MfrDB1600.png
465,178,2.6123595505617976,MfrDB1602.png,189,50,3.78,MfrDB1602.png
336,110,3.0545454545454547,MfrDB1603.png,292,44,6.636363636363637,MfrDB1603.png
235,107,2.196261682242991,MfrDB1604.png,200,36,5.555555555555555,MfrDB1604.png
394,87,4.528735632183908,MfrDB1605.png,417,28,14.892857142857142,MfrDB1605.png
221,100,2.21,MfrDB1608.png,194,31,6.258064516129032,MfrDB1608.png
195,95,2.0526315789473686,MfrDB1611.png,128,31,4.129032258064516,MfrDB1611.png
269,77,3.4935064935064934,MfrDB1613.png,119,25,4.76,MfrDB1613.png
235,120,1.9583333333333333,MfrDB1615.png,122,28,4.357142857142857,MfrDB1615.png
238,75,3.1733333333333333,MfrDB1616.png,83,19,4.368421052631579,MfrDB1616.png
208,91,2.2857142857142856,MfrDB1617.png,97,28,3.4642857142857144,MfrDB1617.png
278,102,2.7254901960784315,MfrDB1618.png,161,31,5.193548387096774,MfrDB1618.png
241,115,2.0956521739130434,MfrDB1620.png,186,33,5.636363636363637,MfrDB1620.png
277,111,2.4954954954954953,MfrDB1621.png,206,33,6.242424242424242,MfrDB1621.png
200,112,1.7857142857142858,MfrDB1623.png,139,33,4.212121212121212,MfrDB1623.png
181,124,1.4596774193548387,MfrDB1624.png,150,33,4.545454545454546,MfrDB1624.png
469,106,4.4245283018867925,MfrDB1625.png,267,31,8.612903225806452,MfrDB1625.png
326,118,2.76271186440678,MfrDB1626.png,194,42,4.619047619047619,MfrDB1626.png
196,80,2.45,MfrDB1627.png,139,31,4.483870967741935,MfrDB1627.png
139,97,1.4329896907216495,MfrDB1628.png,72,50,1.44,MfrDB1628.png
161,105,1.5333333333333334,MfrDB1629.png,75,50,1.5,MfrDB1629.png
330,106,3.1132075471698113,MfrDB1630.png,247,31,7.967741935483871,MfrDB1630.png
279,129,2.1627906976744184,MfrDB1631.png,131,44,2.977272727272727,MfrDB1631.png
237,104,2.2788461538461537,MfrDB1632.png,150,31,4.838709677419355,MfrDB1632.png
131,118,1.1101694915254237,MfrDB1633.png,58,44,1.3181818181818181,MfrDB1633.png
235,98,2.3979591836734695,MfrDB1634.png,225,28,8.035714285714286,MfrDB1634.png
99,63,1.5714285714285714,MfrDB1641.png,61,22,2.772727272727273,MfrDB1641.png
240,80,3.0,MfrDB1642.png,122,25,4.88,MfrDB1642.png
222,107,2.074766355140187,MfrDB1651.png,117,33,3.5454545454545454,MfrDB1651.png
133,94,1.4148936170212767,MfrDB1657.png,78,25,3.12,MfrDB1657.png
268,78,3.4358974358974357,MfrDB1665.png,142,22,6.454545454545454,MfrDB1665.png
80,70,1.1428571428571428,MfrDB1666.png,50,28,1.7857142857142858,MfrDB1666.png
218,79,2.759493670886076,MfrDB1667.png,86,22,3.909090909090909,MfrDB1667.png
122,121,1.0082644628099173,MfrDB1668.png,42,42,1.0,MfrDB1668.png
323,64,5.046875,MfrDB1669.png,208,22,9.454545454545455,MfrDB1669.png
182,70,2.6,MfrDB1670.png,139,19,7.315789473684211,MfrDB1670.png
153,64,2.390625,MfrDB1671.png,125,25,5.0,MfrDB1671.png
168,94,1.7872340425531914,MfrDB1672.png,89,25,3.56,MfrDB1672.png
332,175,1.8971428571428572,MfrDB1673.png,106,42,2.5238095238095237,MfrDB1673.png
143,70,2.0428571428571427,MfrDB1674.png,89,25,3.56,MfrDB1674.png
139,75,1.8533333333333333,MfrDB1675.png,111,31,3.5806451612903225,MfrDB1675.png
139,73,1.904109589041096,MfrDB1676.png,114,31,3.6774193548387095,MfrDB1676.png
347,140,2.4785714285714286,MfrDB1677.png,136,36,3.7777777777777777,MfrDB1677.png
299,130,2.3,MfrDB1678.png,136,39,3.4871794871794872,MfrDB1678.png
194,109,1.7798165137614679,MfrDB1679.png,133,39,3.41025641025641,MfrDB1679.png
264,76,3.473684210526316,MfrDB1680.png,206,31,6.645161290322581,MfrDB1680.png
190,137,1.3868613138686132,MfrDB1681.png,67,39,1.7179487179487178,MfrDB1681.png
254,69,3.681159420289855,MfrDB1682.png,144,19,7.578947368421052,MfrDB1682.png
165,106,1.5566037735849056,MfrDB1683.png,56,36,1.5555555555555556,MfrDB1683.png
387,81,4.777777777777778,MfrDB1685.png,350,28,12.5,MfrDB1685.png
355,125,2.84,MfrDB1686.png,169,28,6.035714285714286,MfrDB1686.png
223,72,3.0972222222222223,MfrDB1687.png,150,22,6.818181818181818,MfrDB1687.png
385,90,4.277777777777778,MfrDB1688.png,208,25,8.32,MfrDB1688.png
264,89,2.966292134831461,MfrDB1689.png,169,31,5.451612903225806,MfrDB1689.png
341,82,4.158536585365853,MfrDB1690.png,294,28,10.5,MfrDB1690.png
290,91,3.1868131868131866,MfrDB1693.png,183,25,7.32,MfrDB1693.png
405,80,5.0625,MfrDB1694.png,228,28,8.142857142857142,MfrDB1694.png
339,114,2.973684210526316,MfrDB1695.png,169,31,5.451612903225806,MfrDB1695.png
294,167,1.7604790419161678,MfrDB1696.png,136,64,2.125,MfrDB1696.png
174,122,1.4262295081967213,MfrDB1697.png,92,50,1.84,MfrDB1697.png
365,142,2.5704225352112675,MfrDB1703.png,206,64,3.21875,MfrDB1703.png
408,148,2.7567567567567566,MfrDB1705.png,233,67,3.4776119402985075,MfrDB1705.png
404,179,2.2569832402234637,MfrDB1706.png,169,67,2.5223880597014925,MfrDB1706.png
375,168,2.232142857142857,MfrDB1708.png,178,69,2.579710144927536,MfrDB1708.png
374,127,2.9448818897637796,MfrDB1709.png,289,69,4.188405797101449,MfrDB1709.png
173,133,1.300751879699248,MfrDB1710.png,92,69,1.3333333333333333,MfrDB1710.png
281,159,1.7672955974842768,MfrDB1711.png,206,69,2.9855072463768115,MfrDB1711.png
278,98,2.836734693877551,MfrDB1712.png,186,33,5.636363636363637,MfrDB1712.png
452,155,2.9161290322580644,MfrDB1713.png,256,69,3.710144927536232,MfrDB1713.png
279,120,2.325,MfrDB1714.png,161,69,2.3333333333333335,MfrDB1714.png
230,131,1.7557251908396947,MfrDB1715.png,158,67,2.3582089552238807,MfrDB1715.png
405,155,2.6129032258064515,MfrDB1716.png,311,72,4.319444444444445,MfrDB1716.png
183,87,2.103448275862069,MfrDB1718.png,78,22,3.5454545454545454,MfrDB1718.png
413,131,3.1526717557251906,MfrDB1719.png,233,42,5.5476190476190474,MfrDB1719.png
212,151,1.403973509933775,MfrDB1720.png,131,56,2.3392857142857144,MfrDB1720.png
335,95,3.526315789473684,MfrDB1721.png,172,33,5.212121212121212,MfrDB1721.png
558,114,4.894736842105263,MfrDB1724.png,267,33,8.090909090909092,MfrDB1724.png
248,94,2.6382978723404253,MfrDB1726.png,156,31,5.032258064516129,MfrDB1726.png
350,209,1.674641148325359,MfrDB1728.png,94,50,1.88,MfrDB1728.png
284,93,3.053763440860215,MfrDB1729.png,158,28,5.642857142857143,MfrDB1729.png
303,130,2.330769230769231,MfrDB1730.png,150,39,3.8461538461538463,MfrDB1730.png
303,130,2.330769230769231,MfrDB1731.png,150,47,3.1914893617021276,MfrDB1731.png
425,135,3.1481481481481484,MfrDB1732.png,183,44,4.159090909090909,MfrDB1732.png
331,127,2.606299212598425,MfrDB1733.png,200,42,4.761904761904762,MfrDB1733.png
426,140,3.0428571428571427,MfrDB1735.png,189,50,3.78,MfrDB1735.png
391,95,4.11578947368421,MfrDB1736.png,292,44,6.636363636363637,MfrDB1736.png
304,105,2.895238095238095,MfrDB1737.png,200,36,5.555555555555555,MfrDB1737.png
388,89,4.359550561797753,MfrDB1738.png,358,28,12.785714285714286,MfrDB1738.png
288,92,3.130434782608696,MfrDB1739.png,194,31,6.258064516129032,MfrDB1739.png
465,92,5.054347826086956,MfrDB1740.png,417,28,14.892857142857142,MfrDB1740.png
420,92,4.565217391304348,MfrDB1741.png,242,28,8.642857142857142,MfrDB1741.png
459,91,5.043956043956044,MfrDB1742.png,242,28,8.642857142857142,MfrDB1742.png
468,135,3.466666666666667,MfrDB1744.png,228,39,5.846153846153846,MfrDB1744.png
451,138,3.2681159420289854,MfrDB1745.png,228,39,5.846153846153846,MfrDB1745.png
328,117,2.8034188034188032,MfrDB1746.png,217,39,5.564102564102564,MfrDB1746.png
317,88,3.602272727272727,MfrDB1747.png,247,33,7.484848484848484,MfrDB1747.png
299,75,3.986666666666667,MfrDB1748.png,247,33,7.484848484848484,MfrDB1748.png
95,71,1.3380281690140845,MfrDB1749.png,50,28,1.7857142857142858,MfrDB1749.png
174,79,2.2025316455696204,MfrDB1750.png,86,22,3.909090909090909,MfrDB1750.png
145,140,1.0357142857142858,MfrDB1751.png,42,42,1.0,MfrDB1751.png
84,79,1.0632911392405062,MfrDB1754.png,50,28,1.7857142857142858,MfrDB1754.png
395,83,4.759036144578313,MfrDB1755.png,350,28,12.5,MfrDB1755.png
74,82,0.9024390243902439,MfrDB1758.png,50,28,1.7857142857142858,MfrDB1758.png
297,76,3.9078947368421053,MfrDB1768.png,86,22,3.909090909090909,MfrDB1768.png
136,147,0.9251700680272109,MfrDB1775.png,42,42,1.0,MfrDB1775.png
446,79,5.6455696202531644,MfrDB1776.png,208,22,9.454545454545455,MfrDB1776.png
214,67,3.1940298507462686,MfrDB1777.png,139,19,7.315789473684211,MfrDB1777.png
127,70,1.8142857142857143,MfrDB1778.png,125,25,5.0,MfrDB1778.png
146,90,1.6222222222222222,MfrDB1779.png,108,22,4.909090909090909,MfrDB1779.png
159,91,1.7472527472527473,MfrDB1780.png,50,28,1.7857142857142858,MfrDB1780.png
181,160,1.13125,MfrDB1782.png,42,42,1.0,MfrDB1782.png
367,85,4.317647058823529,MfrDB1783.png,208,22,9.454545454545455,MfrDB1783.png
246,96,2.5625,MfrDB1784.png,139,19,7.315789473684211,MfrDB1784.png
209,85,2.458823529411765,MfrDB1785.png,125,25,5.0,MfrDB1785.png
172,91,1.89010989010989,MfrDB1786.png,89,25,3.56,MfrDB1786.png
398,173,2.300578034682081,MfrDB1787.png,106,36,2.9444444444444446,MfrDB1787.png
154,75,2.0533333333333332,MfrDB1788.png,111,31,3.5806451612903225,MfrDB1788.png
116,79,1.4683544303797469,MfrDB1789.png,114,31,3.6774193548387095,MfrDB1789.png
369,161,2.2919254658385095,MfrDB1790.png,136,36,3.7777777777777777,MfrDB1790.png
375,155,2.4193548387096775,MfrDB1791.png,136,39,3.4871794871794872,MfrDB1791.png
196,112,1.75,MfrDB1792.png,133,39,3.41025641025641,MfrDB1792.png
308,172,1.7906976744186047,MfrDB1794.png,67,39,1.7179487179487178,MfrDB1794.png
400,83,4.819277108433735,MfrDB1795.png,144,19,7.578947368421052,MfrDB1795.png
208,138,1.5072463768115942,MfrDB1796.png,64,39,1.641025641025641,MfrDB1796.png
411,140,2.9357142857142855,MfrDB1797.png,244,31,7.870967741935484,MfrDB1797.png
227,134,1.6940298507462686,MfrDB1798.png,131,56,2.3392857142857144,MfrDB1798.png
111,74,1.5,MfrDB1799.png,50,28,1.7857142857142858,MfrDB1799.png
274,88,3.1136363636363638,MfrDB1800.png,86,22,3.909090909090909,MfrDB1800.png
164,147,1.1156462585034013,MfrDB1801.png,42,42,1.0,MfrDB1801.png
240,66,3.6363636363636362,MfrDB1802.png,208,22,9.454545454545455,MfrDB1802.png
151,69,2.1884057971014492,MfrDB1803.png,139,19,7.315789473684211,MfrDB1803.png
123,64,1.921875,MfrDB1804.png,125,25,5.0,MfrDB1804.png
159,103,1.5436893203883495,MfrDB1805.png,89,25,3.56,MfrDB1805.png
291,167,1.7425149700598803,MfrDB1806.png,106,42,2.5238095238095237,MfrDB1806.png
130,75,1.7333333333333334,MfrDB1807.png,111,31,3.5806451612903225,MfrDB1807.png
112,70,1.6,MfrDB1808.png,114,31,3.6774193548387095,MfrDB1808.png
274,138,1.9855072463768115,MfrDB1809.png,136,36,3.7777777777777777,MfrDB1809.png
383,177,2.1638418079096047,MfrDB1811.png,106,42,2.5238095238095237,MfrDB1811.png
88,82,1.0731707317073171,MfrDB1812.png,50,28,1.7857142857142858,MfrDB1812.png
239,87,2.7471264367816093,MfrDB1813.png,86,22,3.909090909090909,MfrDB1813.png
435,108,4.027777777777778,MfrDB1814.png,172,33,5.212121212121212,MfrDB1814.png
167,169,0.9881656804733728,MfrDB1815.png,42,42,1.0,MfrDB1815.png
412,71,5.802816901408451,MfrDB1818.png,208,22,9.454545454545455,MfrDB1818.png
663,146,4.541095890410959,MfrDB1819.png,267,33,8.090909090909092,MfrDB1819.png
155,85,1.8235294117647058,MfrDB1820.png,139,19,7.315789473684211,MfrDB1820.png
164,71,2.3098591549295775,MfrDB1821.png,125,25,5.0,MfrDB1821.png
157,98,1.6020408163265305,MfrDB1822.png,89,25,3.56,MfrDB1822.png
368,173,2.1271676300578033,MfrDB1823.png,106,42,2.5238095238095237,MfrDB1823.png
186,81,2.2962962962962963,MfrDB1824.png,111,31,3.5806451612903225,MfrDB1824.png
138,70,1.9714285714285715,MfrDB1825.png,114,31,3.6774193548387095,MfrDB1825.png
298,137,2.1751824817518246,MfrDB1827.png,136,36,3.7777777777777777,MfrDB1827.png
360,148,2.4324324324324325,MfrDB1829.png,136,39,3.4871794871794872,MfrDB1829.png
229,117,1.9572649572649572,MfrDB1830.png,133,39,3.41025641025641,MfrDB1830.png
214,77,2.779220779220779,MfrDB1831.png,206,31,6.645161290322581,MfrDB1831.png
187,153,1.2222222222222223,MfrDB1832.png,67,39,1.7179487179487178,MfrDB1832.png
229,78,2.9358974358974357,MfrDB1833.png,144,19,7.578947368421052,MfrDB1833.png
150,127,1.1811023622047243,MfrDB1834.png,56,36,1.5555555555555556,MfrDB1834.png
315,89,3.539325842696629,MfrDB1836.png,350,28,12.5,MfrDB1836.png
367,115,3.1913043478260867,MfrDB1837.png,169,28,6.035714285714286,MfrDB1837.png
247,71,3.4788732394366195,MfrDB1838.png,150,22,6.818181818181818,MfrDB1838.png
358,131,2.732824427480916,MfrDB1839.png,256,50,5.12,MfrDB1839.png
309,101,3.0594059405940595,MfrDB1841.png,208,25,8.32,MfrDB1841.png
300,97,3.0927835051546393,MfrDB1842.png,169,31,5.451612903225806,MfrDB1842.png
375,103,3.6407766990291264,MfrDB1843.png,294,28,10.5,MfrDB1843.png
297,114,2.6052631578947367,MfrDB1844.png,183,25,7.32,MfrDB1844.png
354,87,4.068965517241379,MfrDB1845.png,228,28,8.142857142857142,MfrDB1845.png
361,113,3.1946902654867255,MfrDB1846.png,169,31,5.451612903225806,MfrDB1846.png
241,155,1.5548387096774194,MfrDB1847.png,136,64,2.125,MfrDB1847.png
187,117,1.5982905982905984,MfrDB1848.png,92,50,1.84,MfrDB1848.png
347,141,2.4609929078014185,MfrDB1854.png,206,64,3.21875,MfrDB1854.png
418,135,3.096296296296296,MfrDB1862.png,206,69,2.9855072463768115,MfrDB1862.png
345,80,4.3125,MfrDB1863.png,186,33,5.636363636363637,MfrDB1863.png
486,147,3.306122448979592,MfrDB1864.png,256,69,3.710144927536232,MfrDB1864.png
285,126,2.261904761904762,MfrDB1865.png,161,69,2.3333333333333335,MfrDB1865.png
246,104,2.3653846153846154,MfrDB1866.png,158,67,2.3582089552238807,MfrDB1866.png
521,152,3.4276315789473686,MfrDB1867.png,311,72,4.319444444444445,MfrDB1867.png
480,141,3.404255319148936,MfrDB1869.png,233,42,5.5476190476190474,MfrDB1869.png
290,143,2.027972027972028,MfrDB1870.png,131,56,2.3392857142857144,MfrDB1870.png
416,101,4.118811881188119,MfrDB1871.png,172,33,5.212121212121212,MfrDB1871.png
340,121,2.809917355371901,MfrDB1875.png,167,36,4.638888888888889,MfrDB1875.png
234,105,2.2285714285714286,MfrDB1876.png,156,31,5.032258064516129,MfrDB1876.png
441,130,3.3923076923076922,MfrDB1877.png,256,50,5.12,MfrDB1877.png
372,248,1.5,MfrDB1878.png,94,50,1.88,MfrDB1878.png
312,129,2.4186046511627906,MfrDB1880.png,150,39,3.8461538461538463,MfrDB1880.png
375,146,2.5684931506849313,MfrDB1881.png,150,47,3.1914893617021276,MfrDB1881.png
468,142,3.295774647887324,MfrDB1882.png,183,44,4.159090909090909,MfrDB1882.png
432,137,3.153284671532847,MfrDB1883.png,200,42,4.761904761904762,MfrDB1883.png
547,172,3.1802325581395348,MfrDB1885.png,189,50,3.78,MfrDB1885.png
526,120,4.383333333333334,MfrDB1886.png,292,44,6.636363636363637,MfrDB1886.png
287,103,2.7864077669902914,MfrDB1887.png,200,36,5.555555555555555,MfrDB1887.png
529,102,5.186274509803922,MfrDB1888.png,417,28,14.892857142857142,MfrDB1888.png
258,138,1.8695652173913044,MfrDB1889.png,136,39,3.4871794871794872,MfrDB1889.png
327,111,2.945945945945946,MfrDB1890.png,194,31,6.258064516129032,MfrDB1890.png
192,119,1.6134453781512605,MfrDB1891.png,133,39,3.41025641025641,MfrDB1891.png
451,101,4.465346534653466,MfrDB1892.png,242,28,8.642857142857142,MfrDB1892.png
160,82,1.951219512195122,MfrDB1893.png,206,31,6.645161290322581,MfrDB1893.png
153,135,1.1333333333333333,MfrDB1894.png,67,39,1.7179487179487178,MfrDB1894.png
163,68,2.3970588235294117,MfrDB1895.png,144,19,7.578947368421052,MfrDB1895.png
120,113,1.0619469026548674,MfrDB1896.png,56,36,1.5555555555555556,MfrDB1896.png
247,84,2.9404761904761907,MfrDB1899.png,350,28,12.5,MfrDB1899.png
474,121,3.9173553719008263,MfrDB1900.png,228,39,5.846153846153846,MfrDB1900.png
336,126,2.6666666666666665,MfrDB1901.png,169,28,6.035714285714286,MfrDB1901.png
202,70,2.8857142857142857,MfrDB1902.png,150,22,6.818181818181818,MfrDB1902.png
322,113,2.849557522123894,MfrDB1903.png,217,39,5.564102564102564,MfrDB1903.png
197,76,2.5921052631578947,MfrDB1904.png,192,25,7.68,MfrDB1904.png
228,98,2.326530612244898,MfrDB1905.png,169,31,5.451612903225806,MfrDB1905.png
340,88,3.8636363636363638,MfrDB1906.png,247,33,7.484848484848484,MfrDB1906.png
263,85,3.0941176470588236,MfrDB1907.png,294,28,10.5,MfrDB1907.png
222,101,2.198019801980198,MfrDB1908.png,183,25,7.32,MfrDB1908.png
714,111,6.4324324324324325,MfrDB1909.png,411,36,11.416666666666666,MfrDB1909.png
271,75,3.6133333333333333,MfrDB1910.png,228,28,8.142857142857142,MfrDB1910.png
264,123,2.1463414634146343,MfrDB1911.png,169,31,5.451612903225806,MfrDB1911.png
329,126,2.611111111111111,MfrDB1912.png,167,39,4.282051282051282,MfrDB1912.png
264,142,1.8591549295774648,MfrDB1913.png,136,64,2.125,MfrDB1913.png
167,112,1.4910714285714286,MfrDB1917.png,92,50,1.84,MfrDB1917.png
448,104,4.3076923076923075,MfrDB1918.png,322,33,9.757575757575758,MfrDB1918.png
402,201,2.0,MfrDB1920.png,153,67,2.283582089552239,MfrDB1920.png
440,136,3.235294117647059,MfrDB1921.png,286,83,3.4457831325301207,MfrDB1921.png
459,79,5.810126582278481,MfrDB1931.png,347,28,12.392857142857142,MfrDB1931.png
405,102,3.9705882352941178,MfrDB1932.png,269,33,8.151515151515152,MfrDB1932.png
400,84,4.761904761904762,MfrDB1933.png,292,28,10.428571428571429,MfrDB1933.png
208,146,1.4246575342465753,MfrDB1934.png,94,47,2.0,MfrDB1934.png
340,96,3.5416666666666665,MfrDB1935.png,125,22,5.681818181818182,MfrDB1935.png
316,119,2.6554621848739495,MfrDB1936.png,94,36,2.611111111111111,MfrDB1936.png
247,87,2.839080459770115,MfrDB1937.png,178,25,7.12,MfrDB1937.png
356,143,2.4895104895104896,MfrDB1938.png,172,44,3.909090909090909,MfrDB1938.png
147,90,1.6333333333333333,MfrDB1939.png,117,33,3.5454545454545454,MfrDB1939.png
369,100,3.69,MfrDB1940.png,219,31,7.064516129032258,MfrDB1940.png
251,122,2.057377049180328,MfrDB1941.png,144,39,3.6923076923076925,MfrDB1941.png
286,111,2.5765765765765765,MfrDB1942.png,189,33,5.7272727272727275,MfrDB1942.png
300,94,3.1914893617021276,MfrDB1943.png,189,33,5.7272727272727275,MfrDB1943.png
349,111,3.144144144144144,MfrDB1944.png,236,33,7.151515151515151,MfrDB1944.png
341,210,1.6238095238095238,MfrDB1945.png,94,50,1.88,MfrDB1945.png
280,114,2.456140350877193,MfrDB1946.png,206,64,3.21875,MfrDB1946.png
275,124,2.217741935483871,MfrDB1949.png,233,67,3.4776119402985075,MfrDB1949.png
292,141,2.0709219858156027,MfrDB1950.png,169,67,2.5223880597014925,MfrDB1950.png
293,149,1.9664429530201342,MfrDB1952.png,178,69,2.579710144927536,MfrDB1952.png
290,114,2.543859649122807,MfrDB1953.png,289,69,4.188405797101449,MfrDB1953.png
157,110,1.4272727272727272,MfrDB1954.png,92,69,1.3333333333333333,MfrDB1954.png
255,122,2.0901639344262297,MfrDB1955.png,206,69,2.9855072463768115,MfrDB1955.png
256,96,2.6666666666666665,MfrDB1957.png,186,33,5.636363636363637,MfrDB1957.png
345,130,2.6538461538461537,MfrDB1958.png,256,69,3.710144927536232,MfrDB1958.png
164,117,1.4017094017094016,MfrDB1959.png,161,69,2.3333333333333335,MfrDB1959.png
192,113,1.6991150442477876,MfrDB1960.png,158,67,2.3582089552238807,MfrDB1960.png
276,121,2.28099173553719,MfrDB1963.png,233,42,5.5476190476190474,MfrDB1963.png
183,152,1.2039473684210527,MfrDB1964.png,131,56,2.3392857142857144,MfrDB1964.png
326,115,2.8347826086956522,MfrDB1965.png,172,33,5.212121212121212,MfrDB1965.png
420,140,3.0,MfrDB1968.png,267,33,8.090909090909092,MfrDB1968.png
248,103,2.407766990291262,MfrDB1970.png,156,31,5.032258064516129,MfrDB1970.png
281,212,1.3254716981132075,MfrDB1972.png,94,50,1.88,MfrDB1972.png
240,96,2.5,MfrDB1973.png,158,28,5.642857142857143,MfrDB1973.png
280,118,2.3728813559322033,MfrDB1974.png,150,39,3.8461538461538463,MfrDB1974.png
239,116,2.060344827586207,MfrDB1975.png,150,47,3.1914893617021276,MfrDB1975.png
374,137,2.72992700729927,MfrDB1976.png,183,44,4.159090909090909,MfrDB1976.png
277,125,2.216,MfrDB1977.png,200,42,4.761904761904762,MfrDB1977.png
401,169,2.3727810650887573,MfrDB1979.png,189,50,3.78,MfrDB1979.png
348,99,3.515151515151515,MfrDB1980.png,289,44,6.568181818181818,MfrDB1980.png
256,110,2.327272727272727,MfrDB1981.png,200,36,5.555555555555555,MfrDB1981.png
371,111,3.3423423423423424,MfrDB1982.png,417,28,14.892857142857142,MfrDB1982.png
232,111,2.09009009009009,MfrDB1983.png,194,31,6.258064516129032,MfrDB1983.png
385,90,4.277777777777778,MfrDB1984.png,242,28,8.642857142857142,MfrDB1984.png
423,135,3.1333333333333333,MfrDB1986.png,228,39,5.846153846153846,MfrDB1986.png
278,88,3.159090909090909,MfrDB1988.png,247,33,7.484848484848484,MfrDB1988.png
454,127,3.574803149606299,MfrDB1989.png,411,36,11.416666666666666,MfrDB1989.png
334,97,3.443298969072165,MfrDB1991.png,322,33,9.757575757575758,MfrDB1991.png
236,150,1.5733333333333333,MfrDB1994.png,153,67,2.283582089552239,MfrDB1994.png
302,131,2.3053435114503817,MfrDB1995.png,286,83,3.4457831325301207,MfrDB1995.png
316,99,3.191919191919192,MfrDB2000.png,347,28,12.392857142857142,MfrDB2000.png
360,117,3.076923076923077,MfrDB2001.png,269,33,8.151515151515152,MfrDB2001.png
235,80,2.9375,MfrDB2002.png,292,28,10.428571428571429,MfrDB2002.png
140,116,1.206896551724138,MfrDB2003.png,94,47,2.0,MfrDB2003.png
237,82,2.8902439024390243,MfrDB2004.png,125,22,5.681818181818182,MfrDB2004.png
216,133,1.6240601503759398,MfrDB2005.png,94,36,2.611111111111111,MfrDB2005.png
263,90,2.922222222222222,MfrDB2006.png,178,25,7.12,MfrDB2006.png
294,143,2.055944055944056,MfrDB2007.png,172,44,3.909090909090909,MfrDB2007.png
159,80,1.9875,MfrDB2008.png,117,33,3.5454545454545454,MfrDB2008.png
249,91,2.7362637362637363,MfrDB2009.png,219,31,7.064516129032258,MfrDB2009.png
175,122,1.4344262295081966,MfrDB2010.png,144,39,3.6923076923076925,MfrDB2010.png
252,107,2.3551401869158877,MfrDB2011.png,189,33,5.7272727272727275,MfrDB2011.png
215,90,2.388888888888889,MfrDB2012.png,189,33,5.7272727272727275,MfrDB2012.png
230,91,2.5274725274725274,MfrDB2013.png,189,33,5.7272727272727275,MfrDB2013.png
231,97,2.381443298969072,MfrDB2014.png,236,33,7.151515151515151,MfrDB2014.png
232,93,2.4946236559139785,MfrDB2015.png,158,28,5.642857142857143,MfrDB2015.png
351,95,3.694736842105263,MfrDB2016.png,247,33,7.484848484848484,MfrDB2016.png
584,118,4.9491525423728815,MfrDB2017.png,411,36,11.416666666666666,MfrDB2017.png
325,146,2.2260273972602738,MfrDB2020.png,167,39,4.282051282051282,MfrDB2020.png
515,109,4.724770642201835,MfrDB2021.png,322,33,9.757575757575758,MfrDB2021.png
282,175,1.6114285714285714,MfrDB2025.png,153,67,2.283582089552239,MfrDB2025.png
345,185,1.864864864864865,MfrDB2026.png,153,67,2.283582089552239,MfrDB2026.png
419,157,2.6687898089171975,MfrDB2027.png,286,83,3.4457831325301207,MfrDB2027.png
190,74,2.5675675675675675,MfrDB2028.png,106,25,4.24,MfrDB2028.png
181,108,1.6759259259259258,MfrDB2029.png,78,36,2.1666666666666665,MfrDB2029.png
446,129,3.4573643410852712,MfrDB2035.png,150,39,3.8461538461538463,MfrDB2035.png
393,130,3.023076923076923,MfrDB2036.png,147,47,3.127659574468085,MfrDB2036.png
497,138,3.601449275362319,MfrDB2037.png,183,44,4.159090909090909,MfrDB2037.png
104,72,1.4444444444444444,MfrDB2045.png,50,28,1.7857142857142858,MfrDB2045.png
146,98,1.489795918367347,MfrDB2046.png,86,25,3.44,MfrDB2046.png
172,96,1.7916666666666667,MfrDB2047.png,111,28,3.9642857142857144,MfrDB2047.png
133,69,1.9275362318840579,MfrDB2048.png,67,25,2.68,MfrDB2048.png
187,80,2.3375,MfrDB2051.png,128,25,5.12,MfrDB2051.png
256,89,2.8764044943820224,MfrDB2057.png,119,28,4.25,MfrDB2057.png
109,65,1.676923076923077,MfrDB2061.png,61,22,2.772727272727273,MfrDB2061.png
309,66,4.681818181818182,MfrDB2064.png,114,22,5.181818181818182,MfrDB2064.png
115,76,1.513157894736842,MfrDB2076.png,50,28,1.7857142857142858,MfrDB2076.png
254,83,3.0602409638554215,MfrDB2077.png,86,22,3.909090909090909,MfrDB2077.png
135,149,0.9060402684563759,MfrDB2078.png,42,42,1.0,MfrDB2078.png
347,64,5.421875,MfrDB2079.png,208,22,9.454545454545455,MfrDB2079.png
216,71,3.0422535211267605,MfrDB2080.png,139,19,7.315789473684211,MfrDB2080.png
169,67,2.5223880597014925,MfrDB2081.png,125,25,5.0,MfrDB2081.png
179,96,1.8645833333333333,MfrDB2082.png,89,25,3.56,MfrDB2082.png
416,221,1.8823529411764706,MfrDB2083.png,106,42,2.5238095238095237,MfrDB2083.png
179,94,1.9042553191489362,MfrDB2084.png,111,31,3.5806451612903225,MfrDB2084.png
164,72,2.2777777777777777,MfrDB2085.png,114,31,3.6774193548387095,MfrDB2085.png
541,171,3.1637426900584797,MfrDB2086.png,136,36,3.7777777777777777,MfrDB2086.png
449,166,2.7048192771084336,MfrDB2087.png,136,39,3.4871794871794872,MfrDB2087.png
256,128,2.0,MfrDB2088.png,133,39,3.41025641025641,MfrDB2088.png
166,74,2.2432432432432434,MfrDB2089.png,206,31,6.645161290322581,MfrDB2089.png
170,143,1.1888111888111887,MfrDB2090.png,67,39,1.7179487179487178,MfrDB2090.png
310,89,3.4831460674157304,MfrDB2091.png,144,19,7.578947368421052,MfrDB2091.png
216,168,1.2857142857142858,MfrDB2092.png,56,36,1.5555555555555556,MfrDB2092.png
333,78,4.269230769230769,MfrDB2094.png,350,28,12.5,MfrDB2094.png
496,159,3.119496855345912,MfrDB2095.png,169,28,6.035714285714286,MfrDB2095.png
253,65,3.8923076923076922,MfrDB2096.png,150,22,6.818181818181818,MfrDB2096.png
351,85,4.129411764705883,MfrDB2097.png,208,25,8.32,MfrDB2097.png
295,93,3.172043010752688,MfrDB2098.png,169,31,5.451612903225806,MfrDB2098.png
338,78,4.333333333333333,MfrDB2099.png,294,28,10.5,MfrDB2099.png
340,104,3.269230769230769,MfrDB2100.png,183,25,7.32,MfrDB2100.png
365,91,4.010989010989011,MfrDB2101.png,228,28,8.142857142857142,MfrDB2101.png
404,126,3.2063492063492065,MfrDB2102.png,169,31,5.451612903225806,MfrDB2102.png
318,167,1.904191616766467,MfrDB2103.png,136,64,2.125,MfrDB2103.png
157,117,1.3418803418803418,MfrDB2104.png,92,50,1.84,MfrDB2104.png
365,138,2.6449275362318843,MfrDB2110.png,206,64,3.21875,MfrDB2110.png
311,148,2.1013513513513513,MfrDB2112.png,192,67,2.8656716417910446,MfrDB2112.png
350,179,1.9553072625698324,MfrDB2114.png,178,69,2.579710144927536,MfrDB2114.png
281,120,2.341666666666667,MfrDB2115.png,289,69,4.188405797101449,MfrDB2115.png
165,138,1.1956521739130435,MfrDB2116.png,92,69,1.3333333333333333,MfrDB2116.png
230,155,1.4838709677419355,MfrDB2117.png,206,69,2.9855072463768115,MfrDB2117.png
271,116,2.336206896551724,MfrDB2118.png,186,33,5.636363636363637,MfrDB2118.png
330,152,2.1710526315789473,MfrDB2119.png,256,69,3.710144927536232,MfrDB2119.png
231,127,1.8188976377952757,MfrDB2120.png,161,69,2.3333333333333335,MfrDB2120.png
189,127,1.4881889763779528,MfrDB2121.png,158,67,2.3582089552238807,MfrDB2121.png
324,147,2.204081632653061,MfrDB2122.png,311,72,4.319444444444445,MfrDB2122.png
348,145,2.4,MfrDB2124.png,231,42,5.5,MfrDB2124.png
345,94,3.6702127659574466,MfrDB2125.png,144,25,5.76,MfrDB2125.png
510,153,3.3333333333333335,MfrDB2129.png,189,50,3.78,MfrDB2129.png
383,102,3.7549019607843137,MfrDB2130.png,292,44,6.636363636363637,MfrDB2130.png
259,107,2.4205607476635516,MfrDB2131.png,200,36,5.555555555555555,MfrDB2131.png
242,162,1.4938271604938271,MfrDB2135.png,131,56,2.3392857142857144,MfrDB2135.png
380,115,3.3043478260869565,MfrDB2136.png,172,33,5.212121212121212,MfrDB2136.png
527,141,3.7375886524822697,MfrDB2139.png,267,33,8.090909090909092,MfrDB2139.png
320,93,3.4408602150537635,MfrDB2141.png,156,31,5.032258064516129,MfrDB2141.png
335,221,1.5158371040723981,MfrDB2143.png,94,50,1.88,MfrDB2143.png
229,94,2.4361702127659575,MfrDB2144.png,158,28,5.642857142857143,MfrDB2144.png
373,128,2.9140625,MfrDB2145.png,150,39,3.8461538461538463,MfrDB2145.png
411,144,2.8541666666666665,MfrDB2146.png,150,47,3.1914893617021276,MfrDB2146.png
466,137,3.4014598540145986,MfrDB2147.png,183,44,4.159090909090909,MfrDB2147.png
378,146,2.589041095890411,MfrDB2148.png,200,42,4.761904761904762,MfrDB2148.png
544,160,3.4,MfrDB2150.png,189,50,3.78,MfrDB2150.png
425,116,3.663793103448276,MfrDB2151.png,292,44,6.636363636363637,MfrDB2151.png
283,103,2.7475728155339807,MfrDB2152.png,200,36,5.555555555555555,MfrDB2152.png
388,87,4.459770114942529,MfrDB2153.png,417,28,14.892857142857142,MfrDB2153.png
288,100,2.88,MfrDB2154.png,194,31,6.258064516129032,MfrDB2154.png
400,100,4.0,MfrDB2155.png,242,28,8.642857142857142,MfrDB2155.png
536,152,3.526315789473684,MfrDB2157.png,228,39,5.846153846153846,MfrDB2157.png
389,150,2.5933333333333333,MfrDB2158.png,217,39,5.564102564102564,MfrDB2158.png
337,97,3.4742268041237114,MfrDB2159.png,247,33,7.484848484848484,MfrDB2159.png
562,125,4.496,MfrDB2160.png,411,36,11.416666666666666,MfrDB2160.png
519,185,2.8054054054054056,MfrDB2161.png,167,39,4.282051282051282,MfrDB2161.png
469,125,3.752,MfrDB2162.png,322,33,9.757575757575758,MfrDB2162.png
362,189,1.9153439153439153,MfrDB2176.png,158,67,2.3582089552238807,MfrDB2176.png
322,138,2.3333333333333335,MfrDB2177.png,286,83,3.4457831325301207,MfrDB2177.png
151,97,1.556701030927835,MfrDB2182.png,61,22,2.772727272727273,MfrDB2182.png
271,85,3.1882352941176473,MfrDB2184.png,156,25,6.24,MfrDB2184.png
333,100,3.33,MfrDB2186.png,144,25,5.76,MfrDB2186.png
126,74,1.7027027027027026,MfrDB2192.png,61,22,2.772727272727273,MfrDB2192.png
329,94,3.5,MfrDB2200.png,347,28,12.392857142857142,MfrDB2200.png
350,87,4.022988505747127,MfrDB2201.png,269,33,8.151515151515152,MfrDB2201.png
296,73,4.054794520547945,MfrDB2202.png,292,28,10.428571428571429,MfrDB2202.png
239,143,1.6713286713286712,MfrDB2203.png,94,47,2.0,MfrDB2203.png
286,84,3.4047619047619047,MfrDB2204.png,125,22,5.681818181818182,MfrDB2204.png
269,108,2.490740740740741,MfrDB2205.png,94,36,2.611111111111111,MfrDB2205.png
314,74,4.243243243243243,MfrDB2206.png,178,25,7.12,MfrDB2206.png
323,133,2.4285714285714284,MfrDB2207.png,172,44,3.909090909090909,MfrDB2207.png
224,74,3.027027027027027,MfrDB2208.png,117,33,3.5454545454545454,MfrDB2208.png
374,87,4.2988505747126435,MfrDB2209.png,219,31,7.064516129032258,MfrDB2209.png
236,102,2.3137254901960786,MfrDB2210.png,144,39,3.6923076923076925,MfrDB2210.png
344,113,3.0442477876106193,MfrDB2211.png,189,33,5.7272727272727275,MfrDB2211.png
384,95,4.042105263157895,MfrDB2212.png,189,33,5.7272727272727275,MfrDB2212.png
340,104,3.269230769230769,MfrDB2213.png,236,33,7.151515151515151,MfrDB2213.png
341,72,4.736111111111111,MfrDB2217.png,106,25,4.24,MfrDB2217.png
219,74,2.9594594594594597,MfrDB2225.png,111,22,5.045454545454546,MfrDB2225.png
271,74,3.6621621621621623,MfrDB2237.png,111,22,5.045454545454546,MfrDB2237.png
241,61,3.9508196721311477,MfrDB2238.png,114,22,5.181818181818182,MfrDB2238.png
143,88,1.625,MfrDB2241.png,69,33,2.090909090909091,MfrDB2241.png
75,64,1.171875,MfrDB2242.png,61,22,2.772727272727273,MfrDB2242.png
270,106,2.547169811320755,MfrDB2247.png,117,22,5.318181818181818,MfrDB2247.png
268,71,3.7746478873239435,MfrDB2249.png,108,22,4.909090909090909,MfrDB2249.png
301,100,3.01,MfrDB2250.png,158,36,4.388888888888889,MfrDB2250.png
361,95,3.8,MfrDB2251.png,311,36,8.63888888888889,MfrDB2251.png
217,85,2.552941176470588,MfrDB2252.png,211,28,7.535714285714286,MfrDB2252.png
359,137,2.6204379562043796,MfrDB2254.png,144,25,5.76,MfrDB2254.png
99,99,1.0,MfrDB2263.png,53,31,1.7096774193548387,MfrDB2263.png
164,123,1.3333333333333333,MfrDB2264.png,17,33,0.5151515151515151,MfrDB2264.png
463,100,4.63,MfrDB2271.png,231,28,8.25,MfrDB2271.png
82,67,1.2238805970149254,MfrDB2272.png,50,28,1.7857142857142858,MfrDB2272.png
278,90,3.088888888888889,MfrDB2273.png,86,22,3.909090909090909,MfrDB2273.png
161,132,1.2196969696969697,MfrDB2274.png,42,42,1.0,MfrDB2274.png
311,67,4.641791044776119,MfrDB2275.png,208,22,9.454545454545455,MfrDB2275.png
181,68,2.661764705882353,MfrDB2276.png,139,19,7.315789473684211,MfrDB2276.png
130,66,1.9696969696969697,MfrDB2277.png,125,25,5.0,MfrDB2277.png
172,88,1.9545454545454546,MfrDB2278.png,89,25,3.56,MfrDB2278.png
221,157,1.4076433121019107,MfrDB2286.png,67,39,1.7179487179487178,MfrDB2286.png
238,71,3.352112676056338,MfrDB2287.png,144,19,7.578947368421052,MfrDB2287.png
149,110,1.3545454545454545,MfrDB2288.png,56,36,1.5555555555555556,MfrDB2288.png
341,76,4.4868421052631575,MfrDB2290.png,350,28,12.5,MfrDB2290.png
517,151,3.423841059602649,MfrDB2291.png,169,28,6.035714285714286,MfrDB2291.png
314,72,4.361111111111111,MfrDB2292.png,150,22,6.818181818181818,MfrDB2292.png
328,89,3.6853932584269664,MfrDB2293.png,208,25,8.32,MfrDB2293.png
262,111,2.3603603603603602,MfrDB2294.png,169,31,5.451612903225806,MfrDB2294.png
282,97,2.9072164948453607,MfrDB2296.png,183,25,7.32,MfrDB2296.png
313,91,3.4395604395604398,MfrDB2297.png,228,28,8.142857142857142,MfrDB2297.png
251,120,2.091666666666667,MfrDB2298.png,169,31,5.451612903225806,MfrDB2298.png
296,157,1.8853503184713376,MfrDB2299.png,136,64,2.125,MfrDB2299.png
176,118,1.4915254237288136,MfrDB2300.png,92,50,1.84,MfrDB2300.png
232,72,3.2222222222222223,MfrDB2311.png,117,22,5.318181818181818,MfrDB2311.png
459,155,2.9612903225806453,MfrDB2325.png,233,42,5.5476190476190474,MfrDB2325.png
287,106,2.707547169811321,MfrDB2335.png,158,28,5.642857142857143,MfrDB2335.png
516,154,3.3506493506493507,MfrDB2346.png,242,28,8.642857142857142,MfrDB2346.png
173,78,2.217948717948718,MfrDB2347.png,61,22,2.772727272727273,MfrDB2347.png
288,86,3.3488372093023258,MfrDB2350.png,247,33,7.484848484848484,MfrDB2350.png
600,122,4.918032786885246,MfrDB2351.png,411,36,11.416666666666666,MfrDB2351.png
335,128,2.6171875,MfrDB2352.png,167,39,4.282051282051282,MfrDB2352.png
542,114,4.754385964912281,MfrDB2353.png,322,33,9.757575757575758,MfrDB2353.png
164,75,2.1866666666666665,MfrDB2365.png,72,25,2.88,MfrDB2365.png
123,89,1.3820224719101124,MfrDB2366.png,19,33,0.5757575757575758,MfrDB2366.png
204,70,2.914285714285714,MfrDB2370.png,117,33,3.5454545454545454,MfrDB2370.png
336,134,2.5074626865671643,MfrDB2371.png,219,31,7.064516129032258,MfrDB2371.png
203,108,1.8796296296296295,MfrDB2372.png,144,39,3.6923076923076925,MfrDB2372.png
442,114,3.8771929824561404,MfrDB2375.png,236,33,7.151515151515151,MfrDB2375.png
188,208,0.9038461538461539,MfrDB2378.png,42,42,1.0,MfrDB2378.png
396,76,5.2105263157894735,MfrDB2379.png,208,22,9.454545454545455,MfrDB2379.png
233,79,2.949367088607595,MfrDB2380.png,139,19,7.315789473684211,MfrDB2380.png
196,77,2.5454545454545454,MfrDB2381.png,125,25,5.0,MfrDB2381.png
166,118,1.4067796610169492,MfrDB2382.png,89,25,3.56,MfrDB2382.png
547,281,1.9466192170818506,MfrDB2383.png,106,42,2.5238095238095237,MfrDB2383.png
104,68,1.5294117647058822,MfrDB2384.png,64,22,2.909090909090909,MfrDB2384.png
202,97,2.082474226804124,MfrDB2386.png,111,31,3.5806451612903225,MfrDB2386.png
139,84,1.6547619047619047,MfrDB2387.png,114,31,3.6774193548387095,MfrDB2387.png
287,152,1.888157894736842,MfrDB2388.png,136,36,3.7777777777777777,MfrDB2388.png
77,83,0.927710843373494,MfrDB2392.png,28,25,1.12,MfrDB2392.png
273,88,3.102272727272727,MfrDB2396.png,336,28,12.0,MfrDB2396.png
289,94,3.074468085106383,MfrDB2404.png,169,31,5.451612903225806,MfrDB2404.png
344,88,3.909090909090909,MfrDB2406.png,97,25,3.88,MfrDB2406.png
384,95,4.042105263157895,MfrDB2410.png,208,25,8.32,MfrDB2410.png
155,130,1.1923076923076923,MfrDB2419.png,92,69,1.3333333333333333,MfrDB2419.png
297,163,1.822085889570552,MfrDB2420.png,206,69,2.9855072463768115,MfrDB2420.png
290,102,2.843137254901961,MfrDB2421.png,186,33,5.636363636363637,MfrDB2421.png
345,156,2.2115384615384617,MfrDB2422.png,286,69,4.144927536231884,MfrDB2422.png
253,133,1.9022556390977443,MfrDB2423.png,161,69,2.3333333333333335,MfrDB2423.png
211,111,1.9009009009009008,MfrDB2424.png,158,67,2.3582089552238807,MfrDB2424.png
307,144,2.1319444444444446,MfrDB2425.png,311,72,4.319444444444445,MfrDB2425.png
309,124,2.4919354838709675,MfrDB2427.png,233,42,5.5476190476190474,MfrDB2427.png
222,139,1.5971223021582734,MfrDB2428.png,131,56,2.3392857142857144,MfrDB2428.png
290,95,3.0526315789473686,MfrDB2429.png,172,33,5.212121212121212,MfrDB2429.png
399,136,2.9338235294117645,MfrDB2432.png,267,33,8.090909090909092,MfrDB2432.png
202,90,2.2444444444444445,MfrDB2434.png,156,31,5.032258064516129,MfrDB2434.png
313,192,1.6302083333333333,MfrDB2436.png,94,50,1.88,MfrDB2436.png
238,98,2.4285714285714284,MfrDB2437.png,158,28,5.642857142857143,MfrDB2437.png
235,111,2.1171171171171173,MfrDB2438.png,150,39,3.8461538461538463,MfrDB2438.png
263,116,2.2672413793103448,MfrDB2439.png,150,47,3.1914893617021276,MfrDB2439.png
320,135,2.3703703703703702,MfrDB2440.png,183,44,4.159090909090909,MfrDB2440.png
265,108,2.4537037037037037,MfrDB2441.png,200,42,4.761904761904762,MfrDB2441.png
304,99,3.0707070707070705,MfrDB2445.png,200,36,5.555555555555555,MfrDB2445.png
535,111,4.81981981981982,MfrDB2446.png,417,28,14.892857142857142,MfrDB2446.png
453,92,4.923913043478261,MfrDB2447.png,417,28,14.892857142857142,MfrDB2447.png
428,104,4.115384615384615,MfrDB2448.png,242,28,8.642857142857142,MfrDB2448.png
614,180,3.411111111111111,MfrDB2450.png,228,39,5.846153846153846,MfrDB2450.png
354,134,2.6417910447761193,MfrDB2451.png,197,39,5.051282051282051,MfrDB2451.png
394,96,4.104166666666667,MfrDB2452.png,247,33,7.484848484848484,MfrDB2452.png
342,132,2.590909090909091,MfrDB2471.png,172,44,3.909090909090909,MfrDB2471.png
224,85,2.635294117647059,MfrDB2476.png,189,33,5.7272727272727275,MfrDB2476.png
124,62,2.0,MfrDB2477.png,61,22,2.772727272727273,MfrDB2477.png
109,64,1.703125,MfrDB2478.png,50,28,1.7857142857142858,MfrDB2478.png
248,65,3.8153846153846156,MfrDB2479.png,86,22,3.909090909090909,MfrDB2479.png
125,119,1.050420168067227,MfrDB2480.png,42,36,1.1666666666666667,MfrDB2480.png
177,78,2.269230769230769,MfrDB2483.png,125,25,5.0,MfrDB2483.png
439,194,2.2628865979381443,MfrDB2485.png,106,42,2.5238095238095237,MfrDB2485.png
175,83,2.108433734939759,MfrDB2486.png,111,31,3.5806451612903225,MfrDB2486.png
213,88,2.4204545454545454,MfrDB2487.png,114,31,3.6774193548387095,MfrDB2487.png
395,149,2.651006711409396,MfrDB2489.png,136,39,3.4871794871794872,MfrDB2489.png
244,128,1.90625,MfrDB2490.png,133,39,3.41025641025641,MfrDB2490.png
245,87,2.8160919540229883,MfrDB2491.png,206,31,6.645161290322581,MfrDB2491.png
178,155,1.1483870967741936,MfrDB2492.png,67,39,1.7179487179487178,MfrDB2492.png
249,77,3.2337662337662336,MfrDB2493.png,144,19,7.578947368421052,MfrDB2493.png
176,142,1.2394366197183098,MfrDB2494.png,56,36,1.5555555555555556,MfrDB2494.png
323,87,3.7126436781609193,MfrDB2496.png,350,28,12.5,MfrDB2496.png
527,152,3.4671052631578947,MfrDB2497.png,169,28,6.035714285714286,MfrDB2497.png
284,69,4.115942028985507,MfrDB2498.png,150,22,6.818181818181818,MfrDB2498.png
344,99,3.474747474747475,MfrDB2502.png,294,28,10.5,MfrDB2502.png
259,95,2.7263157894736842,MfrDB2503.png,183,25,7.32,MfrDB2503.png
437,156,2.801282051282051,MfrDB2515.png,233,67,3.4776119402985075,MfrDB2515.png
514,194,2.649484536082474,MfrDB2516.png,169,67,2.5223880597014925,MfrDB2516.png
193,115,1.6782608695652175,MfrDB2520.png,92,69,1.3333333333333333,MfrDB2520.png
357,126,2.8333333333333335,MfrDB2521.png,206,69,2.9855072463768115,MfrDB2521.png
264,96,2.75,MfrDB2522.png,186,33,5.636363636363637,MfrDB2522.png
392,140,2.8,MfrDB2523.png,286,69,4.144927536231884,MfrDB2523.png
390,118,3.305084745762712,MfrDB2546.png,200,36,5.555555555555555,MfrDB2546.png
706,113,6.247787610619469,MfrDB2547.png,417,28,14.892857142857142,MfrDB2547.png
478,101,4.732673267326732,MfrDB2548.png,194,31,6.258064516129032,MfrDB2548.png
356,102,3.4901960784313726,MfrDB2549.png,242,28,8.642857142857142,MfrDB2549.png
171,73,2.3424657534246576,MfrDB2552.png,75,22,3.409090909090909,MfrDB2552.png
98,62,1.5806451612903225,MfrDB2553.png,56,19,2.9473684210526314,MfrDB2553.png
159,65,2.4461538461538463,MfrDB2559.png,56,19,2.9473684210526314,MfrDB2559.png
279,82,3.402439024390244,MfrDB2562.png,117,22,5.318181818181818,MfrDB2562.png
209,69,3.028985507246377,MfrDB2563.png,117,22,5.318181818181818,MfrDB2563.png
212,78,2.717948717948718,MfrDB2564.png,117,22,5.318181818181818,MfrDB2564.png
84,111,0.7567567567567568,MfrDB2566.png,17,33,0.5151515151515151,MfrDB2566.png
231,72,3.2083333333333335,MfrDB2569.png,125,22,5.681818181818182,MfrDB2569.png
315,86,3.6627906976744184,MfrDB2583.png,139,19,7.315789473684211,MfrDB2583.png
192,73,2.6301369863013697,MfrDB2584.png,125,25,5.0,MfrDB2584.png
165,92,1.7934782608695652,MfrDB2585.png,89,25,3.56,MfrDB2585.png
387,200,1.935,MfrDB2586.png,106,42,2.5238095238095237,MfrDB2586.png
160,85,1.8823529411764706,MfrDB2587.png,111,31,3.5806451612903225,MfrDB2587.png
130,75,1.7333333333333334,MfrDB2588.png,114,31,3.6774193548387095,MfrDB2588.png
339,166,2.0421686746987953,MfrDB2589.png,136,36,3.7777777777777777,MfrDB2589.png
349,154,2.2662337662337664,MfrDB2590.png,136,39,3.4871794871794872,MfrDB2590.png
218,67,3.253731343283582,MfrDB2594.png,144,19,7.578947368421052,MfrDB2594.png
196,127,1.5433070866141732,MfrDB2607.png,92,50,1.84,MfrDB2607.png
436,134,3.253731343283582,MfrDB2619.png,289,69,4.188405797101449,MfrDB2619.png
300,91,3.2967032967032965,MfrDB2625.png,158,67,2.3582089552238807,MfrDB2625.png
345,248,1.3911290322580645,MfrDB2637.png,94,50,1.88,MfrDB2637.png
302,104,2.9038461538461537,MfrDB2638.png,158,28,5.642857142857143,MfrDB2638.png
417,99,4.212121212121212,MfrDB2645.png,339,44,7.704545454545454,MfrDB2645.png
375,78,4.8076923076923075,MfrDB2650.png,150,28,5.357142857142857,MfrDB2650.png
93,136,0.6838235294117647,MfrDB2656.png,17,33,0.5151515151515151,MfrDB2656.png
366,85,4.305882352941176,MfrDB2671.png,178,25,7.12,MfrDB2671.png
261,97,2.6907216494845363,MfrDB2677.png,189,33,5.7272727272727275,MfrDB2677.png
370,120,3.0833333333333335,MfrDB2678.png,236,33,7.151515151515151,MfrDB2678.png
172,61,2.819672131147541,MfrDB2682.png,139,22,6.318181818181818,MfrDB2682.png
171,89,1.9213483146067416,MfrDB2683.png,139,19,7.315789473684211,MfrDB2683.png
406,118,3.440677966101695,MfrDB2715.png,233,67,3.4776119402985075,MfrDB2715.png
122,102,1.196078431372549,MfrDB2716.png,17,33,0.5151515151515151,MfrDB2716.png
324,176,1.8409090909090908,MfrDB2717.png,119,69,1.7246376811594204,MfrDB2717.png
239,73,3.2739726027397262,MfrDB2718.png,114,22,5.181818181818182,MfrDB2718.png
78,69,1.1304347826086956,MfrDB2726.png,61,22,2.772727272727273,MfrDB2726.png
322,212,1.5188679245283019,MfrDB2735.png,156,31,5.032258064516129,MfrDB2735.png
361,121,2.9834710743801653,MfrDB2740.png,150,44,3.409090909090909,MfrDB2740.png
295,112,2.6339285714285716,MfrDB2747.png,417,28,14.892857142857142,MfrDB2747.png
263,116,2.2672413793103448,MfrDB2748.png,194,31,6.258064516129032,MfrDB2748.png
254,93,2.7311827956989245,MfrDB2767.png,194,31,6.258064516129032,MfrDB2767.png
392,89,4.404494382022472,MfrDB2768.png,242,28,8.642857142857142,MfrDB2768.png
140,57,2.456140350877193,MfrDB2769.png,58,14,4.142857142857143,MfrDB2769.png
146,107,1.3644859813084111,MfrDB2770.png,89,22,4.045454545454546,MfrDB2770.png
283,105,2.6952380952380954,MfrDB2771.png,197,39,5.051282051282051,MfrDB2771.png
333,103,3.233009708737864,MfrDB2772.png,247,33,7.484848484848484,MfrDB2772.png
128,68,1.8823529411764706,MfrDB2773.png,56,19,2.9473684210526314,MfrDB2773.png
306,117,2.6153846153846154,MfrDB2774.png,167,39,4.282051282051282,MfrDB2774.png
482,112,4.303571428571429,MfrDB2775.png,322,33,9.757575757575758,MfrDB2775.png
333,181,1.839779005524862,MfrDB2778.png,153,67,2.283582089552239,MfrDB2778.png
454,86,5.27906976744186,MfrDB2802.png,347,28,12.392857142857142,MfrDB2802.png
451,100,4.51,MfrDB2803.png,269,33,8.151515151515152,MfrDB2803.png
938,96,9.770833333333334,MfrDB2804.png,269,33,8.151515151515152,MfrDB2804.png
160,116,1.3793103448275863,MfrDB2805.png,94,47,2.0,MfrDB2805.png
324,73,4.438356164383562,MfrDB2806.png,125,22,5.681818181818182,MfrDB2806.png
272,100,2.72,MfrDB2807.png,94,36,2.611111111111111,MfrDB2807.png
351,78,4.5,MfrDB2808.png,156,25,6.24,MfrDB2808.png
60,68,0.8823529411764706,MfrDB2809.png,25,25,1.0,MfrDB2809.png
161,78,2.0641025641025643,MfrDB2810.png,67,28,2.392857142857143,MfrDB2810.png
110,76,1.4473684210526316,MfrDB2811.png,75,25,3.0,MfrDB2811.png
505,109,4.63302752293578,MfrDB2813.png,411,36,11.416666666666666,MfrDB2813.png
297,136,2.1838235294117645,MfrDB2814.png,167,39,4.282051282051282,MfrDB2814.png
502,105,4.780952380952381,MfrDB2815.png,322,33,9.757575757575758,MfrDB2815.png
192,82,2.341463414634146,MfrDB2818.png,119,28,4.25,MfrDB2818.png
337,125,2.696,MfrDB2820.png,131,36,3.638888888888889,MfrDB2820.png
258,178,1.449438202247191,MfrDB2821.png,153,67,2.283582089552239,MfrDB2821.png
337,143,2.3566433566433567,MfrDB2822.png,286,83,3.4457831325301207,MfrDB2822.png
282,75,3.76,MfrDB2827.png,347,28,12.392857142857142,MfrDB2827.png
279,80,3.4875,MfrDB2828.png,269,33,8.151515151515152,MfrDB2828.png
251,73,3.4383561643835616,MfrDB2829.png,292,28,10.428571428571429,MfrDB2829.png
418,142,2.943661971830986,MfrDB2831.png,172,33,5.212121212121212,MfrDB2831.png
189,125,1.512,MfrDB2832.png,94,47,2.0,MfrDB2832.png
264,84,3.142857142857143,MfrDB2833.png,125,22,5.681818181818182,MfrDB2833.png
255,80,3.1875,MfrDB2834.png,125,22,5.681818181818182,MfrDB2834.png
209,112,1.8660714285714286,MfrDB2835.png,94,36,2.611111111111111,MfrDB2835.png
228,79,2.8860759493670884,MfrDB2836.png,178,25,7.12,MfrDB2836.png
243,107,2.2710280373831777,MfrDB2837.png,172,44,3.909090909090909,MfrDB2837.png
162,73,2.219178082191781,MfrDB2838.png,117,33,3.5454545454545454,MfrDB2838.png
238,82,2.902439024390244,MfrDB2839.png,219,31,7.064516129032258,MfrDB2839.png
199,99,2.01010101010101,MfrDB2840.png,144,39,3.6923076923076925,MfrDB2840.png
247,101,2.4455445544554455,MfrDB2841.png,189,33,5.7272727272727275,MfrDB2841.png
287,101,2.8415841584158414,MfrDB2842.png,189,33,5.7272727272727275,MfrDB2842.png
253,98,2.5816326530612246,MfrDB2844.png,181,31,5.838709677419355,MfrDB2844.png
265,142,1.8661971830985915,MfrDB2845.png,242,64,3.78125,MfrDB2845.png
338,84,4.023809523809524,MfrDB2847.png,350,31,11.290322580645162,MfrDB2847.png
191,139,1.3741007194244603,MfrDB2848.png,131,64,2.046875,MfrDB2848.png
334,149,2.2416107382550337,MfrDB2850.png,211,44,4.795454545454546,MfrDB2850.png
259,132,1.9621212121212122,MfrDB2851.png,197,47,4.191489361702128,MfrDB2851.png
278,94,2.9574468085106385,MfrDB2852.png,294,36,8.166666666666666,MfrDB2852.png
366,140,2.6142857142857143,MfrDB2853.png,397,69,5.753623188405797,MfrDB2853.png
297,120,2.475,MfrDB2854.png,283,69,4.101449275362318,MfrDB2854.png
302,103,2.9320388349514563,MfrDB2856.png,203,33,6.151515151515151,MfrDB2856.png
414,133,3.112781954887218,MfrDB2857.png,247,39,6.333333333333333,MfrDB2857.png
309,119,2.596638655462185,MfrDB2858.png,183,39,4.6923076923076925,MfrDB2858.png
319,117,2.7264957264957266,MfrDB2859.png,336,81,4.148148148148148,MfrDB2859.png
439,117,3.752136752136752,MfrDB2860.png,356,42,8.476190476190476,MfrDB2860.png
361,94,3.8404255319148937,MfrDB2861.png,347,33,10.515151515151516,MfrDB2861.png
271,106,2.556603773584906,MfrDB2862.png,178,36,4.944444444444445,MfrDB2862.png
282,130,2.169230769230769,MfrDB2863.png,144,44,3.272727272727273,MfrDB2863.png
373,101,3.6930693069306932,MfrDB2864.png,264,42,6.285714285714286,MfrDB2864.png
232,84,2.761904761904762,MfrDB2865.png,189,42,4.5,MfrDB2865.png
314,113,2.7787610619469025,MfrDB2866.png,203,44,4.613636363636363,MfrDB2866.png
241,136,1.7720588235294117,MfrDB2869.png,178,64,2.78125,MfrDB2869.png
408,134,3.044776119402985,MfrDB2870.png,167,36,4.638888888888889,MfrDB2870.png
158,132,1.196969696969697,MfrDB2871.png,111,64,1.734375,MfrDB2871.png
238,84,2.8333333333333335,MfrDB2872.png,211,28,7.535714285714286,MfrDB2872.png
486,165,2.9454545454545453,MfrDB2873.png,211,44,4.795454545454546,MfrDB2873.png
277,149,1.8590604026845639,MfrDB2877.png,233,67,3.4776119402985075,MfrDB2877.png
321,194,1.6546391752577319,MfrDB2878.png,169,67,2.5223880597014925,MfrDB2878.png
291,190,1.5315789473684212,MfrDB2880.png,178,69,2.579710144927536,MfrDB2880.png
333,135,2.466666666666667,MfrDB2881.png,289,69,4.188405797101449,MfrDB2881.png
137,149,0.9194630872483222,MfrDB2882.png,92,69,1.3333333333333333,MfrDB2882.png
306,173,1.76878612716763,MfrDB2883.png,206,69,2.9855072463768115,MfrDB2883.png
312,112,2.7857142857142856,MfrDB2884.png,186,33,5.636363636363637,MfrDB2884.png
194,73,2.6575342465753424,MfrDB2889.png,89,22,4.045454545454546,MfrDB2889.png
389,124,3.1370967741935485,MfrDB2890.png,150,47,3.1914893617021276,MfrDB2890.png
156,115,1.3565217391304347,MfrDB2891.png,106,50,2.12,MfrDB2891.png
258,129,2.0,MfrDB2893.png,106,50,2.12,MfrDB2893.png
311,112,2.7767857142857144,MfrDB2894.png,211,44,4.795454545454546,MfrDB2894.png
190,143,1.3286713286713288,MfrDB2895.png,106,50,2.12,MfrDB2895.png
431,104,4.144230769230769,MfrDB2896.png,292,44,6.636363636363637,MfrDB2896.png
206,120,1.7166666666666666,MfrDB2897.png,106,50,2.12,MfrDB2897.png
226,95,2.3789473684210525,MfrDB2898.png,181,31,5.838709677419355,MfrDB2898.png
239,113,2.1150442477876106,MfrDB2899.png,144,44,3.272727272727273,MfrDB2899.png
486,148,3.2837837837837838,MfrDB2900.png,247,39,6.333333333333333,MfrDB2900.png
391,206,1.8980582524271845,MfrDB2901.png,197,47,4.191489361702128,MfrDB2901.png
290,107,2.710280373831776,MfrDB2902.png,181,31,5.838709677419355,MfrDB2902.png
358,99,3.6161616161616164,MfrDB2903.png,211,28,7.535714285714286,MfrDB2903.png
313,101,3.099009900990099,MfrDB2905.png,181,31,5.838709677419355,MfrDB2905.png
628,136,4.617647058823529,MfrDB2906.png,322,33,9.757575757575758,MfrDB2906.png
377,100,3.77,MfrDB2907.png,294,36,8.166666666666666,MfrDB2907.png
348,156,2.230769230769231,MfrDB2908.png,183,39,4.6923076923076925,MfrDB2908.png
274,93,2.946236559139785,MfrDB2909.png,122,28,4.357142857142857,MfrDB2909.png
256,109,2.3486238532110093,MfrDB2911.png,106,50,2.12,MfrDB2911.png
372,84,4.428571428571429,MfrDB2912.png,292,28,10.428571428571429,MfrDB2912.png
262,119,2.2016806722689077,MfrDB2913.png,183,39,4.6923076923076925,MfrDB2913.png
196,120,1.6333333333333333,MfrDB2914.png,111,64,1.734375,MfrDB2914.png
324,137,2.3649635036496353,MfrDB2915.png,211,44,4.795454545454546,MfrDB2915.png
396,111,3.5675675675675675,MfrDB2916.png,203,44,4.613636363636363,MfrDB2916.png
192,94,2.0425531914893615,MfrDB2917.png,117,33,3.5454545454545454,MfrDB2917.png
330,139,2.3741007194244603,MfrDB2919.png,350,31,11.290322580645162,MfrDB2919.png
336,95,3.536842105263158,MfrDB2921.png,181,31,5.838709677419355,MfrDB2921.png
449,129,3.4806201550387597,MfrDB2922.png,167,36,4.638888888888889,MfrDB2922.png
407,144,2.826388888888889,MfrDB2923.png,211,44,4.795454545454546,MfrDB2923.png
439,128,3.4296875,MfrDB2924.png,167,36,4.638888888888889,MfrDB2924.png
420,134,3.1343283582089554,MfrDB2925.png,203,33,6.151515151515151,MfrDB2925.png
294,139,2.115107913669065,MfrDB2927.png,197,47,4.191489361702128,MfrDB2927.png
384,110,3.4909090909090907,MfrDB2928.png,350,31,11.290322580645162,MfrDB2928.png
405,158,2.5632911392405062,MfrDB2932.png,197,47,4.191489361702128,MfrDB2932.png
314,140,2.242857142857143,MfrDB2934.png,178,64,2.78125,MfrDB2934.png
191,112,1.7053571428571428,MfrDB2935.png,111,64,1.734375,MfrDB2935.png
322,123,2.6178861788617884,MfrDB2936.png,306,36,8.5,MfrDB2936.png
328,101,3.2475247524752477,MfrDB2937.png,211,28,7.535714285714286,MfrDB2937.png
464,99,4.686868686868687,MfrDB2939.png,350,31,11.290322580645162,MfrDB2939.png
484,261,1.8544061302681993,MfrDB2941.png,247,39,6.333333333333333,MfrDB2941.png
218,141,1.5460992907801419,MfrDB2942.png,106,50,2.12,MfrDB2942.png
331,86,3.8488372093023258,MfrDB2943.png,294,36,8.166666666666666,MfrDB2943.png
523,149,3.51006711409396,MfrDB2944.png,397,69,5.753623188405797,MfrDB2944.png
306,105,2.914285714285714,MfrDB2945.png,211,28,7.535714285714286,MfrDB2945.png
213,119,1.7899159663865547,MfrDB2947.png,183,39,4.6923076923076925,MfrDB2947.png
417,147,2.836734693877551,MfrDB2948.png,336,81,4.148148148148148,MfrDB2948.png
272,132,2.0606060606060606,MfrDB2951.png,178,64,2.78125,MfrDB2951.png
430,119,3.6134453781512605,MfrDB2952.png,347,33,10.515151515151516,MfrDB2952.png
494,157,3.1464968152866244,MfrDB2953.png,167,36,4.638888888888889,MfrDB2953.png
490,166,2.9518072289156625,MfrDB2954.png,397,69,5.753623188405797,MfrDB2954.png
511,147,3.4761904761904763,MfrDB2956.png,167,36,4.638888888888889,MfrDB2956.png
396,94,4.212765957446808,MfrDB2957.png,283,69,4.101449275362318,MfrDB2957.png
484,92,5.260869565217392,MfrDB2958.png,350,31,11.290322580645162,MfrDB2958.png
178,142,1.2535211267605635,MfrDB2959.png,111,64,1.734375,MfrDB2959.png
435,103,4.223300970873787,MfrDB2960.png,247,39,6.333333333333333,MfrDB2960.png
295,85,3.4705882352941178,MfrDB2962.png,211,28,7.535714285714286,MfrDB2962.png
336,127,2.645669291338583,MfrDB2963.png,203,33,6.151515151515151,MfrDB2963.png
277,132,2.0984848484848486,MfrDB2965.png,283,69,4.101449275362318,MfrDB2965.png
361,120,3.0083333333333333,MfrDB2966.png,247,39,6.333333333333333,MfrDB2966.png
357,129,2.7674418604651163,MfrDB2967.png,183,39,4.6923076923076925,MfrDB2967.png
418,148,2.824324324324324,MfrDB2968.png,350,42,8.333333333333334,MfrDB2968.png
440,124,3.5483870967741935,MfrDB2970.png,247,39,6.333333333333333,MfrDB2970.png
274,131,2.0916030534351147,MfrDB2971.png,283,69,4.101449275362318,MfrDB2971.png
560,97,5.77319587628866,MfrDB2972.png,397,69,5.753623188405797,MfrDB2972.png
124,126,0.9841269841269841,MfrDB2973.png,106,50,2.12,MfrDB2973.png
294,119,2.4705882352941178,MfrDB2974.png,178,64,2.78125,MfrDB2974.png
434,115,3.773913043478261,MfrDB2975.png,347,33,10.515151515151516,MfrDB2975.png
320,107,2.9906542056074765,MfrDB2976.png,203,44,4.613636363636363,MfrDB2976.png
388,185,2.097297297297297,MfrDB2977.png,456,69,6.608695652173913,MfrDB2977.png
567,139,4.079136690647482,MfrDB2979.png,442,69,6.405797101449275,MfrDB2979.png
508,128,3.96875,MfrDB2980.png,247,39,6.333333333333333,MfrDB2980.png
242,120,2.0166666666666666,MfrDB2981.png,181,31,5.838709677419355,MfrDB2981.png
418,160,2.6125,MfrDB2982.png,442,69,6.405797101449275,MfrDB2982.png
349,137,2.5474452554744524,MfrDB2983.png,203,33,6.151515151515151,MfrDB2983.png
290,145,2.0,MfrDB2984.png,144,44,3.272727272727273,MfrDB2984.png
287,102,2.8137254901960786,MfrDB2986.png,203,33,6.151515151515151,MfrDB2986.png
409,144,2.8402777777777777,MfrDB2988.png,183,39,4.6923076923076925,MfrDB2988.png
296,125,2.368,MfrDB2990.png,203,33,6.151515151515151,MfrDB2990.png
604,133,4.541353383458647,MfrDB2991.png,336,81,4.148148148148148,MfrDB2991.png
386,142,2.7183098591549295,MfrDB2992.png,283,69,4.101449275362318,MfrDB2992.png
370,126,2.9365079365079363,MfrDB2993.png,264,42,6.285714285714286,MfrDB2993.png
326,146,2.232876712328767,MfrDB2994.png,183,39,4.6923076923076925,MfrDB2994.png
307,129,2.37984496124031,MfrDB2995.png,203,44,4.613636363636363,MfrDB2995.png
322,130,2.476923076923077,MfrDB2996.png,189,42,4.5,MfrDB2996.png
583,155,3.761290322580645,MfrDB2998.png,397,69,5.753623188405797,MfrDB2998.png
390,117,3.3333333333333335,MfrDB2999.png,264,42,6.285714285714286,MfrDB2999.png
414,140,2.9571428571428573,MfrDB3000.png,442,69,6.405797101449275,MfrDB3000.png
293,132,2.2196969696969697,MfrDB3001.png,203,44,4.613636363636363,MfrDB3001.png
322,155,2.07741935483871,MfrDB3002.png,197,47,4.191489361702128,MfrDB3002.png
480,155,3.096774193548387,MfrDB3005.png,336,81,4.148148148148148,MfrDB3005.png
599,136,4.404411764705882,MfrDB3006.png,350,42,8.333333333333334,MfrDB3006.png
307,141,2.1773049645390072,MfrDB3010.png,144,44,3.272727272727273,MfrDB3010.png
214,118,1.8135593220338984,MfrDB3011.png,178,36,4.944444444444445,MfrDB3011.png
288,90,3.2,MfrDB3012.png,178,36,4.944444444444445,MfrDB3012.png
304,220,1.3818181818181818,MfrDB3013.png,178,64,2.78125,MfrDB3013.png
448,149,3.0067114093959733,MfrDB3014.png,211,44,4.795454545454546,MfrDB3014.png
362,122,2.9672131147540983,MfrDB3015.png,203,44,4.613636363636363,MfrDB3015.png
532,125,4.256,MfrDB3016.png,350,42,8.333333333333334,MfrDB3016.png
317,112,2.830357142857143,MfrDB3017.png,283,69,4.101449275362318,MfrDB3017.png
104,85,1.223529411764706,MfrDB3018.png,50,28,1.7857142857142858,MfrDB3018.png
309,110,2.809090909090909,MfrDB3020.png,203,33,6.151515151515151,MfrDB3020.png
478,173,2.7630057803468207,MfrDB3021.png,167,36,4.638888888888889,MfrDB3021.png
341,101,3.376237623762376,MfrDB3022.png,178,36,4.944444444444445,MfrDB3022.png
618,106,5.830188679245283,MfrDB3024.png,347,33,10.515151515151516,MfrDB3024.png
169,160,1.05625,MfrDB3025.png,111,64,1.734375,MfrDB3025.png
612,105,5.828571428571428,MfrDB3026.png,347,33,10.515151515151516,MfrDB3026.png
265,108,2.4537037037037037,MfrDB3027.png,178,64,2.78125,MfrDB3027.png
411,166,2.4759036144578315,MfrDB3028.png,144,44,3.272727272727273,MfrDB3028.png
354,104,3.4038461538461537,MfrDB3030.png,211,28,7.535714285714286,MfrDB3030.png
512,124,4.129032258064516,MfrDB3031.png,397,69,5.753623188405797,MfrDB3031.png
387,106,3.650943396226415,MfrDB3032.png,178,36,4.944444444444445,MfrDB3032.png
432,154,2.8051948051948052,MfrDB3033.png,350,42,8.333333333333334,MfrDB3033.png
359,109,3.293577981651376,MfrDB3034.png,264,42,6.285714285714286,MfrDB3034.png
142,87,1.632183908045977,MfrDB3035.png,178,64,2.78125,MfrDB3035.png
250,147,1.7006802721088434,MfrDB3036.png,144,44,3.272727272727273,MfrDB3036.png
382,151,2.5298013245033113,MfrDB3037.png,144,44,3.272727272727273,MfrDB3037.png
334,130,2.5692307692307694,MfrDB3038.png,167,36,4.638888888888889,MfrDB3038.png
510,121,4.214876033057851,MfrDB3039.png,442,69,6.405797101449275,MfrDB3039.png
315,111,2.8378378378378377,MfrDB3040.png,189,42,4.5,MfrDB3040.png
191,146,1.3082191780821917,MfrDB3041.png,111,64,1.734375,MfrDB3041.png
421,101,4.1683168316831685,MfrDB3042.png,264,42,6.285714285714286,MfrDB3042.png
387,134,2.888059701492537,MfrDB3044.png,336,81,4.148148148148148,MfrDB3044.png
386,86,4.488372093023256,MfrDB3045.png,294,36,8.166666666666666,MfrDB3045.png
245,106,2.311320754716981,MfrDB3046.png,211,28,7.535714285714286,MfrDB3046.png
279,85,3.2823529411764705,MfrDB3047.png,228,28,8.142857142857142,MfrDB3047.png
429,128,3.3515625,MfrDB3048.png,189,42,4.5,MfrDB3048.png
326,99,3.292929292929293,MfrDB3049.png,189,42,4.5,MfrDB3049.png
343,147,2.3333333333333335,MfrDB3051.png,197,47,4.191489361702128,MfrDB3051.png
465,161,2.888198757763975,MfrDB3052.png,442,69,6.405797101449275,MfrDB3052.png
174,111,1.5675675675675675,MfrDB3053.png,158,67,2.3582089552238807,MfrDB3053.png
215,126,1.7063492063492063,MfrDB3054.png,161,69,2.3333333333333335,MfrDB3054.png
269,104,2.5865384615384617,MfrDB3056.png,181,31,5.838709677419355,MfrDB3056.png
252,138,1.826086956521739,MfrDB3057.png,131,64,2.046875,MfrDB3057.png
173,114,1.5175438596491229,MfrDB3059.png,106,50,2.12,MfrDB3059.png
428,108,3.962962962962963,MfrDB3060.png,247,39,6.333333333333333,MfrDB3060.png
259,92,2.8152173913043477,MfrDB3061.png,181,31,5.838709677419355,MfrDB3061.png
243,124,1.9596774193548387,MfrDB3062.png,106,50,2.12,MfrDB3062.png
505,111,4.54954954954955,MfrDB3063.png,347,33,10.515151515151516,MfrDB3063.png
423,84,5.035714285714286,MfrDB3064.png,306,36,8.5,MfrDB3064.png
366,116,3.1551724137931036,MfrDB3065.png,178,36,4.944444444444445,MfrDB3065.png
326,123,2.6504065040650406,MfrDB3066.png,197,47,4.191489361702128,MfrDB3066.png
202,121,1.6694214876033058,MfrDB3067.png,106,50,2.12,MfrDB3067.png
425,146,2.910958904109589,MfrDB3068.png,211,44,4.795454545454546,MfrDB3068.png
359,115,3.121739130434783,MfrDB3069.png,189,42,4.5,MfrDB3069.png
432,108,4.0,MfrDB3070.png,189,42,4.5,MfrDB3070.png
291,115,2.5304347826086957,MfrDB3071.png,181,31,5.838709677419355,MfrDB3071.png
206,161,1.279503105590062,MfrDB3072.png,111,64,1.734375,MfrDB3072.png
396,120,3.3,MfrDB3073.png,183,39,4.6923076923076925,MfrDB3073.png
192,110,1.7454545454545454,MfrDB3074.png,106,50,2.12,MfrDB3074.png
295,142,2.0774647887323945,MfrDB3075.png,106,50,2.12,MfrDB3075.png
446,144,3.0972222222222223,MfrDB3076.png,211,44,4.795454545454546,MfrDB3076.png
222,133,1.669172932330827,MfrDB3077.png,106,50,2.12,MfrDB3077.png
277,130,2.1307692307692307,MfrDB3079.png,183,39,4.6923076923076925,MfrDB3079.png
346,136,2.5441176470588234,MfrDB3080.png,197,47,4.191489361702128,MfrDB3080.png
349,99,3.525252525252525,MfrDB3081.png,181,31,5.838709677419355,MfrDB3081.png
401,139,2.884892086330935,MfrDB3082.png,181,44,4.113636363636363,MfrDB3082.png
218,123,1.7723577235772359,MfrDB3083.png,106,50,2.12,MfrDB3083.png
250,137,1.8248175182481752,MfrDB3084.png,178,64,2.78125,MfrDB3084.png
385,165,2.3333333333333335,MfrDB3085.png,136,36,3.7777777777777777,MfrDB3085.png
197,118,1.6694915254237288,MfrDB3086.png,106,50,2.12,MfrDB3086.png
431,112,3.8482142857142856,MfrDB3091.png,181,31,5.838709677419355,MfrDB3091.png
257,111,2.315315315315315,MfrDB3093.png,144,44,3.272727272727273,MfrDB3093.png
419,126,3.3253968253968256,MfrDB3094.png,233,67,3.4776119402985075,MfrDB3094.png
299,100,2.99,MfrDB3095.png,181,31,5.838709677419355,MfrDB3095.png
372,106,3.509433962264151,MfrDB3097.png,350,31,11.290322580645162,MfrDB3097.png
346,92,3.760869565217391,MfrDB3098.png,294,36,8.166666666666666,MfrDB3098.png
247,102,2.4215686274509802,MfrDB3100.png,181,31,5.838709677419355,MfrDB3100.png
260,111,2.3423423423423424,MfrDB3101.png,178,36,4.944444444444445,MfrDB3101.png
379,118,3.211864406779661,MfrDB3103.png,336,81,4.148148148148148,MfrDB3103.png
263,116,2.2672413793103448,MfrDB3105.png,203,44,4.613636363636363,MfrDB3105.png
186,115,1.617391304347826,MfrDB3107.png,111,64,1.734375,MfrDB3107.png
311,115,2.7043478260869565,MfrDB3108.png,144,44,3.272727272727273,MfrDB3108.png
650,144,4.513888888888889,MfrDB3109.png,397,69,5.753623188405797,MfrDB3109.png
502,113,4.442477876106195,MfrDB3110.png,350,31,11.290322580645162,MfrDB3110.png
384,136,2.823529411764706,MfrDB3111.png,283,69,4.101449275362318,MfrDB3111.png
640,121,5.289256198347108,MfrDB3113.png,350,31,11.290322580645162,MfrDB3113.png
481,189,2.544973544973545,MfrDB3114.png,167,36,4.638888888888889,MfrDB3114.png
572,146,3.9178082191780823,MfrDB3115.png,311,72,4.319444444444445,MfrDB3115.png
447,117,3.8205128205128207,MfrDB3116.png,347,33,10.515151515151516,MfrDB3116.png
511,156,3.2756410256410255,MfrDB3117.png,350,42,8.333333333333334,MfrDB3117.png
288,128,2.25,MfrDB3120.png,283,69,4.101449275362318,MfrDB3120.png
183,114,1.605263157894737,MfrDB3121.png,111,64,1.734375,MfrDB3121.png
394,104,3.7884615384615383,MfrDB3122.png,247,39,6.333333333333333,MfrDB3122.png
490,112,4.375,MfrDB3124.png,417,28,14.892857142857142,MfrDB3124.png
457,118,3.8728813559322033,MfrDB3126.png,347,33,10.515151515151516,MfrDB3126.png
337,121,2.7851239669421486,MfrDB3128.png,211,28,7.535714285714286,MfrDB3128.png
295,135,2.185185185185185,MfrDB3129.png,197,47,4.191489361702128,MfrDB3129.png
355,101,3.514851485148515,MfrDB3130.png,178,36,4.944444444444445,MfrDB3130.png
331,97,3.4123711340206184,MfrDB3132.png,203,44,4.613636363636363,MfrDB3132.png
508,135,3.762962962962963,MfrDB3133.png,247,39,6.333333333333333,MfrDB3133.png
340,135,2.5185185185185186,MfrDB3134.png,211,44,4.795454545454546,MfrDB3134.png
326,128,2.546875,MfrDB3136.png,183,39,4.6923076923076925,MfrDB3136.png
508,177,2.8700564971751414,MfrDB3137.png,442,69,6.405797101449275,MfrDB3137.png
381,159,2.3962264150943398,MfrDB3138.png,144,44,3.272727272727273,MfrDB3138.png
491,125,3.928,MfrDB3139.png,247,39,6.333333333333333,MfrDB3139.png
355,137,2.591240875912409,MfrDB3140.png,350,42,8.333333333333334,MfrDB3140.png
262,111,2.3603603603603602,MfrDB3141.png,203,33,6.151515151515151,MfrDB3141.png
262,130,2.0153846153846153,MfrDB3142.png,283,69,4.101449275362318,MfrDB3142.png
452,178,2.539325842696629,MfrDB3143.png,167,36,4.638888888888889,MfrDB3143.png
444,110,4.036363636363636,MfrDB3144.png,264,42,6.285714285714286,MfrDB3144.png
235,114,2.06140350877193,MfrDB3145.png,183,39,4.6923076923076925,MfrDB3145.png
416,126,3.3015873015873014,MfrDB3146.png,183,39,4.6923076923076925,MfrDB3146.png
321,125,2.568,MfrDB3147.png,178,36,4.944444444444445,MfrDB3147.png
348,111,3.135135135135135,MfrDB3148.png,211,28,7.535714285714286,MfrDB3148.png
322,134,2.4029850746268657,MfrDB3149.png,197,47,4.191489361702128,MfrDB3149.png
484,148,3.27027027027027,MfrDB3150.png,397,69,5.753623188405797,MfrDB3150.png
215,133,1.6165413533834587,MfrDB3152.png,111,64,1.734375,MfrDB3152.png
390,128,3.046875,MfrDB3153.png,189,42,4.5,MfrDB3153.png
525,168,3.125,MfrDB3154.png,167,36,4.638888888888889,MfrDB3154.png
237,113,2.0973451327433628,MfrDB3155.png,181,31,5.838709677419355,MfrDB3155.png
329,164,2.0060975609756095,MfrDB3156.png,197,47,4.191489361702128,MfrDB3156.png
447,96,4.65625,MfrDB3157.png,350,31,11.290322580645162,MfrDB3157.png
509,137,3.7153284671532845,MfrDB3158.png,336,81,4.148148148148148,MfrDB3158.png
337,125,2.696,MfrDB3160.png,336,81,4.148148148148148,MfrDB3160.png
483,148,3.2635135135135136,MfrDB3161.png,397,69,5.753623188405797,MfrDB3161.png
664,138,4.811594202898551,MfrDB3163.png,322,33,9.757575757575758,MfrDB3163.png
401,99,4.05050505050505,MfrDB3165.png,294,36,8.166666666666666,MfrDB3165.png
298,122,2.442622950819672,MfrDB3166.png,342,42,8.142857142857142,MfrDB3166.png
391,134,2.917910447761194,MfrDB3167.png,167,36,4.638888888888889,MfrDB3167.png
190,87,2.1839080459770117,MfrDB3169.png,203,33,6.151515151515151,MfrDB3169.png
372,117,3.1794871794871793,MfrDB3170.png,350,42,8.333333333333334,MfrDB3170.png
467,139,3.3597122302158273,MfrDB3171.png,350,42,8.333333333333334,MfrDB3171.png
468,138,3.391304347826087,MfrDB3172.png,336,81,4.148148148148148,MfrDB3172.png
446,112,3.982142857142857,MfrDB3173.png,347,33,10.515151515151516,MfrDB3173.png
254,133,1.9097744360902256,MfrDB3174.png,178,64,2.78125,MfrDB3174.png
299,124,2.411290322580645,MfrDB3175.png,183,39,4.6923076923076925,MfrDB3175.png
530,106,5.0,MfrDB3177.png,350,31,11.290322580645162,MfrDB3177.png
416,117,3.5555555555555554,MfrDB3178.png,347,33,10.515151515151516,MfrDB3178.png
253,114,2.219298245614035,MfrDB3179.png,178,36,4.944444444444445,MfrDB3179.png
652,109,5.981651376146789,MfrDB3180.png,347,33,10.515151515151516,MfrDB3180.png
323,109,2.963302752293578,MfrDB3181.png,294,36,8.166666666666666,MfrDB3181.png
497,120,4.141666666666667,MfrDB3183.png,350,31,11.290322580645162,MfrDB3183.png
262,114,2.2982456140350878,MfrDB3184.png,144,44,3.272727272727273,MfrDB3184.png
410,128,3.203125,MfrDB3185.png,178,36,4.944444444444445,MfrDB3185.png
324,130,2.4923076923076923,MfrDB3186.png,178,36,4.944444444444445,MfrDB3186.png
420,137,3.065693430656934,MfrDB3187.png,203,44,4.613636363636363,MfrDB3187.png
351,133,2.6390977443609023,MfrDB3188.png,183,39,4.6923076923076925,MfrDB3188.png
347,110,3.1545454545454548,MfrDB3189.png,211,28,7.535714285714286,MfrDB3189.png
453,164,2.7621951219512195,MfrDB3191.png,144,44,3.272727272727273,MfrDB3191.png
538,152,3.539473684210526,MfrDB3192.png,397,69,5.753623188405797,MfrDB3192.png
355,105,3.380952380952381,MfrDB3194.png,264,42,6.285714285714286,MfrDB3194.png
405,136,2.9779411764705883,MfrDB3195.png,144,44,3.272727272727273,MfrDB3195.png
378,147,2.5714285714285716,MfrDB3197.png,203,44,4.613636363636363,MfrDB3197.png
553,177,3.1242937853107344,MfrDB3198.png,211,44,4.795454545454546,MfrDB3198.png
187,124,1.5080645161290323,MfrDB3199.png,106,50,2.12,MfrDB3199.png
515,111,4.63963963963964,MfrDB3200.png,264,42,6.285714285714286,MfrDB3200.png
270,95,2.8421052631578947,MfrDB3201.png,189,42,4.5,MfrDB3201.png
405,119,3.403361344537815,MfrDB3202.png,247,39,6.333333333333333,MfrDB3202.png
299,139,2.1510791366906474,MfrDB3203.png,211,44,4.795454545454546,MfrDB3203.png
549,181,3.0331491712707184,MfrDB3204.png,336,81,4.148148148148148,MfrDB3204.png
270,94,2.872340425531915,MfrDB3205.png,169,31,5.451612903225806,MfrDB3205.png
447,121,3.6942148760330578,MfrDB3206.png,264,42,6.285714285714286,MfrDB3206.png
500,129,3.875968992248062,MfrDB3207.png,189,42,4.5,MfrDB3207.png
178,123,1.4471544715447155,MfrDB3209.png,92,50,1.84,MfrDB3209.png
224,156,1.435897435897436,MfrDB3211.png,111,64,1.734375,MfrDB3211.png
245,113,2.168141592920354,MfrDB3212.png,283,69,4.101449275362318,MfrDB3212.png
298,123,2.4227642276422765,MfrDB3213.png,189,42,4.5,MfrDB3213.png
185,91,2.032967032967033,MfrDB3216.png,169,31,5.451612903225806,MfrDB3216.png
396,224,1.7678571428571428,MfrDB3217.png,169,67,2.5223880597014925,MfrDB3217.png
189,112,1.6875,MfrDB3218.png,92,25,3.68,MfrDB3218.png
396,103,3.8446601941747574,MfrDB3219.png,294,36,8.166666666666666,MfrDB3219.png
749,213,3.516431924882629,MfrDB3220.png,136,36,3.7777777777777777,MfrDB3220.png
378,153,2.4705882352941178,MfrDB3221.png,136,64,2.125,MfrDB3221.png
407,165,2.466666666666667,MfrDB3224.png,289,69,4.188405797101449,MfrDB3224.png
317,150,2.1133333333333333,MfrDB3227.png,442,69,6.405797101449275,MfrDB3227.png
451,134,3.3656716417910446,MfrDB3230.png,247,39,6.333333333333333,MfrDB3230.png
333,111,3.0,MfrDB3231.png,350,31,11.290322580645162,MfrDB3231.png
220,124,1.7741935483870968,MfrDB3232.png,178,64,2.78125,MfrDB3232.png
500,118,4.237288135593221,MfrDB3235.png,247,39,6.333333333333333,MfrDB3235.png
277,116,2.3879310344827585,MfrDB3236.png,203,33,6.151515151515151,MfrDB3236.png
269,131,2.053435114503817,MfrDB3237.png,178,64,2.78125,MfrDB3237.png
266,238,1.1176470588235294,MfrDB3238.png,94,50,1.88,MfrDB3238.png
425,168,2.5297619047619047,MfrDB3239.png,442,69,6.405797101449275,MfrDB3239.png
404,114,3.543859649122807,MfrDB3240.png,247,39,6.333333333333333,MfrDB3240.png
194,82,2.3658536585365852,MfrDB3241.png,211,28,7.535714285714286,MfrDB3241.png
286,95,3.0105263157894737,MfrDB3242.png,133,28,4.75,MfrDB3242.png
283,117,2.4188034188034186,MfrDB3243.png,183,39,4.6923076923076925,MfrDB3243.png
254,106,2.3962264150943398,MfrDB3245.png,181,31,5.838709677419355,MfrDB3245.png
472,156,3.0256410256410255,MfrDB3246.png,247,39,6.333333333333333,MfrDB3246.png
280,119,2.3529411764705883,MfrDB3247.png,183,39,4.6923076923076925,MfrDB3247.png
286,95,3.0105263157894737,MfrDB3248.png,294,36,8.166666666666666,MfrDB3248.png
395,97,4.072164948453608,MfrDB3249.png,242,28,8.642857142857142,MfrDB3249.png
249,119,2.092436974789916,MfrDB3250.png,192,28,6.857142857142857,MfrDB3250.png
545,128,4.2578125,MfrDB3251.png,336,81,4.148148148148148,MfrDB3251.png
168,110,1.5272727272727273,MfrDB3253.png,106,50,2.12,MfrDB3253.png
176,99,1.7777777777777777,MfrDB3254.png,181,31,5.838709677419355,MfrDB3254.png
130,117,1.1111111111111112,MfrDB3255.png,106,50,2.12,MfrDB3255.png
298,93,3.204301075268817,MfrDB3256.png,181,31,5.838709677419355,MfrDB3256.png
205,116,1.7672413793103448,MfrDB3257.png,106,50,2.12,MfrDB3257.png
249,94,2.648936170212766,MfrDB3258.png,269,33,8.151515151515152,MfrDB3258.png
320,130,2.4615384615384617,MfrDB3261.png,144,44,3.272727272727273,MfrDB3261.png
247,120,2.058333333333333,MfrDB3263.png,178,36,4.944444444444445,MfrDB3263.png
266,94,2.8297872340425534,MfrDB3264.png,189,42,4.5,MfrDB3264.png
146,81,1.8024691358024691,MfrDB3265.png,117,33,3.5454545454545454,MfrDB3265.png
408,84,4.857142857142857,MfrDB3266.png,350,31,11.290322580645162,MfrDB3266.png
540,120,4.5,MfrDB3271.png,247,39,6.333333333333333,MfrDB3271.png
331,135,2.4518518518518517,MfrDB3272.png,350,42,8.333333333333334,MfrDB3272.png
375,120,3.125,MfrDB3273.png,183,39,4.6923076923076925,MfrDB3273.png
276,127,2.173228346456693,MfrDB3274.png,183,39,4.6923076923076925,MfrDB3274.png
460,101,4.554455445544554,MfrDB3275.png,350,31,11.290322580645162,MfrDB3275.png
494,136,3.6323529411764706,MfrDB3276.png,336,81,4.148148148148148,MfrDB3276.png
452,118,3.830508474576271,MfrDB3277.png,347,33,10.515151515151516,MfrDB3277.png
548,132,4.151515151515151,MfrDB3278.png,350,42,8.333333333333334,MfrDB3278.png
251,109,2.302752293577982,MfrDB3279.png,181,44,4.113636363636363,MfrDB3279.png
552,102,5.411764705882353,MfrDB3280.png,347,33,10.515151515151516,MfrDB3280.png
411,134,3.0671641791044775,MfrDB3281.png,178,36,4.944444444444445,MfrDB3281.png
372,149,2.4966442953020134,MfrDB3282.png,144,44,3.272727272727273,MfrDB3282.png
431,115,3.747826086956522,MfrDB3283.png,264,42,6.285714285714286,MfrDB3283.png
298,117,2.547008547008547,MfrDB3284.png,336,81,4.148148148148148,MfrDB3284.png
363,97,3.7422680412371134,MfrDB3285.png,189,42,4.5,MfrDB3285.png
105,61,1.721311475409836,MfrDB3292.png,64,19,3.3684210526315788,MfrDB3292.png
356,167,2.1317365269461077,MfrDB3295.png,286,69,4.144927536231884,MfrDB3295.png
203,148,1.3716216216216217,MfrDB3296.png,161,69,2.3333333333333335,MfrDB3296.png
190,135,1.4074074074074074,MfrDB3297.png,158,67,2.3582089552238807,MfrDB3297.png
250,111,2.2522522522522523,MfrDB3298.png,156,31,5.032258064516129,MfrDB3298.png
371,124,2.9919354838709675,MfrDB3300.png,356,42,8.476190476190476,MfrDB3300.png
431,99,4.353535353535354,MfrDB3301.png,347,33,10.515151515151516,MfrDB3301.png
294,105,2.8,MfrDB3302.png,178,36,4.944444444444445,MfrDB3302.png
256,131,1.9541984732824427,MfrDB3303.png,144,44,3.272727272727273,MfrDB3303.png
430,109,3.944954128440367,MfrDB3304.png,264,42,6.285714285714286,MfrDB3304.png
282,102,2.764705882352941,MfrDB3305.png,189,42,4.5,MfrDB3305.png
306,101,3.0297029702970297,MfrDB3306.png,203,44,4.613636363636363,MfrDB3306.png
242,108,2.240740740740741,MfrDB3309.png,178,64,2.78125,MfrDB3309.png
385,136,2.8308823529411766,MfrDB3310.png,167,36,4.638888888888889,MfrDB3310.png
204,119,1.7142857142857142,MfrDB3311.png,111,64,1.734375,MfrDB3311.png
276,101,2.732673267326733,MfrDB3312.png,211,28,7.535714285714286,MfrDB3312.png
96,69,1.391304347826087,MfrDB3313.png,50,28,1.7857142857142858,MfrDB3313.png
193,78,2.4743589743589745,MfrDB3314.png,86,22,3.909090909090909,MfrDB3314.png
116,138,0.8405797101449275,MfrDB3315.png,42,42,1.0,MfrDB3315.png
278,62,4.483870967741935,MfrDB3316.png,208,22,9.454545454545455,MfrDB3316.png
268,105,2.552380952380952,MfrDB3321.png,169,31,5.451612903225806,MfrDB3321.png
345,83,4.156626506024097,MfrDB3322.png,294,28,10.5,MfrDB3322.png
292,93,3.139784946236559,MfrDB3323.png,183,25,7.32,MfrDB3323.png
279,83,3.36144578313253,MfrDB3324.png,228,28,8.142857142857142,MfrDB3324.png
324,137,2.3649635036496353,MfrDB3325.png,169,31,5.451612903225806,MfrDB3325.png
262,163,1.607361963190184,MfrDB3326.png,136,64,2.125,MfrDB3326.png
163,122,1.3360655737704918,MfrDB3327.png,92,50,1.84,MfrDB3327.png
266,188,1.4148936170212767,MfrDB3335.png,106,25,4.24,MfrDB3335.png
166,87,1.9080459770114941,MfrDB3338.png,97,25,3.88,MfrDB3338.png
214,107,2.0,MfrDB3340.png,156,31,5.032258064516129,MfrDB3340.png
204,89,2.292134831460674,MfrDB3341.png,158,28,5.642857142857143,MfrDB3341.png
355,228,1.5570175438596492,MfrDB3343.png,94,50,1.88,MfrDB3343.png
240,92,2.608695652173913,MfrDB3344.png,194,31,6.258064516129032,MfrDB3344.png
306,114,2.6842105263157894,MfrDB3347.png,200,36,5.555555555555555,MfrDB3347.png
295,105,2.8095238095238093,MfrDB3348.png,292,44,6.636363636363637,MfrDB3348.png
439,130,3.376923076923077,MfrDB3349.png,233,42,5.5476190476190474,MfrDB3349.png
322,103,3.1262135922330097,MfrDB3351.png,197,39,5.051282051282051,MfrDB3351.png
311,176,1.7670454545454546,MfrDB3356.png,153,67,2.283582089552239,MfrDB3356.png
519,98,5.295918367346939,MfrDB3359.png,411,36,11.416666666666666,MfrDB3359.png
412,98,4.204081632653061,MfrDB3361.png,125,22,5.681818181818182,MfrDB3361.png
225,123,1.829268292682927,MfrDB3362.png,94,36,2.611111111111111,MfrDB3362.png
139,76,1.8289473684210527,MfrDB3365.png,117,33,3.5454545454545454,MfrDB3365.png
356,101,3.5247524752475248,MfrDB3366.png,178,25,7.12,MfrDB3366.png
355,118,3.0084745762711864,MfrDB3368.png,200,42,4.761904761904762,MfrDB3368.png
442,82,5.390243902439025,MfrDB3369.png,247,33,7.484848484848484,MfrDB3369.png
402,101,3.98019801980198,MfrDB3370.png,417,28,14.892857142857142,MfrDB3370.png
279,116,2.4051724137931036,MfrDB3372.png,144,39,3.6923076923076925,MfrDB3372.png
183,129,1.4186046511627908,MfrDB3373.png,94,47,2.0,MfrDB3373.png
290,108,2.685185185185185,MfrDB3374.png,219,31,7.064516129032258,MfrDB3374.png
432,99,4.363636363636363,MfrDB3375.png,236,33,7.151515151515151,MfrDB3375.png
493,103,4.786407766990291,MfrDB3376.png,350,31,11.290322580645162,MfrDB3376.png
151,114,1.3245614035087718,MfrDB3377.png,106,50,2.12,MfrDB3377.png
372,127,2.9291338582677167,MfrDB3378.png,242,64,3.78125,MfrDB3378.png
478,131,3.648854961832061,MfrDB3379.png,189,33,5.7272727272727275,MfrDB3379.png
297,143,2.076923076923077,MfrDB3381.png,197,47,4.191489361702128,MfrDB3381.png
386,128,3.015625,MfrDB3382.png,294,36,8.166666666666666,MfrDB3382.png
268,104,2.576923076923077,MfrDB3383.png,203,33,6.151515151515151,MfrDB3383.png
396,103,3.8446601941747574,MfrDB3384.png,247,39,6.333333333333333,MfrDB3384.png
395,129,3.062015503875969,MfrDB3385.png,442,69,6.405797101449275,MfrDB3385.png
285,113,2.52212389380531,MfrDB3386.png,183,39,4.6923076923076925,MfrDB3386.png
282,110,2.5636363636363635,MfrDB3387.png,181,31,5.838709677419355,MfrDB3387.png
365,105,3.4761904761904763,MfrDB3388.png,178,36,4.944444444444445,MfrDB3388.png
435,115,3.782608695652174,MfrDB3389.png,264,42,6.285714285714286,MfrDB3389.png
329,115,2.860869565217391,MfrDB3390.png,203,44,4.613636363636363,MfrDB3390.png
245,115,2.130434782608696,MfrDB3391.png,189,42,4.5,MfrDB3391.png
570,106,5.377358490566038,MfrDB3392.png,347,33,10.515151515151516,MfrDB3392.png
386,138,2.7971014492753623,MfrDB3393.png,356,42,8.476190476190476,MfrDB3393.png
206,133,1.5488721804511278,MfrDB3394.png,111,64,1.734375,MfrDB3394.png
239,87,2.7471264367816093,MfrDB3395.png,211,28,7.535714285714286,MfrDB3395.png
272,76,3.5789473684210527,MfrDB3396.png,139,19,7.315789473684211,MfrDB3396.png
158,65,2.4307692307692306,MfrDB3397.png,125,25,5.0,MfrDB3397.png
177,178,0.9943820224719101,MfrDB3398.png,42,42,1.0,MfrDB3398.png
309,156,1.9807692307692308,MfrDB3399.png,144,44,3.272727272727273,MfrDB3399.png
220,80,2.75,MfrDB3401.png,86,22,3.909090909090909,MfrDB3401.png
179,108,1.6574074074074074,MfrDB3403.png,111,31,3.5806451612903225,MfrDB3403.png
316,177,1.7853107344632768,MfrDB3404.png,106,42,2.5238095238095237,MfrDB3404.png
257,103,2.495145631067961,MfrDB3405.png,89,25,3.56,MfrDB3405.png
241,77,3.1298701298701297,MfrDB3408.png,208,22,9.454545454545455,MfrDB3408.png
121,84,1.4404761904761905,MfrDB3409.png,114,31,3.6774193548387095,MfrDB3409.png
294,87,3.3793103448275863,MfrDB3410.png,169,31,5.451612903225806,MfrDB3410.png
198,120,1.65,MfrDB3411.png,133,39,3.41025641025641,MfrDB3411.png
760,172,4.4186046511627906,MfrDB3412.png,336,81,4.148148148148148,MfrDB3412.png
345,117,2.948717948717949,MfrDB3413.png,169,28,6.035714285714286,MfrDB3413.png
242,80,3.025,MfrDB3414.png,206,31,6.645161290322581,MfrDB3414.png
465,158,2.9430379746835444,MfrDB3415.png,136,36,3.7777777777777777,MfrDB3415.png
356,128,2.78125,MfrDB3416.png,169,31,5.451612903225806,MfrDB3416.png
170,114,1.4912280701754386,MfrDB3417.png,92,50,1.84,MfrDB3417.png
223,163,1.3680981595092025,MfrDB3418.png,136,64,2.125,MfrDB3418.png
507,114,4.447368421052632,MfrDB3424.png,206,64,3.21875,MfrDB3424.png
224,136,1.6470588235294117,MfrDB3425.png,92,69,1.3333333333333333,MfrDB3425.png
350,217,1.6129032258064515,MfrDB3428.png,178,69,2.579710144927536,MfrDB3428.png
312,181,1.723756906077348,MfrDB3429.png,206,69,2.9855072463768115,MfrDB3429.png
429,88,4.875,MfrDB3431.png,228,28,8.142857142857142,MfrDB3431.png
381,136,2.801470588235294,MfrDB3432.png,186,33,5.636363636363637,MfrDB3432.png
372,127,2.9291338582677167,MfrDB3433.png,233,67,3.4776119402985075,MfrDB3433.png
210,124,1.6935483870967742,MfrDB3434.png,158,67,2.3582089552238807,MfrDB3434.png
283,95,2.9789473684210526,MfrDB3437.png,156,31,5.032258064516129,MfrDB3437.png
272,132,2.0606060606060606,MfrDB3439.png,150,47,3.1914893617021276,MfrDB3439.png
536,173,3.098265895953757,MfrDB3440.png,286,69,4.144927536231884,MfrDB3440.png
369,109,3.385321100917431,MfrDB3441.png,311,72,4.319444444444445,MfrDB3441.png
279,124,2.25,MfrDB3442.png,150,39,3.8461538461538463,MfrDB3442.png
503,166,3.0301204819277108,MfrDB3443.png,183,44,4.159090909090909,MfrDB3443.png
367,127,2.8897637795275593,MfrDB3444.png,172,33,5.212121212121212,MfrDB3444.png
429,117,3.6666666666666665,MfrDB3445.png,292,44,6.636363636363637,MfrDB3445.png
666,175,3.8057142857142856,MfrDB3447.png,189,50,3.78,MfrDB3447.png
271,81,3.345679012345679,MfrDB3448.png,194,31,6.258064516129032,MfrDB3448.png
426,94,4.531914893617022,MfrDB3451.png,242,28,8.642857142857142,MfrDB3451.png
418,126,3.3174603174603177,MfrDB3452.png,200,36,5.555555555555555,MfrDB3452.png
426,160,2.6625,MfrDB3453.png,167,39,4.282051282051282,MfrDB3453.png
774,123,6.2926829268292686,MfrDB3454.png,322,33,9.757575757575758,MfrDB3454.png
424,125,3.392,MfrDB3455.png,286,83,3.4457831325301207,MfrDB3455.png
238,127,1.874015748031496,MfrDB3458.png,94,47,2.0,MfrDB3458.png
260,72,3.611111111111111,MfrDB3459.png,125,22,5.681818181818182,MfrDB3459.png
220,67,3.283582089552239,MfrDB3460.png,178,25,7.12,MfrDB3460.png
180,86,2.0930232558139537,MfrDB3461.png,117,33,3.5454545454545454,MfrDB3461.png
277,105,2.638095238095238,MfrDB3462.png,144,39,3.6923076923076925,MfrDB3462.png
198,86,2.302325581395349,MfrDB3463.png,189,33,5.7272727272727275,MfrDB3463.png
235,92,2.5543478260869565,MfrDB3464.png,347,28,12.392857142857142,MfrDB3464.png
392,87,4.505747126436781,MfrDB3465.png,219,31,7.064516129032258,MfrDB3465.png
296,102,2.9019607843137254,MfrDB3466.png,236,33,7.151515151515151,MfrDB3466.png
262,120,2.183333333333333,MfrDB3468.png,294,36,8.166666666666666,MfrDB3468.png
280,95,2.9473684210526314,MfrDB3471.png,189,33,5.7272727272727275,MfrDB3471.png
359,136,2.639705882352941,MfrDB3472.png,197,47,4.191489361702128,MfrDB3472.png
434,152,2.8552631578947367,MfrDB3473.png,211,44,4.795454545454546,MfrDB3473.png
295,113,2.6106194690265485,MfrDB3474.png,203,33,6.151515151515151,MfrDB3474.png
386,116,3.3275862068965516,MfrDB3475.png,264,42,6.285714285714286,MfrDB3475.png
354,133,2.661654135338346,MfrDB3476.png,283,69,4.101449275362318,MfrDB3476.png
272,126,2.1587301587301586,MfrDB3479.png,172,44,3.909090909090909,MfrDB3479.png
365,115,3.1739130434782608,MfrDB3482.png,178,64,2.78125,MfrDB3482.png
340,154,2.207792207792208,MfrDB3483.png,144,44,3.272727272727273,MfrDB3483.png
191,146,1.3082191780821917,MfrDB3484.png,42,42,1.0,MfrDB3484.png
116,82,1.4146341463414633,MfrDB3485.png,125,25,5.0,MfrDB3485.png
139,74,1.8783783783783783,MfrDB3488.png,114,31,3.6774193548387095,MfrDB3488.png
422,165,2.5575757575757576,MfrDB3489.png,139,19,7.315789473684211,MfrDB3489.png
408,160,2.55,MfrDB3490.png,106,42,2.5238095238095237,MfrDB3490.png
103,81,1.271604938271605,MfrDB3491.png,111,31,3.5806451612903225,MfrDB3491.png
698,379,1.841688654353562,MfrDB3493.png,167,36,4.638888888888889,MfrDB3493.png
149,89,1.6741573033707866,MfrDB3494.png,111,64,1.734375,MfrDB3494.png
235,84,2.7976190476190474,MfrDB3497.png,206,31,6.645161290322581,MfrDB3497.png
328,140,2.342857142857143,MfrDB3498.png,136,39,3.4871794871794872,MfrDB3498.png
300,82,3.658536585365854,MfrDB3499.png,144,19,7.578947368421052,MfrDB3499.png
263,72,3.6527777777777777,MfrDB3500.png,211,28,7.535714285714286,MfrDB3500.png
238,143,1.6643356643356644,MfrDB3502.png,67,39,1.7179487179487178,MfrDB3502.png
377,71,5.309859154929577,MfrDB3503.png,208,22,9.454545454545455,MfrDB3503.png
260,71,3.6619718309859155,MfrDB3504.png,150,22,6.818181818181818,MfrDB3504.png
131,108,1.212962962962963,MfrDB3505.png,56,36,1.5555555555555556,MfrDB3505.png
278,106,2.6226415094339623,MfrDB3506.png,208,25,8.32,MfrDB3506.png
427,88,4.8522727272727275,MfrDB3507.png,183,25,7.32,MfrDB3507.png
270,105,2.5714285714285716,MfrDB3508.png,169,28,6.035714285714286,MfrDB3508.png
261,94,2.776595744680851,MfrDB3509.png,169,31,5.451612903225806,MfrDB3509.png
277,108,2.564814814814815,MfrDB3510.png,189,42,4.5,MfrDB3510.png
362,88,4.113636363636363,MfrDB3517.png,294,28,10.5,MfrDB3517.png
413,135,3.0592592592592593,MfrDB3519.png,356,42,8.476190476190476,MfrDB3519.png
335,74,4.527027027027027,MfrDB3521.png,228,28,8.142857142857142,MfrDB3521.png
273,147,1.8571428571428572,MfrDB3522.png,92,69,1.3333333333333333,MfrDB3522.png
335,125,2.68,MfrDB3523.png,233,67,3.4776119402985075,MfrDB3523.png
377,117,3.2222222222222223,MfrDB3524.png,289,69,4.188405797101449,MfrDB3524.png
275,161,1.7080745341614907,MfrDB3527.png,206,69,2.9855072463768115,MfrDB3527.png
301,99,3.04040404040404,MfrDB3528.png,172,33,5.212121212121212,MfrDB3528.png
548,150,3.6533333333333333,MfrDB3529.png,286,69,4.144927536231884,MfrDB3529.png
236,154,1.5324675324675325,MfrDB3531.png,161,69,2.3333333333333335,MfrDB3531.png
397,109,3.6422018348623855,MfrDB3532.png,242,64,3.78125,MfrDB3532.png
237,94,2.521276595744681,MfrDB3533.png,158,28,5.642857142857143,MfrDB3533.png
250,114,2.192982456140351,MfrDB3534.png,186,33,5.636363636363637,MfrDB3534.png
317,100,3.17,MfrDB3536.png,200,36,5.555555555555555,MfrDB3536.png
355,109,3.256880733944954,MfrDB3537.png,158,67,2.3582089552238807,MfrDB3537.png
432,120,3.6,MfrDB3538.png,292,44,6.636363636363637,MfrDB3538.png
873,138,6.326086956521739,MfrDB3539.png,267,33,8.090909090909092,MfrDB3539.png
280,96,2.9166666666666665,MfrDB3541.png,194,31,6.258064516129032,MfrDB3541.png
684,148,4.621621621621622,MfrDB3542.png,228,39,5.846153846153846,MfrDB3542.png
237,97,2.443298969072165,MfrDB3545.png,181,31,5.838709677419355,MfrDB3545.png
429,138,3.108695652173913,MfrDB3546.png,153,67,2.283582089552239,MfrDB3546.png
419,94,4.457446808510638,MfrDB3547.png,247,33,7.484848484848484,MfrDB3547.png
392,86,4.558139534883721,MfrDB3551.png,292,28,10.428571428571429,MfrDB3551.png
349,79,4.417721518987341,MfrDB3556.png,125,22,5.681818181818182,MfrDB3556.png
218,98,2.2244897959183674,MfrDB3557.png,94,36,2.611111111111111,MfrDB3557.png
393,87,4.517241379310345,MfrDB3558.png,178,25,7.12,MfrDB3558.png
205,82,2.5,MfrDB3560.png,117,33,3.5454545454545454,MfrDB3560.png
284,79,3.5949367088607596,MfrDB3561.png,219,31,7.064516129032258,MfrDB3561.png
211,83,2.5421686746987953,MfrDB3563.png,144,39,3.6923076923076925,MfrDB3563.png
234,130,1.8,MfrDB3565.png,169,31,5.451612903225806,MfrDB3565.png
386,96,4.020833333333333,MfrDB3566.png,189,33,5.7272727272727275,MfrDB3566.png
184,121,1.5206611570247934,MfrDB3567.png,106,50,2.12,MfrDB3567.png
441,118,3.73728813559322,MfrDB3568.png,236,33,7.151515151515151,MfrDB3568.png
598,125,4.784,MfrDB3572.png,286,83,3.4457831325301207,MfrDB3572.png
303,121,2.5041322314049586,MfrDB3802.png,194,31,6.258064516129032,MfrDB3802.png
436,132,3.303030303030303,MfrDB3805.png,228,39,5.846153846153846,MfrDB3805.png
679,130,5.223076923076923,MfrDB3808.png,411,36,11.416666666666666,MfrDB3808.png
474,124,3.8225806451612905,MfrDB3810.png,322,33,9.757575757575758,MfrDB3810.png
426,87,4.896551724137931,MfrDB3819.png,347,28,12.392857142857142,MfrDB3819.png
407,110,3.7,MfrDB3820.png,269,33,8.151515151515152,MfrDB3820.png
451,82,5.5,MfrDB3821.png,292,28,10.428571428571429,MfrDB3821.png
270,156,1.7307692307692308,MfrDB3822.png,94,47,2.0,MfrDB3822.png
231,63,3.6666666666666665,MfrDB3823.png,125,22,5.681818181818182,MfrDB3823.png
252,83,3.036144578313253,MfrDB3828.png,219,31,7.064516129032258,MfrDB3828.png
305,110,2.772727272727273,MfrDB3830.png,189,33,5.7272727272727275,MfrDB3830.png
292,97,3.0103092783505154,MfrDB3831.png,189,33,5.7272727272727275,MfrDB3831.png
206,137,1.5036496350364963,MfrDB3833.png,106,50,2.12,MfrDB3833.png
471,102,4.617647058823529,MfrDB3837.png,350,31,11.290322580645162,MfrDB3837.png
519,146,3.5547945205479454,MfrDB3845.png,442,69,6.405797101449275,MfrDB3845.png
364,107,3.4018691588785046,MfrDB3846.png,203,36,5.638888888888889,MfrDB3846.png
489,145,3.372413793103448,MfrDB3847.png,247,39,6.333333333333333,MfrDB3847.png
291,128,2.2734375,MfrDB3852.png,178,36,4.944444444444445,MfrDB3852.png
273,74,3.689189189189189,MfrDB3867.png,131,19,6.894736842105263,MfrDB3867.png
182,79,2.3037974683544302,MfrDB3868.png,125,25,5.0,MfrDB3868.png
395,201,1.9651741293532339,MfrDB3870.png,106,42,2.5238095238095237,MfrDB3870.png
509,197,2.583756345177665,MfrDB3873.png,136,36,3.7777777777777777,MfrDB3873.png
147,66,2.227272727272727,MfrDB3901.png,111,31,3.5806451612903225,MfrDB3901.png
112,70,1.6,MfrDB3902.png,114,31,3.6774193548387095,MfrDB3902.png
296,127,2.3307086614173227,MfrDB3903.png,136,36,3.7777777777777777,MfrDB3903.png
289,123,2.3495934959349594,MfrDB3904.png,136,39,3.4871794871794872,MfrDB3904.png
209,114,1.8333333333333333,MfrDB3905.png,133,39,3.41025641025641,MfrDB3905.png
251,83,3.0240963855421685,MfrDB3906.png,206,31,6.645161290322581,MfrDB3906.png
126,130,0.9692307692307692,MfrDB3907.png,67,39,1.7179487179487178,MfrDB3907.png
239,89,2.6853932584269664,TrainData1_0_sub_1.png,117,28,4.178571428571429,TrainData1_0_sub_1.png
448,119,3.764705882352941,TrainData1_0_sub_15.png,225,28,8.035714285714286,TrainData1_0_sub_15.png
421,158,2.6645569620253164,TrainData1_0_sub_19.png,192,39,4.923076923076923,TrainData1_0_sub_19.png
392,122,3.2131147540983607,TrainData1_0_sub_21.png,294,67,4.388059701492537,TrainData1_0_sub_21.png
436,107,4.074766355140187,TrainData1_0_sub_28.png,303,31,9.774193548387096,TrainData1_0_sub_28.png
305,90,3.388888888888889,TrainData1_0_sub_3.png,139,31,4.483870967741935,TrainData1_0_sub_3.png
459,117,3.923076923076923,TrainData1_0_sub_5.png,133,28,4.75,TrainData1_0_sub_5.png
506,178,2.842696629213483,TrainData1_0_sub_7.png,144,36,4.0,TrainData1_0_sub_7.png
440,85,5.176470588235294,TrainData1_0_sub_9.png,217,28,7.75,TrainData1_0_sub_9.png
175,94,1.8617021276595744,TrainData1_1_sub_1.png,117,28,4.178571428571429,TrainData1_1_sub_1.png
353,86,4.104651162790698,TrainData1_1_sub_15.png,225,28,8.035714285714286,TrainData1_1_sub_15.png
422,160,2.6375,TrainData1_1_sub_19.png,192,39,4.923076923076923,TrainData1_1_sub_19.png
356,135,2.637037037037037,TrainData1_1_sub_21.png,294,67,4.388059701492537,TrainData1_1_sub_21.png
387,104,3.7211538461538463,TrainData1_1_sub_28.png,303,31,9.774193548387096,TrainData1_1_sub_28.png
223,90,2.477777777777778,TrainData1_1_sub_3.png,139,31,4.483870967741935,TrainData1_1_sub_3.png
381,115,3.3130434782608695,TrainData1_1_sub_5.png,133,28,4.75,TrainData1_1_sub_5.png
400,138,2.898550724637681,TrainData1_1_sub_7.png,144,36,4.0,TrainData1_1_sub_7.png
567,89,6.370786516853933,TrainData1_1_sub_9.png,217,28,7.75,TrainData1_1_sub_9.png
155,80,1.9375,TrainData1_2_sub_1.png,117,28,4.178571428571429,TrainData1_2_sub_1.png
349,100,3.49,TrainData1_2_sub_15.png,225,28,8.035714285714286,TrainData1_2_sub_15.png
388,145,2.6758620689655173,TrainData1_2_sub_19.png,192,39,4.923076923076923,TrainData1_2_sub_19.png
348,136,2.5588235294117645,TrainData1_2_sub_21.png,294,67,4.388059701492537,TrainData1_2_sub_21.png
388,111,3.4954954954954953,TrainData1_2_sub_28.png,303,31,9.774193548387096,TrainData1_2_sub_28.png
335,98,3.4183673469387754,TrainData1_2_sub_3.png,139,31,4.483870967741935,TrainData1_2_sub_3.png
379,112,3.3839285714285716,TrainData1_2_sub_5.png,133,28,4.75,TrainData1_2_sub_5.png
444,166,2.674698795180723,TrainData1_2_sub_7.png,144,36,4.0,TrainData1_2_sub_7.png
447,93,4.806451612903226,TrainData1_2_sub_9.png,217,28,7.75,TrainData1_2_sub_9.png
178,78,2.282051282051282,TrainData1_3_sub_1.png,117,28,4.178571428571429,TrainData1_3_sub_1.png
373,81,4.604938271604938,TrainData1_3_sub_15.png,225,28,8.035714285714286,TrainData1_3_sub_15.png
439,148,2.9662162162162162,TrainData1_3_sub_19.png,192,39,4.923076923076923,TrainData1_3_sub_19.png
354,123,2.8780487804878048,TrainData1_3_sub_21.png,294,67,4.388059701492537,TrainData1_3_sub_21.png
410,100,4.1,TrainData1_3_sub_28.png,303,31,9.774193548387096,TrainData1_3_sub_28.png
224,84,2.6666666666666665,TrainData1_3_sub_3.png,139,31,4.483870967741935,TrainData1_3_sub_3.png
272,91,2.989010989010989,TrainData1_3_sub_5.png,133,28,4.75,TrainData1_3_sub_5.png
398,155,2.567741935483871,TrainData1_3_sub_7.png,144,36,4.0,TrainData1_3_sub_7.png
345,83,4.156626506024097,TrainData1_3_sub_9.png,217,28,7.75,TrainData1_3_sub_9.png
158,96,1.6458333333333333,TrainData1_4_sub_1.png,117,28,4.178571428571429,TrainData1_4_sub_1.png
319,104,3.0673076923076925,TrainData1_4_sub_15.png,225,28,8.035714285714286,TrainData1_4_sub_15.png
484,154,3.142857142857143,TrainData1_4_sub_19.png,192,39,4.923076923076923,TrainData1_4_sub_19.png
313,123,2.5447154471544717,TrainData1_4_sub_21.png,294,67,4.388059701492537,TrainData1_4_sub_21.png
425,111,3.828828828828829,TrainData1_4_sub_28.png,303,31,9.774193548387096,TrainData1_4_sub_28.png
193,92,2.097826086956522,TrainData1_4_sub_3.png,139,31,4.483870967741935,TrainData1_4_sub_3.png
265,119,2.226890756302521,TrainData1_4_sub_5.png,133,28,4.75,TrainData1_4_sub_5.png
378,147,2.5714285714285716,TrainData1_4_sub_7.png,144,36,4.0,TrainData1_4_sub_7.png
345,85,4.0588235294117645,TrainData1_4_sub_9.png,217,28,7.75,TrainData1_4_sub_9.png
208,84,2.4761904761904763,TrainData1_5_sub_1.png,117,28,4.178571428571429,TrainData1_5_sub_1.png
503,121,4.1570247933884295,TrainData1_5_sub_15.png,225,28,8.035714285714286,TrainData1_5_sub_15.png
426,172,2.4767441860465116,TrainData1_5_sub_19.png,192,39,4.923076923076923,TrainData1_5_sub_19.png
465,177,2.6271186440677967,TrainData1_5_sub_21.png,294,67,4.388059701492537,TrainData1_5_sub_21.png
511,113,4.522123893805309,TrainData1_5_sub_28.png,303,31,9.774193548387096,TrainData1_5_sub_28.png
270,98,2.7551020408163267,TrainData1_5_sub_3.png,139,31,4.483870967741935,TrainData1_5_sub_3.png
363,119,3.0504201680672267,TrainData1_5_sub_5.png,133,28,4.75,TrainData1_5_sub_5.png
439,148,2.9662162162162162,TrainData1_5_sub_7.png,144,36,4.0,TrainData1_5_sub_7.png
548,106,5.169811320754717,TrainData1_5_sub_9.png,217,28,7.75,TrainData1_5_sub_9.png
194,93,2.086021505376344,TrainData1_6_sub_1.png,117,28,4.178571428571429,TrainData1_6_sub_1.png
338,86,3.9302325581395348,TrainData1_6_sub_15.png,225,28,8.035714285714286,TrainData1_6_sub_15.png
449,174,2.5804597701149423,TrainData1_6_sub_19.png,192,39,4.923076923076923,TrainData1_6_sub_19.png
343,122,2.8114754098360657,TrainData1_6_sub_21.png,294,67,4.388059701492537,TrainData1_6_sub_21.png
573,97,5.907216494845361,TrainData1_6_sub_28.png,303,31,9.774193548387096,TrainData1_6_sub_28.png
267,95,2.8105263157894735,TrainData1_6_sub_3.png,139,31,4.483870967741935,TrainData1_6_sub_3.png
306,101,3.0297029702970297,TrainData1_6_sub_5.png,133,28,4.75,TrainData1_6_sub_5.png
526,169,3.1124260355029585,TrainData1_6_sub_7.png,144,36,4.0,TrainData1_6_sub_7.png
435,97,4.484536082474227,TrainData1_6_sub_9.png,217,28,7.75,TrainData1_6_sub_9.png
208,88,2.3636363636363638,TrainData1_7_sub_1.png,117,28,4.178571428571429,TrainData1_7_sub_1.png
446,110,4.054545454545455,TrainData1_7_sub_15.png,225,28,8.035714285714286,TrainData1_7_sub_15.png
399,151,2.642384105960265,TrainData1_7_sub_19.png,192,39,4.923076923076923,TrainData1_7_sub_19.png
342,148,2.310810810810811,TrainData1_7_sub_21.png,294,67,4.388059701492537,TrainData1_7_sub_21.png
514,111,4.63063063063063,TrainData1_7_sub_28.png,303,31,9.774193548387096,TrainData1_7_sub_28.png
181,91,1.989010989010989,TrainData1_7_sub_3.png,139,31,4.483870967741935,TrainData1_7_sub_3.png
296,119,2.4873949579831933,TrainData1_7_sub_5.png,133,28,4.75,TrainData1_7_sub_5.png
450,145,3.103448275862069,TrainData1_7_sub_7.png,144,36,4.0,TrainData1_7_sub_7.png
463,103,4.495145631067961,TrainData1_7_sub_9.png,217,28,7.75,TrainData1_7_sub_9.png
171,83,2.0602409638554215,TrainData1_8_sub_1.png,117,28,4.178571428571429,TrainData1_8_sub_1.png
523,132,3.962121212121212,TrainData1_8_sub_15.png,225,28,8.035714285714286,TrainData1_8_sub_15.png
445,177,2.5141242937853105,TrainData1_8_sub_19.png,192,39,4.923076923076923,TrainData1_8_sub_19.png
403,144,2.798611111111111,TrainData1_8_sub_21.png,294,67,4.388059701492537,TrainData1_8_sub_21.png
418,100,4.18,TrainData1_8_sub_28.png,303,31,9.774193548387096,TrainData1_8_sub_28.png
281,104,2.701923076923077,TrainData1_8_sub_3.png,139,31,4.483870967741935,TrainData1_8_sub_3.png
336,119,2.823529411764706,TrainData1_8_sub_5.png,133,28,4.75,TrainData1_8_sub_5.png
389,139,2.7985611510791366,TrainData1_8_sub_7.png,144,36,4.0,TrainData1_8_sub_7.png
478,86,5.558139534883721,TrainData1_8_sub_9.png,217,28,7.75,TrainData1_8_sub_9.png
373,72,5.180555555555555,TrainData2_0_sub_1.png,156,22,7.090909090909091,TrainData2_0_sub_1.png
414,121,3.4214876033057853,TrainData2_0_sub_11.png,322,33,9.757575757575758,TrainData2_0_sub_11.png
568,182,3.120879120879121,TrainData2_0_sub_13.png,169,39,4.333333333333333,TrainData2_0_sub_13.png
423,77,5.4935064935064934,TrainData2_0_sub_15.png,258,31,8.32258064516129,TrainData2_0_sub_15.png
684,86,7.953488372093023,TrainData2_0_sub_17.png,328,22,14.909090909090908,TrainData2_0_sub_17.png
324,72,4.5,TrainData2_0_sub_20.png,203,22,9.227272727272727,TrainData2_0_sub_20.png
459,159,2.8867924528301887,TrainData2_0_sub_29.png,144,31,4.645161290322581,TrainData2_0_sub_29.png
399,115,3.4695652173913043,TrainData2_0_sub_33.png,281,28,10.035714285714286,TrainData2_0_sub_33.png
489,84,5.821428571428571,TrainData2_0_sub_39.png,294,28,10.5,TrainData2_0_sub_39.png
318,181,1.7569060773480663,TrainData2_0_sub_41.png,133,42,3.1666666666666665,TrainData2_0_sub_41.png
377,194,1.943298969072165,TrainData2_0_sub_43.png,92,36,2.5555555555555554,TrainData2_0_sub_43.png
290,174,1.6666666666666667,TrainData2_0_sub_46.png,125,50,2.5,TrainData2_0_sub_46.png
506,177,2.8587570621468927,TrainData2_0_sub_51.png,233,47,4.957446808510638,TrainData2_0_sub_51.png
554,89,6.224719101123595,TrainData2_0_sub_6.png,197,25,7.88,TrainData2_0_sub_6.png
280,105,2.6666666666666665,TrainData2_0_sub_61.png,172,33,5.212121212121212,TrainData2_0_sub_61.png
358,122,2.9344262295081966,TrainData2_0_sub_63.png,194,33,5.878787878787879,TrainData2_0_sub_63.png
418,171,2.4444444444444446,TrainData2_0_sub_71.png,119,36,3.3055555555555554,TrainData2_0_sub_71.png
423,92,4.5978260869565215,TrainData2_0_sub_73.png,328,33,9.93939393939394,TrainData2_0_sub_73.png
291,90,3.2333333333333334,TrainData2_0_sub_88.png,128,25,5.12,TrainData2_0_sub_88.png
187,91,2.0549450549450547,TrainData2_0_sub_9.png,122,28,4.357142857142857,TrainData2_0_sub_9.png
327,105,3.1142857142857143,TrainData2_0_sub_95.png,261,67,3.8955223880597014,TrainData2_0_sub_95.png
449,217,2.0691244239631335,TrainData2_0_sub_98.png,142,67,2.1194029850746268,TrainData2_0_sub_98.png
238,79,3.0126582278481013,TrainData2_10_sub_1.png,156,22,7.090909090909091,TrainData2_10_sub_1.png
333,121,2.7520661157024793,TrainData2_10_sub_11.png,322,33,9.757575757575758,TrainData2_10_sub_11.png
432,165,2.618181818181818,TrainData2_10_sub_13.png,169,39,4.333333333333333,TrainData2_10_sub_13.png
312,81,3.8518518518518516,TrainData2_10_sub_15.png,258,31,8.32258064516129,TrainData2_10_sub_15.png
453,96,4.71875,TrainData2_10_sub_17.png,328,22,14.909090909090908,TrainData2_10_sub_17.png
264,75,3.52,TrainData2_10_sub_20.png,203,22,9.227272727272727,TrainData2_10_sub_20.png
377,155,2.432258064516129,TrainData2_10_sub_29.png,144,31,4.645161290322581,TrainData2_10_sub_29.png
390,113,3.4513274336283186,TrainData2_10_sub_33.png,281,28,10.035714285714286,TrainData2_10_sub_33.png
479,86,5.569767441860465,TrainData2_10_sub_39.png,294,28,10.5,TrainData2_10_sub_39.png
307,178,1.7247191011235956,TrainData2_10_sub_41.png,133,42,3.1666666666666665,TrainData2_10_sub_41.png
276,181,1.5248618784530388,TrainData2_10_sub_43.png,92,36,2.5555555555555554,TrainData2_10_sub_43.png
218,125,1.744,TrainData2_10_sub_46.png,125,50,2.5,TrainData2_10_sub_46.png
430,149,2.8859060402684564,TrainData2_10_sub_51.png,233,47,4.957446808510638,TrainData2_10_sub_51.png
396,98,4.040816326530612,TrainData2_10_sub_6.png,197,25,7.88,TrainData2_10_sub_6.png
274,107,2.560747663551402,TrainData2_10_sub_61.png,172,33,5.212121212121212,TrainData2_10_sub_61.png
347,131,2.648854961832061,TrainData2_10_sub_63.png,194,33,5.878787878787879,TrainData2_10_sub_63.png
254,149,1.7046979865771812,TrainData2_10_sub_71.png,119,36,3.3055555555555554,TrainData2_10_sub_71.png
431,108,3.990740740740741,TrainData2_10_sub_73.png,328,33,9.93939393939394,TrainData2_10_sub_73.png
194,75,2.5866666666666664,TrainData2_10_sub_88.png,128,25,5.12,TrainData2_10_sub_88.png
157,96,1.6354166666666667,TrainData2_10_sub_9.png,122,28,4.357142857142857,TrainData2_10_sub_9.png
229,107,2.1401869158878504,TrainData2_10_sub_95.png,261,67,3.8955223880597014,TrainData2_10_sub_95.png
342,201,1.7014925373134329,TrainData2_10_sub_98.png,142,67,2.1194029850746268,TrainData2_10_sub_98.png
310,81,3.8271604938271606,TrainData2_11_sub_1.png,156,22,7.090909090909091,TrainData2_11_sub_1.png
523,104,5.028846153846154,TrainData2_11_sub_11.png,322,33,9.757575757575758,TrainData2_11_sub_11.png
626,152,4.118421052631579,TrainData2_11_sub_13.png,169,39,4.333333333333333,TrainData2_11_sub_13.png
501,80,6.2625,TrainData2_11_sub_15.png,258,31,8.32258064516129,TrainData2_11_sub_15.png
621,87,7.137931034482759,TrainData2_11_sub_17.png,328,22,14.909090909090908,TrainData2_11_sub_17.png
381,74,5.148648648648648,TrainData2_11_sub_20.png,203,22,9.227272727272727,TrainData2_11_sub_20.png
431,135,3.1925925925925926,TrainData2_11_sub_29.png,144,31,4.645161290322581,TrainData2_11_sub_29.png
461,94,4.904255319148936,TrainData2_11_sub_33.png,281,28,10.035714285714286,TrainData2_11_sub_33.png
559,96,5.822916666666667,TrainData2_11_sub_39.png,294,28,10.5,TrainData2_11_sub_39.png
360,197,1.8274111675126903,TrainData2_11_sub_41.png,133,42,3.1666666666666665,TrainData2_11_sub_41.png
321,160,2.00625,TrainData2_11_sub_43.png,92,36,2.5555555555555554,TrainData2_11_sub_43.png
335,134,2.5,TrainData2_11_sub_46.png,125,50,2.5,TrainData2_11_sub_46.png
587,152,3.861842105263158,TrainData2_11_sub_51.png,233,47,4.957446808510638,TrainData2_11_sub_51.png
401,85,4.7176470588235295,TrainData2_11_sub_6.png,197,25,7.88,TrainData2_11_sub_6.png
322,102,3.156862745098039,TrainData2_11_sub_61.png,172,33,5.212121212121212,TrainData2_11_sub_61.png
378,105,3.6,TrainData2_11_sub_63.png,194,33,5.878787878787879,TrainData2_11_sub_63.png
386,154,2.5064935064935066,TrainData2_11_sub_71.png,119,36,3.3055555555555554,TrainData2_11_sub_71.png
399,94,4.24468085106383,TrainData2_11_sub_73.png,328,33,9.93939393939394,TrainData2_11_sub_73.png
267,72,3.7083333333333335,TrainData2_11_sub_88.png,128,25,5.12,TrainData2_11_sub_88.png
260,88,2.9545454545454546,TrainData2_11_sub_9.png,122,28,4.357142857142857,TrainData2_11_sub_9.png
372,99,3.757575757575758,TrainData2_11_sub_95.png,261,67,3.8955223880597014,TrainData2_11_sub_95.png
410,181,2.265193370165746,TrainData2_11_sub_98.png,142,67,2.1194029850746268,TrainData2_11_sub_98.png
348,89,3.9101123595505616,TrainData2_12_sub_1.png,156,22,7.090909090909091,TrainData2_12_sub_1.png
506,112,4.517857142857143,TrainData2_12_sub_11.png,322,33,9.757575757575758,TrainData2_12_sub_11.png
437,185,2.362162162162162,TrainData2_12_sub_13.png,169,39,4.333333333333333,TrainData2_12_sub_13.png
400,91,4.395604395604396,TrainData2_12_sub_15.png,258,31,8.32258064516129,TrainData2_12_sub_15.png
547,99,5.525252525252525,TrainData2_12_sub_17.png,328,22,14.909090909090908,TrainData2_12_sub_17.png
410,86,4.767441860465116,TrainData2_12_sub_20.png,203,22,9.227272727272727,TrainData2_12_sub_20.png
339,138,2.4565217391304346,TrainData2_12_sub_29.png,144,31,4.645161290322581,TrainData2_12_sub_29.png
416,108,3.8518518518518516,TrainData2_12_sub_33.png,281,28,10.035714285714286,TrainData2_12_sub_33.png
420,91,4.615384615384615,TrainData2_12_sub_39.png,294,28,10.5,TrainData2_12_sub_39.png
306,168,1.8214285714285714,TrainData2_12_sub_41.png,133,42,3.1666666666666665,TrainData2_12_sub_41.png
384,184,2.0869565217391304,TrainData2_12_sub_43.png,92,36,2.5555555555555554,TrainData2_12_sub_43.png
387,155,2.496774193548387,TrainData2_12_sub_46.png,125,50,2.5,TrainData2_12_sub_46.png
568,173,3.2832369942196533,TrainData2_12_sub_51.png,233,47,4.957446808510638,TrainData2_12_sub_51.png
505,111,4.54954954954955,TrainData2_12_sub_6.png,197,25,7.88,TrainData2_12_sub_6.png
234,123,1.9024390243902438,TrainData2_12_sub_61.png,172,33,5.212121212121212,TrainData2_12_sub_61.png
300,101,2.9702970297029703,TrainData2_12_sub_63.png,194,33,5.878787878787879,TrainData2_12_sub_63.png
302,153,1.973856209150327,TrainData2_12_sub_71.png,119,36,3.3055555555555554,TrainData2_12_sub_71.png
383,96,3.9895833333333335,TrainData2_12_sub_73.png,328,33,9.93939393939394,TrainData2_12_sub_73.png
244,83,2.9397590361445785,TrainData2_12_sub_88.png,128,25,5.12,TrainData2_12_sub_88.png
193,94,2.0531914893617023,TrainData2_12_sub_9.png,122,28,4.357142857142857,TrainData2_12_sub_9.png
331,95,3.4842105263157896,TrainData2_12_sub_95.png,261,67,3.8955223880597014,TrainData2_12_sub_95.png
429,208,2.0625,TrainData2_12_sub_98.png,142,67,2.1194029850746268,TrainData2_12_sub_98.png
389,95,4.094736842105263,TrainData2_13_sub_1.png,156,22,7.090909090909091,TrainData2_13_sub_1.png
446,116,3.8448275862068964,TrainData2_13_sub_11.png,322,33,9.757575757575758,TrainData2_13_sub_11.png
528,168,3.142857142857143,TrainData2_13_sub_13.png,169,39,4.333333333333333,TrainData2_13_sub_13.png
433,85,5.094117647058823,TrainData2_13_sub_15.png,258,31,8.32258064516129,TrainData2_13_sub_15.png
652,92,7.086956521739131,TrainData2_13_sub_17.png,328,22,14.909090909090908,TrainData2_13_sub_17.png
374,88,4.25,TrainData2_13_sub_20.png,203,22,9.227272727272727,TrainData2_13_sub_20.png
470,204,2.303921568627451,TrainData2_13_sub_29.png,142,31,4.580645161290323,TrainData2_13_sub_29.png
480,126,3.8095238095238093,TrainData2_13_sub_33.png,281,28,10.035714285714286,TrainData2_13_sub_33.png
577,110,5.245454545454545,TrainData2_13_sub_39.png,294,28,10.5,TrainData2_13_sub_39.png
366,159,2.30188679245283,TrainData2_13_sub_41.png,133,42,3.1666666666666665,TrainData2_13_sub_41.png
275,164,1.6768292682926829,TrainData2_13_sub_43.png,92,36,2.5555555555555554,TrainData2_13_sub_43.png
298,164,1.8170731707317074,TrainData2_13_sub_46.png,125,50,2.5,TrainData2_13_sub_46.png
536,140,3.8285714285714287,TrainData2_13_sub_51.png,233,47,4.957446808510638,TrainData2_13_sub_51.png
480,84,5.714285714285714,TrainData2_13_sub_6.png,197,25,7.88,TrainData2_13_sub_6.png
285,110,2.590909090909091,TrainData2_13_sub_61.png,172,33,5.212121212121212,TrainData2_13_sub_61.png
337,109,3.091743119266055,TrainData2_13_sub_63.png,194,33,5.878787878787879,TrainData2_13_sub_63.png
331,167,1.9820359281437125,TrainData2_13_sub_71.png,119,36,3.3055555555555554,TrainData2_13_sub_71.png
530,109,4.862385321100917,TrainData2_13_sub_73.png,328,33,9.93939393939394,TrainData2_13_sub_73.png
292,113,2.584070796460177,TrainData2_13_sub_88.png,128,25,5.12,TrainData2_13_sub_88.png
198,92,2.152173913043478,TrainData2_13_sub_9.png,122,28,4.357142857142857,TrainData2_13_sub_9.png
293,104,2.8173076923076925,TrainData2_13_sub_95.png,261,67,3.8955223880597014,TrainData2_13_sub_95.png
457,227,2.013215859030837,TrainData2_13_sub_98.png,142,67,2.1194029850746268,TrainData2_13_sub_98.png
281,78,3.6025641025641026,TrainData2_14_sub_1.png,156,22,7.090909090909091,TrainData2_14_sub_1.png
537,118,4.5508474576271185,TrainData2_14_sub_11.png,322,33,9.757575757575758,TrainData2_14_sub_11.png
537,224,2.3973214285714284,TrainData2_14_sub_13.png,169,39,4.333333333333333,TrainData2_14_sub_13.png
416,95,4.378947368421053,TrainData2_14_sub_15.png,258,31,8.32258064516129,TrainData2_14_sub_15.png
695,113,6.150442477876106,TrainData2_14_sub_17.png,328,22,14.909090909090908,TrainData2_14_sub_17.png
310,76,4.078947368421052,TrainData2_14_sub_20.png,203,22,9.227272727272727,TrainData2_14_sub_20.png
479,138,3.471014492753623,TrainData2_14_sub_29.png,144,31,4.645161290322581,TrainData2_14_sub_29.png
409,94,4.351063829787234,TrainData2_14_sub_33.png,281,28,10.035714285714286,TrainData2_14_sub_33.png
560,98,5.714285714285714,TrainData2_14_sub_39.png,294,28,10.5,TrainData2_14_sub_39.png
300,178,1.6853932584269662,TrainData2_14_sub_41.png,133,42,3.1666666666666665,TrainData2_14_sub_41.png
271,210,1.2904761904761906,TrainData2_14_sub_43.png,92,36,2.5555555555555554,TrainData2_14_sub_43.png
294,162,1.8148148148148149,TrainData2_14_sub_46.png,125,50,2.5,TrainData2_14_sub_46.png
571,180,3.172222222222222,TrainData2_14_sub_51.png,233,47,4.957446808510638,TrainData2_14_sub_51.png
427,82,5.2073170731707314,TrainData2_14_sub_6.png,197,25,7.88,TrainData2_14_sub_6.png
286,110,2.6,TrainData2_14_sub_61.png,172,33,5.212121212121212,TrainData2_14_sub_61.png
326,90,3.6222222222222222,TrainData2_14_sub_63.png,194,33,5.878787878787879,TrainData2_14_sub_63.png
321,180,1.7833333333333334,TrainData2_14_sub_71.png,119,36,3.3055555555555554,TrainData2_14_sub_71.png
508,99,5.1313131313131315,TrainData2_14_sub_73.png,328,33,9.93939393939394,TrainData2_14_sub_73.png
246,92,2.6739130434782608,TrainData2_14_sub_88.png,128,25,5.12,TrainData2_14_sub_88.png
233,102,2.284313725490196,TrainData2_14_sub_9.png,122,28,4.357142857142857,TrainData2_14_sub_9.png
266,108,2.462962962962963,TrainData2_14_sub_95.png,261,67,3.8955223880597014,TrainData2_14_sub_95.png
419,252,1.6626984126984128,TrainData2_14_sub_98.png,142,67,2.1194029850746268,TrainData2_14_sub_98.png
349,87,4.011494252873563,TrainData2_15_sub_1.png,156,22,7.090909090909091,TrainData2_15_sub_1.png
293,109,2.688073394495413,TrainData2_15_sub_11.png,322,33,9.757575757575758,TrainData2_15_sub_11.png
410,164,2.5,TrainData2_15_sub_13.png,169,39,4.333333333333333,TrainData2_15_sub_13.png
436,89,4.898876404494382,TrainData2_15_sub_15.png,258,31,8.32258064516129,TrainData2_15_sub_15.png
450,97,4.639175257731959,TrainData2_15_sub_17.png,328,22,14.909090909090908,TrainData2_15_sub_17.png
275,81,3.3950617283950617,TrainData2_15_sub_20.png,203,22,9.227272727272727,TrainData2_15_sub_20.png
387,128,3.0234375,TrainData2_15_sub_29.png,144,31,4.645161290322581,TrainData2_15_sub_29.png
374,104,3.5961538461538463,TrainData2_15_sub_33.png,281,28,10.035714285714286,TrainData2_15_sub_33.png
532,102,5.215686274509804,TrainData2_15_sub_39.png,294,28,10.5,TrainData2_15_sub_39.png
307,149,2.0604026845637584,TrainData2_15_sub_41.png,133,42,3.1666666666666665,TrainData2_15_sub_41.png
224,168,1.3333333333333333,TrainData2_15_sub_43.png,92,36,2.5555555555555554,TrainData2_15_sub_43.png
254,133,1.9097744360902256,TrainData2_15_sub_46.png,125,50,2.5,TrainData2_15_sub_46.png
377,147,2.564625850340136,TrainData2_15_sub_51.png,233,47,4.957446808510638,TrainData2_15_sub_51.png
369,91,4.054945054945055,TrainData2_15_sub_6.png,197,25,7.88,TrainData2_15_sub_6.png
252,108,2.3333333333333335,TrainData2_15_sub_61.png,172,33,5.212121212121212,TrainData2_15_sub_61.png
274,98,2.795918367346939,TrainData2_15_sub_63.png,194,33,5.878787878787879,TrainData2_15_sub_63.png
299,159,1.880503144654088,TrainData2_15_sub_71.png,119,36,3.3055555555555554,TrainData2_15_sub_71.png
389,100,3.89,TrainData2_15_sub_73.png,328,33,9.93939393939394,TrainData2_15_sub_73.png
259,88,2.9431818181818183,TrainData2_15_sub_88.png,128,25,5.12,TrainData2_15_sub_88.png
144,89,1.6179775280898876,TrainData2_15_sub_9.png,122,28,4.357142857142857,TrainData2_15_sub_9.png
225,95,2.3684210526315788,TrainData2_15_sub_95.png,261,67,3.8955223880597014,TrainData2_15_sub_95.png
343,197,1.7411167512690355,TrainData2_15_sub_98.png,142,67,2.1194029850746268,TrainData2_15_sub_98.png
254,79,3.2151898734177213,TrainData2_16_sub_1.png,156,22,7.090909090909091,TrainData2_16_sub_1.png
344,125,2.752,TrainData2_16_sub_11.png,322,33,9.757575757575758,TrainData2_16_sub_11.png
541,276,1.960144927536232,TrainData2_16_sub_13.png,169,39,4.333333333333333,TrainData2_16_sub_13.png
373,86,4.337209302325581,TrainData2_16_sub_15.png,258,31,8.32258064516129,TrainData2_16_sub_15.png
536,96,5.583333333333333,TrainData2_16_sub_17.png,328,22,14.909090909090908,TrainData2_16_sub_17.png
286,79,3.6202531645569622,TrainData2_16_sub_20.png,203,22,9.227272727272727,TrainData2_16_sub_20.png
370,144,2.5694444444444446,TrainData2_16_sub_29.png,144,31,4.645161290322581,TrainData2_16_sub_29.png
428,106,4.037735849056604,TrainData2_16_sub_33.png,281,28,10.035714285714286,TrainData2_16_sub_33.png
589,93,6.333333333333333,TrainData2_16_sub_39.png,294,28,10.5,TrainData2_16_sub_39.png
391,216,1.8101851851851851,TrainData2_16_sub_41.png,133,42,3.1666666666666665,TrainData2_16_sub_41.png
368,220,1.6727272727272726,TrainData2_16_sub_43.png,92,36,2.5555555555555554,TrainData2_16_sub_43.png
321,166,1.9337349397590362,TrainData2_16_sub_46.png,125,50,2.5,TrainData2_16_sub_46.png
531,203,2.6157635467980294,TrainData2_16_sub_51.png,233,47,4.957446808510638,TrainData2_16_sub_51.png
393,101,3.891089108910891,TrainData2_16_sub_6.png,197,25,7.88,TrainData2_16_sub_6.png
227,119,1.9075630252100841,TrainData2_16_sub_61.png,172,33,5.212121212121212,TrainData2_16_sub_61.png
260,109,2.385321100917431,TrainData2_16_sub_63.png,194,33,5.878787878787879,TrainData2_16_sub_63.png
502,234,2.1452991452991452,TrainData2_16_sub_71.png,119,36,3.3055555555555554,TrainData2_16_sub_71.png
382,99,3.8585858585858586,TrainData2_16_sub_73.png,328,33,9.93939393939394,TrainData2_16_sub_73.png
274,84,3.261904761904762,TrainData2_16_sub_88.png,128,25,5.12,TrainData2_16_sub_88.png
187,98,1.9081632653061225,TrainData2_16_sub_9.png,122,28,4.357142857142857,TrainData2_16_sub_9.png
280,106,2.641509433962264,TrainData2_16_sub_95.png,261,67,3.8955223880597014,TrainData2_16_sub_95.png
391,234,1.670940170940171,TrainData2_16_sub_98.png,142,67,2.1194029850746268,TrainData2_16_sub_98.png
450,79,5.69620253164557,TrainData2_17_sub_1.png,156,22,7.090909090909091,TrainData2_17_sub_1.png
510,121,4.214876033057851,TrainData2_17_sub_11.png,322,33,9.757575757575758,TrainData2_17_sub_11.png
560,169,3.3136094674556213,TrainData2_17_sub_13.png,169,39,4.333333333333333,TrainData2_17_sub_13.png
516,101,5.108910891089109,TrainData2_17_sub_15.png,258,31,8.32258064516129,TrainData2_17_sub_15.png
697,92,7.576086956521739,TrainData2_17_sub_17.png,328,22,14.909090909090908,TrainData2_17_sub_17.png
362,75,4.826666666666667,TrainData2_17_sub_20.png,203,22,9.227272727272727,TrainData2_17_sub_20.png
453,151,3.0,TrainData2_17_sub_29.png,144,31,4.645161290322581,TrainData2_17_sub_29.png
460,109,4.220183486238532,TrainData2_17_sub_33.png,281,28,10.035714285714286,TrainData2_17_sub_33.png
650,114,5.701754385964913,TrainData2_17_sub_39.png,294,28,10.5,TrainData2_17_sub_39.png
380,163,2.331288343558282,TrainData2_17_sub_41.png,133,42,3.1666666666666665,TrainData2_17_sub_41.png
295,180,1.6388888888888888,TrainData2_17_sub_43.png,92,36,2.5555555555555554,TrainData2_17_sub_43.png
384,174,2.206896551724138,TrainData2_17_sub_46.png,125,50,2.5,TrainData2_17_sub_46.png
582,162,3.5925925925925926,TrainData2_17_sub_51.png,233,47,4.957446808510638,TrainData2_17_sub_51.png
654,86,7.604651162790698,TrainData2_17_sub_6.png,197,25,7.88,TrainData2_17_sub_6.png
259,118,2.194915254237288,TrainData2_17_sub_61.png,172,33,5.212121212121212,TrainData2_17_sub_61.png
374,122,3.0655737704918034,TrainData2_17_sub_63.png,194,33,5.878787878787879,TrainData2_17_sub_63.png
385,171,2.2514619883040936,TrainData2_17_sub_71.png,119,36,3.3055555555555554,TrainData2_17_sub_71.png
488,92,5.304347826086956,TrainData2_17_sub_73.png,328,33,9.93939393939394,TrainData2_17_sub_73.png
297,87,3.413793103448276,TrainData2_17_sub_88.png,128,25,5.12,TrainData2_17_sub_88.png
227,92,2.467391304347826,TrainData2_17_sub_9.png,122,28,4.357142857142857,TrainData2_17_sub_9.png
335,111,3.018018018018018,TrainData2_17_sub_95.png,261,67,3.8955223880597014,TrainData2_17_sub_95.png
442,219,2.0182648401826486,TrainData2_17_sub_98.png,142,67,2.1194029850746268,TrainData2_17_sub_98.png
308,72,4.277777777777778,TrainData2_18_sub_1.png,156,22,7.090909090909091,TrainData2_18_sub_1.png
541,115,4.7043478260869565,TrainData2_18_sub_11.png,322,33,9.757575757575758,TrainData2_18_sub_11.png
544,182,2.989010989010989,TrainData2_18_sub_13.png,169,39,4.333333333333333,TrainData2_18_sub_13.png
423,86,4.9186046511627906,TrainData2_18_sub_15.png,258,31,8.32258064516129,TrainData2_18_sub_15.png
713,82,8.695121951219512,TrainData2_18_sub_17.png,328,22,14.909090909090908,TrainData2_18_sub_17.png
304,73,4.164383561643835,TrainData2_18_sub_20.png,203,22,9.227272727272727,TrainData2_18_sub_20.png
425,162,2.623456790123457,TrainData2_18_sub_29.png,144,31,4.645161290322581,TrainData2_18_sub_29.png
459,95,4.831578947368421,TrainData2_18_sub_33.png,281,28,10.035714285714286,TrainData2_18_sub_33.png
556,90,6.177777777777778,TrainData2_18_sub_39.png,294,28,10.5,TrainData2_18_sub_39.png
444,207,2.1449275362318843,TrainData2_18_sub_41.png,133,42,3.1666666666666665,TrainData2_18_sub_41.png
247,163,1.5153374233128833,TrainData2_18_sub_43.png,92,36,2.5555555555555554,TrainData2_18_sub_43.png
306,152,2.013157894736842,TrainData2_18_sub_46.png,125,50,2.5,TrainData2_18_sub_46.png
532,168,3.1666666666666665,TrainData2_18_sub_51.png,233,47,4.957446808510638,TrainData2_18_sub_51.png
450,86,5.232558139534884,TrainData2_18_sub_6.png,197,25,7.88,TrainData2_18_sub_6.png
346,114,3.0350877192982457,TrainData2_18_sub_61.png,172,33,5.212121212121212,TrainData2_18_sub_61.png
321,105,3.057142857142857,TrainData2_18_sub_63.png,194,33,5.878787878787879,TrainData2_18_sub_63.png
396,175,2.262857142857143,TrainData2_18_sub_71.png,119,36,3.3055555555555554,TrainData2_18_sub_71.png
528,104,5.076923076923077,TrainData2_18_sub_73.png,328,33,9.93939393939394,TrainData2_18_sub_73.png
264,93,2.838709677419355,TrainData2_18_sub_88.png,128,25,5.12,TrainData2_18_sub_88.png
193,91,2.120879120879121,TrainData2_18_sub_9.png,122,28,4.357142857142857,TrainData2_18_sub_9.png
255,99,2.5757575757575757,TrainData2_18_sub_95.png,261,67,3.8955223880597014,TrainData2_18_sub_95.png
359,209,1.7177033492822966,TrainData2_18_sub_98.png,142,67,2.1194029850746268,TrainData2_18_sub_98.png
389,79,4.924050632911392,TrainData2_19_sub_1.png,156,22,7.090909090909091,TrainData2_19_sub_1.png
463,126,3.6746031746031744,TrainData2_19_sub_11.png,322,33,9.757575757575758,TrainData2_19_sub_11.png
683,178,3.837078651685393,TrainData2_19_sub_13.png,169,39,4.333333333333333,TrainData2_19_sub_13.png
450,90,5.0,TrainData2_19_sub_15.png,258,31,8.32258064516129,TrainData2_19_sub_15.png
584,87,6.712643678160919,TrainData2_19_sub_17.png,328,22,14.909090909090908,TrainData2_19_sub_17.png
404,81,4.987654320987654,TrainData2_19_sub_20.png,203,22,9.227272727272727,TrainData2_19_sub_20.png
431,153,2.816993464052288,TrainData2_19_sub_29.png,144,31,4.645161290322581,TrainData2_19_sub_29.png
396,95,4.168421052631579,TrainData2_19_sub_33.png,281,28,10.035714285714286,TrainData2_19_sub_33.png
636,103,6.174757281553398,TrainData2_19_sub_39.png,294,28,10.5,TrainData2_19_sub_39.png
570,162,3.5185185185185186,TrainData2_19_sub_41.png,133,42,3.1666666666666665,TrainData2_19_sub_41.png
487,180,2.7055555555555557,TrainData2_19_sub_43.png,92,36,2.5555555555555554,TrainData2_19_sub_43.png
371,183,2.0273224043715845,TrainData2_19_sub_46.png,125,50,2.5,TrainData2_19_sub_46.png
635,175,3.6285714285714286,TrainData2_19_sub_51.png,233,47,4.957446808510638,TrainData2_19_sub_51.png
450,87,5.172413793103448,TrainData2_19_sub_6.png,197,25,7.88,TrainData2_19_sub_6.png
298,124,2.403225806451613,TrainData2_19_sub_61.png,172,33,5.212121212121212,TrainData2_19_sub_61.png
344,101,3.405940594059406,TrainData2_19_sub_63.png,194,33,5.878787878787879,TrainData2_19_sub_63.png
441,147,3.0,TrainData2_19_sub_71.png,119,36,3.3055555555555554,TrainData2_19_sub_71.png
424,100,4.24,TrainData2_19_sub_73.png,328,33,9.93939393939394,TrainData2_19_sub_73.png
260,77,3.3766233766233764,TrainData2_19_sub_88.png,128,25,5.12,TrainData2_19_sub_88.png
183,103,1.7766990291262137,TrainData2_19_sub_9.png,122,28,4.357142857142857,TrainData2_19_sub_9.png
260,97,2.6804123711340204,TrainData2_19_sub_95.png,261,67,3.8955223880597014,TrainData2_19_sub_95.png
434,219,1.9817351598173516,TrainData2_19_sub_98.png,142,67,2.1194029850746268,TrainData2_19_sub_98.png
515,94,5.4787234042553195,TrainData2_1_sub_1.png,156,22,7.090909090909091,TrainData2_1_sub_1.png
553,131,4.221374045801527,TrainData2_1_sub_11.png,322,33,9.757575757575758,TrainData2_1_sub_11.png
655,259,2.528957528957529,TrainData2_1_sub_13.png,169,39,4.333333333333333,TrainData2_1_sub_13.png
430,90,4.777777777777778,TrainData2_1_sub_15.png,258,31,8.32258064516129,TrainData2_1_sub_15.png
629,106,5.933962264150943,TrainData2_1_sub_17.png,328,22,14.909090909090908,TrainData2_1_sub_17.png
355,77,4.6103896103896105,TrainData2_1_sub_20.png,203,22,9.227272727272727,TrainData2_1_sub_20.png
480,156,3.076923076923077,TrainData2_1_sub_29.png,144,31,4.645161290322581,TrainData2_1_sub_29.png
505,94,5.372340425531915,TrainData2_1_sub_33.png,281,28,10.035714285714286,TrainData2_1_sub_33.png
615,107,5.747663551401869,TrainData2_1_sub_39.png,294,28,10.5,TrainData2_1_sub_39.png
376,184,2.0434782608695654,TrainData2_1_sub_41.png,133,42,3.1666666666666665,TrainData2_1_sub_41.png
305,175,1.7428571428571429,TrainData2_1_sub_43.png,92,36,2.5555555555555554,TrainData2_1_sub_43.png
406,202,2.00990099009901,TrainData2_1_sub_46.png,125,50,2.5,TrainData2_1_sub_46.png
711,169,4.207100591715976,TrainData2_1_sub_51.png,233,47,4.957446808510638,TrainData2_1_sub_51.png
612,103,5.941747572815534,TrainData2_1_sub_6.png,197,25,7.88,TrainData2_1_sub_6.png
369,85,4.341176470588235,TrainData2_1_sub_61.png,172,33,5.212121212121212,TrainData2_1_sub_61.png
362,114,3.175438596491228,TrainData2_1_sub_63.png,194,33,5.878787878787879,TrainData2_1_sub_63.png
346,170,2.0352941176470587,TrainData2_1_sub_71.png,119,36,3.3055555555555554,TrainData2_1_sub_71.png
652,130,5.015384615384615,TrainData2_1_sub_73.png,328,33,9.93939393939394,TrainData2_1_sub_73.png
298,97,3.0721649484536084,TrainData2_1_sub_88.png,128,25,5.12,TrainData2_1_sub_88.png
226,83,2.7228915662650603,TrainData2_1_sub_9.png,122,28,4.357142857142857,TrainData2_1_sub_9.png
271,106,2.556603773584906,TrainData2_1_sub_95.png,261,67,3.8955223880597014,TrainData2_1_sub_95.png
455,242,1.8801652892561984,TrainData2_1_sub_98.png,142,67,2.1194029850746268,TrainData2_1_sub_98.png
363,86,4.22093023255814,TrainData2_20_sub_1.png,156,22,7.090909090909091,TrainData2_20_sub_1.png
477,113,4.221238938053097,TrainData2_20_sub_11.png,322,33,9.757575757575758,TrainData2_20_sub_11.png
538,167,3.2215568862275448,TrainData2_20_sub_13.png,169,39,4.333333333333333,TrainData2_20_sub_13.png
421,82,5.134146341463414,TrainData2_20_sub_15.png,258,31,8.32258064516129,TrainData2_20_sub_15.png
562,80,7.025,TrainData2_20_sub_17.png,328,22,14.909090909090908,TrainData2_20_sub_17.png
368,99,3.717171717171717,TrainData2_20_sub_20.png,203,22,9.227272727272727,TrainData2_20_sub_20.png
453,163,2.7791411042944785,TrainData2_20_sub_29.png,144,31,4.645161290322581,TrainData2_20_sub_29.png
510,102,5.0,TrainData2_20_sub_33.png,281,28,10.035714285714286,TrainData2_20_sub_33.png
674,87,7.747126436781609,TrainData2_20_sub_39.png,294,28,10.5,TrainData2_20_sub_39.png
373,157,2.375796178343949,TrainData2_20_sub_41.png,133,42,3.1666666666666665,TrainData2_20_sub_41.png
287,171,1.6783625730994152,TrainData2_20_sub_43.png,92,36,2.5555555555555554,TrainData2_20_sub_43.png
321,165,1.9454545454545455,TrainData2_20_sub_46.png,125,50,2.5,TrainData2_20_sub_46.png
564,172,3.2790697674418605,TrainData2_20_sub_51.png,233,47,4.957446808510638,TrainData2_20_sub_51.png
424,87,4.873563218390805,TrainData2_20_sub_6.png,197,25,7.88,TrainData2_20_sub_6.png
325,114,2.8508771929824563,TrainData2_20_sub_61.png,172,33,5.212121212121212,TrainData2_20_sub_61.png
352,122,2.8852459016393444,TrainData2_20_sub_63.png,194,33,5.878787878787879,TrainData2_20_sub_63.png
357,149,2.3959731543624163,TrainData2_20_sub_71.png,119,36,3.3055555555555554,TrainData2_20_sub_71.png
469,95,4.936842105263158,TrainData2_20_sub_73.png,328,33,9.93939393939394,TrainData2_20_sub_73.png
316,96,3.2916666666666665,TrainData2_20_sub_88.png,128,25,5.12,TrainData2_20_sub_88.png
212,87,2.4367816091954024,TrainData2_20_sub_9.png,122,28,4.357142857142857,TrainData2_20_sub_9.png
314,105,2.9904761904761905,TrainData2_20_sub_95.png,261,67,3.8955223880597014,TrainData2_20_sub_95.png
446,216,2.064814814814815,TrainData2_20_sub_98.png,142,67,2.1194029850746268,TrainData2_20_sub_98.png
316,86,3.6744186046511627,TrainData2_21_sub_1.png,156,22,7.090909090909091,TrainData2_21_sub_1.png
464,107,4.336448598130841,TrainData2_21_sub_11.png,322,33,9.757575757575758,TrainData2_21_sub_11.png
532,182,2.923076923076923,TrainData2_21_sub_13.png,169,39,4.333333333333333,TrainData2_21_sub_13.png
360,87,4.137931034482759,TrainData2_21_sub_15.png,258,31,8.32258064516129,TrainData2_21_sub_15.png
508,94,5.404255319148936,TrainData2_21_sub_17.png,328,22,14.909090909090908,TrainData2_21_sub_17.png
317,69,4.594202898550725,TrainData2_21_sub_20.png,203,22,9.227272727272727,TrainData2_21_sub_20.png
330,145,2.2758620689655173,TrainData2_21_sub_29.png,144,31,4.645161290322581,TrainData2_21_sub_29.png
439,111,3.954954954954955,TrainData2_21_sub_33.png,281,28,10.035714285714286,TrainData2_21_sub_33.png
466,107,4.355140186915888,TrainData2_21_sub_39.png,294,28,10.5,TrainData2_21_sub_39.png
320,142,2.2535211267605635,TrainData2_21_sub_41.png,133,42,3.1666666666666665,TrainData2_21_sub_41.png
322,153,2.104575163398693,TrainData2_21_sub_43.png,92,36,2.5555555555555554,TrainData2_21_sub_43.png
357,160,2.23125,TrainData2_21_sub_46.png,125,50,2.5,TrainData2_21_sub_46.png
446,135,3.303703703703704,TrainData2_21_sub_51.png,233,47,4.957446808510638,TrainData2_21_sub_51.png
435,104,4.1826923076923075,TrainData2_21_sub_6.png,197,25,7.88,TrainData2_21_sub_6.png
273,105,2.6,TrainData2_21_sub_61.png,172,33,5.212121212121212,TrainData2_21_sub_61.png
312,112,2.7857142857142856,TrainData2_21_sub_63.png,194,33,5.878787878787879,TrainData2_21_sub_63.png
336,147,2.2857142857142856,TrainData2_21_sub_71.png,119,36,3.3055555555555554,TrainData2_21_sub_71.png
554,101,5.485148514851486,TrainData2_21_sub_73.png,328,33,9.93939393939394,TrainData2_21_sub_73.png
289,93,3.10752688172043,TrainData2_21_sub_88.png,128,25,5.12,TrainData2_21_sub_88.png
172,84,2.0476190476190474,TrainData2_21_sub_9.png,122,28,4.357142857142857,TrainData2_21_sub_9.png
328,105,3.123809523809524,TrainData2_21_sub_95.png,261,67,3.8955223880597014,TrainData2_21_sub_95.png
419,209,2.0047846889952154,TrainData2_21_sub_98.png,142,67,2.1194029850746268,TrainData2_21_sub_98.png
397,80,4.9625,TrainData2_22_sub_1.png,156,22,7.090909090909091,TrainData2_22_sub_1.png
462,126,3.6666666666666665,TrainData2_22_sub_11.png,322,33,9.757575757575758,TrainData2_22_sub_11.png
506,177,2.8587570621468927,TrainData2_22_sub_13.png,169,39,4.333333333333333,TrainData2_22_sub_13.png
440,88,5.0,TrainData2_22_sub_15.png,258,31,8.32258064516129,TrainData2_22_sub_15.png
560,92,6.086956521739131,TrainData2_22_sub_17.png,328,22,14.909090909090908,TrainData2_22_sub_17.png
337,73,4.616438356164384,TrainData2_22_sub_20.png,203,22,9.227272727272727,TrainData2_22_sub_20.png
481,162,2.9691358024691357,TrainData2_22_sub_29.png,144,31,4.645161290322581,TrainData2_22_sub_29.png
484,110,4.4,TrainData2_22_sub_33.png,281,28,10.035714285714286,TrainData2_22_sub_33.png
583,100,5.83,TrainData2_22_sub_39.png,294,28,10.5,TrainData2_22_sub_39.png
386,146,2.643835616438356,TrainData2_22_sub_41.png,133,42,3.1666666666666665,TrainData2_22_sub_41.png
310,144,2.1527777777777777,TrainData2_22_sub_43.png,92,36,2.5555555555555554,TrainData2_22_sub_43.png
330,163,2.0245398773006134,TrainData2_22_sub_46.png,125,50,2.5,TrainData2_22_sub_46.png
494,156,3.1666666666666665,TrainData2_22_sub_51.png,233,47,4.957446808510638,TrainData2_22_sub_51.png
461,98,4.704081632653061,TrainData2_22_sub_6.png,197,25,7.88,TrainData2_22_sub_6.png
273,100,2.73,TrainData2_22_sub_61.png,172,33,5.212121212121212,TrainData2_22_sub_61.png
341,110,3.1,TrainData2_22_sub_63.png,194,33,5.878787878787879,TrainData2_22_sub_63.png
397,163,2.4355828220858897,TrainData2_22_sub_71.png,119,36,3.3055555555555554,TrainData2_22_sub_71.png
428,86,4.976744186046512,TrainData2_22_sub_73.png,328,33,9.93939393939394,TrainData2_22_sub_73.png
274,83,3.3012048192771086,TrainData2_22_sub_88.png,128,25,5.12,TrainData2_22_sub_88.png
223,99,2.2525252525252526,TrainData2_22_sub_9.png,122,28,4.357142857142857,TrainData2_22_sub_9.png
263,94,2.797872340425532,TrainData2_22_sub_95.png,261,67,3.8955223880597014,TrainData2_22_sub_95.png
386,195,1.9794871794871796,TrainData2_22_sub_98.png,142,67,2.1194029850746268,TrainData2_22_sub_98.png
313,77,4.064935064935065,TrainData2_23_sub_1.png,156,22,7.090909090909091,TrainData2_23_sub_1.png
447,117,3.8205128205128207,TrainData2_23_sub_11.png,322,33,9.757575757575758,TrainData2_23_sub_11.png
574,184,3.119565217391304,TrainData2_23_sub_13.png,169,39,4.333333333333333,TrainData2_23_sub_13.png
610,91,6.7032967032967035,TrainData2_23_sub_15.png,258,31,8.32258064516129,TrainData2_23_sub_15.png
686,86,7.976744186046512,TrainData2_23_sub_17.png,328,22,14.909090909090908,TrainData2_23_sub_17.png
382,77,4.961038961038961,TrainData2_23_sub_20.png,203,22,9.227272727272727,TrainData2_23_sub_20.png
593,175,3.388571428571429,TrainData2_23_sub_29.png,144,31,4.645161290322581,TrainData2_23_sub_29.png
605,100,6.05,TrainData2_23_sub_33.png,281,28,10.035714285714286,TrainData2_23_sub_33.png
727,87,8.35632183908046,TrainData2_23_sub_39.png,294,28,10.5,TrainData2_23_sub_39.png
505,217,2.327188940092166,TrainData2_23_sub_41.png,133,42,3.1666666666666665,TrainData2_23_sub_41.png
420,204,2.0588235294117645,TrainData2_23_sub_43.png,92,36,2.5555555555555554,TrainData2_23_sub_43.png
401,148,2.7094594594594597,TrainData2_23_sub_46.png,125,50,2.5,TrainData2_23_sub_46.png
741,200,3.705,TrainData2_23_sub_51.png,233,47,4.957446808510638,TrainData2_23_sub_51.png
504,87,5.793103448275862,TrainData2_23_sub_6.png,197,25,7.88,TrainData2_23_sub_6.png
368,129,2.852713178294574,TrainData2_23_sub_61.png,172,33,5.212121212121212,TrainData2_23_sub_61.png
463,103,4.495145631067961,TrainData2_23_sub_63.png,194,33,5.878787878787879,TrainData2_23_sub_63.png
442,184,2.402173913043478,TrainData2_23_sub_71.png,119,36,3.3055555555555554,TrainData2_23_sub_71.png
749,100,7.49,TrainData2_23_sub_73.png,328,33,9.93939393939394,TrainData2_23_sub_73.png
394,94,4.191489361702128,TrainData2_23_sub_88.png,128,25,5.12,TrainData2_23_sub_88.png
234,107,2.1869158878504673,TrainData2_23_sub_9.png,122,28,4.357142857142857,TrainData2_23_sub_9.png
389,119,3.26890756302521,TrainData2_23_sub_95.png,261,67,3.8955223880597014,TrainData2_23_sub_95.png
543,238,2.2815126050420167,TrainData2_23_sub_98.png,142,67,2.1194029850746268,TrainData2_23_sub_98.png
580,90,6.444444444444445,TrainData2_24_sub_1.png,156,22,7.090909090909091,TrainData2_24_sub_1.png
423,118,3.5847457627118646,TrainData2_24_sub_11.png,322,33,9.757575757575758,TrainData2_24_sub_11.png
487,190,2.5631578947368423,TrainData2_24_sub_13.png,169,39,4.333333333333333,TrainData2_24_sub_13.png
432,75,5.76,TrainData2_24_sub_15.png,258,31,8.32258064516129,TrainData2_24_sub_15.png
747,89,8.393258426966293,TrainData2_24_sub_17.png,328,22,14.909090909090908,TrainData2_24_sub_17.png
416,75,5.546666666666667,TrainData2_24_sub_20.png,203,22,9.227272727272727,TrainData2_24_sub_20.png
353,132,2.6742424242424243,TrainData2_24_sub_29.png,144,31,4.645161290322581,TrainData2_24_sub_29.png
331,90,3.6777777777777776,TrainData2_24_sub_33.png,281,28,10.035714285714286,TrainData2_24_sub_33.png
512,112,4.571428571428571,TrainData2_24_sub_39.png,294,28,10.5,TrainData2_24_sub_39.png
349,185,1.8864864864864865,TrainData2_24_sub_41.png,133,42,3.1666666666666665,TrainData2_24_sub_41.png
341,206,1.6553398058252426,TrainData2_24_sub_43.png,92,36,2.5555555555555554,TrainData2_24_sub_43.png
388,145,2.6758620689655173,TrainData2_24_sub_46.png,125,50,2.5,TrainData2_24_sub_46.png
617,176,3.5056818181818183,TrainData2_24_sub_51.png,233,47,4.957446808510638,TrainData2_24_sub_51.png
790,94,8.404255319148936,TrainData2_24_sub_6.png,197,25,7.88,TrainData2_24_sub_6.png
255,115,2.217391304347826,TrainData2_24_sub_61.png,172,33,5.212121212121212,TrainData2_24_sub_61.png
364,106,3.4339622641509435,TrainData2_24_sub_63.png,194,33,5.878787878787879,TrainData2_24_sub_63.png
438,200,2.19,TrainData2_24_sub_71.png,119,36,3.3055555555555554,TrainData2_24_sub_71.png
558,110,5.072727272727272,TrainData2_24_sub_73.png,328,33,9.93939393939394,TrainData2_24_sub_73.png
317,87,3.6436781609195403,TrainData2_24_sub_88.png,128,25,5.12,TrainData2_24_sub_88.png
221,104,2.125,TrainData2_24_sub_9.png,122,28,4.357142857142857,TrainData2_24_sub_9.png
304,121,2.512396694214876,TrainData2_24_sub_95.png,261,67,3.8955223880597014,TrainData2_24_sub_95.png
642,219,2.9315068493150687,TrainData2_24_sub_98.png,142,67,2.1194029850746268,TrainData2_24_sub_98.png
356,82,4.341463414634147,TrainData2_25_sub_1.png,156,22,7.090909090909091,TrainData2_25_sub_1.png
381,118,3.2288135593220337,TrainData2_25_sub_11.png,322,33,9.757575757575758,TrainData2_25_sub_11.png
575,208,2.764423076923077,TrainData2_25_sub_13.png,169,39,4.333333333333333,TrainData2_25_sub_13.png
413,89,4.640449438202247,TrainData2_25_sub_15.png,258,31,8.32258064516129,TrainData2_25_sub_15.png
584,88,6.636363636363637,TrainData2_25_sub_17.png,328,22,14.909090909090908,TrainData2_25_sub_17.png
436,70,6.228571428571429,TrainData2_25_sub_20.png,203,22,9.227272727272727,TrainData2_25_sub_20.png
411,190,2.163157894736842,TrainData2_25_sub_29.png,144,31,4.645161290322581,TrainData2_25_sub_29.png
542,102,5.313725490196078,TrainData2_25_sub_33.png,281,28,10.035714285714286,TrainData2_25_sub_33.png
569,95,5.989473684210527,TrainData2_25_sub_39.png,294,28,10.5,TrainData2_25_sub_39.png
430,168,2.5595238095238093,TrainData2_25_sub_41.png,133,42,3.1666666666666665,TrainData2_25_sub_41.png
326,178,1.8314606741573034,TrainData2_25_sub_43.png,92,36,2.5555555555555554,TrainData2_25_sub_43.png
366,174,2.103448275862069,TrainData2_25_sub_46.png,125,50,2.5,TrainData2_25_sub_46.png
630,188,3.351063829787234,TrainData2_25_sub_51.png,233,47,4.957446808510638,TrainData2_25_sub_51.png
452,90,5.022222222222222,TrainData2_25_sub_6.png,197,25,7.88,TrainData2_25_sub_6.png
230,117,1.9658119658119657,TrainData2_25_sub_61.png,172,33,5.212121212121212,TrainData2_25_sub_61.png
359,114,3.1491228070175437,TrainData2_25_sub_63.png,194,33,5.878787878787879,TrainData2_25_sub_63.png
457,181,2.5248618784530388,TrainData2_25_sub_71.png,119,36,3.3055555555555554,TrainData2_25_sub_71.png
573,110,5.209090909090909,TrainData2_25_sub_73.png,328,33,9.93939393939394,TrainData2_25_sub_73.png
312,93,3.3548387096774195,TrainData2_25_sub_88.png,128,25,5.12,TrainData2_25_sub_88.png
210,99,2.121212121212121,TrainData2_25_sub_9.png,122,28,4.357142857142857,TrainData2_25_sub_9.png
231,98,2.357142857142857,TrainData2_25_sub_95.png,261,67,3.8955223880597014,TrainData2_25_sub_95.png
503,247,2.0364372469635628,TrainData2_25_sub_98.png,142,67,2.1194029850746268,TrainData2_25_sub_98.png
332,73,4.5479452054794525,TrainData2_26_sub_1.png,156,22,7.090909090909091,TrainData2_26_sub_1.png
392,129,3.0387596899224807,TrainData2_26_sub_11.png,322,33,9.757575757575758,TrainData2_26_sub_11.png
510,214,2.383177570093458,TrainData2_26_sub_13.png,169,39,4.333333333333333,TrainData2_26_sub_13.png
374,89,4.202247191011236,TrainData2_26_sub_15.png,258,31,8.32258064516129,TrainData2_26_sub_15.png
551,81,6.802469135802469,TrainData2_26_sub_17.png,328,22,14.909090909090908,TrainData2_26_sub_17.png
345,100,3.45,TrainData2_26_sub_20.png,203,22,9.227272727272727,TrainData2_26_sub_20.png
490,146,3.356164383561644,TrainData2_26_sub_29.png,144,31,4.645161290322581,TrainData2_26_sub_29.png
382,112,3.4107142857142856,TrainData2_26_sub_33.png,281,28,10.035714285714286,TrainData2_26_sub_33.png
446,97,4.597938144329897,TrainData2_26_sub_39.png,294,28,10.5,TrainData2_26_sub_39.png
336,205,1.6390243902439023,TrainData2_26_sub_41.png,133,42,3.1666666666666665,TrainData2_26_sub_41.png
261,191,1.3664921465968587,TrainData2_26_sub_43.png,92,36,2.5555555555555554,TrainData2_26_sub_43.png
262,158,1.6582278481012658,TrainData2_26_sub_46.png,125,50,2.5,TrainData2_26_sub_46.png
672,189,3.5555555555555554,TrainData2_26_sub_51.png,233,47,4.957446808510638,TrainData2_26_sub_51.png
442,77,5.740259740259741,TrainData2_26_sub_6.png,197,25,7.88,TrainData2_26_sub_6.png
294,127,2.3149606299212597,TrainData2_26_sub_61.png,172,33,5.212121212121212,TrainData2_26_sub_61.png
324,92,3.5217391304347827,TrainData2_26_sub_63.png,194,33,5.878787878787879,TrainData2_26_sub_63.png
316,178,1.7752808988764044,TrainData2_26_sub_71.png,119,36,3.3055555555555554,TrainData2_26_sub_71.png
495,104,4.759615384615385,TrainData2_26_sub_73.png,328,33,9.93939393939394,TrainData2_26_sub_73.png
282,115,2.4521739130434783,TrainData2_26_sub_88.png,128,25,5.12,TrainData2_26_sub_88.png
185,100,1.85,TrainData2_26_sub_9.png,122,28,4.357142857142857,TrainData2_26_sub_9.png
209,103,2.029126213592233,TrainData2_26_sub_95.png,261,67,3.8955223880597014,TrainData2_26_sub_95.png
332,213,1.5586854460093897,TrainData2_26_sub_98.png,142,67,2.1194029850746268,TrainData2_26_sub_98.png
356,86,4.1395348837209305,TrainData2_2_sub_1.png,156,22,7.090909090909091,TrainData2_2_sub_1.png
437,102,4.284313725490196,TrainData2_2_sub_11.png,322,33,9.757575757575758,TrainData2_2_sub_11.png
381,177,2.152542372881356,TrainData2_2_sub_13.png,169,39,4.333333333333333,TrainData2_2_sub_13.png
477,98,4.86734693877551,TrainData2_2_sub_15.png,258,31,8.32258064516129,TrainData2_2_sub_15.png
701,90,7.788888888888889,TrainData2_2_sub_17.png,328,22,14.909090909090908,TrainData2_2_sub_17.png
358,87,4.114942528735632,TrainData2_2_sub_20.png,203,22,9.227272727272727,TrainData2_2_sub_20.png
560,191,2.931937172774869,TrainData2_2_sub_29.png,144,31,4.645161290322581,TrainData2_2_sub_29.png
377,111,3.3963963963963963,TrainData2_2_sub_33.png,281,28,10.035714285714286,TrainData2_2_sub_33.png
671,103,6.514563106796117,TrainData2_2_sub_39.png,294,28,10.5,TrainData2_2_sub_39.png
368,166,2.216867469879518,TrainData2_2_sub_41.png,133,42,3.1666666666666665,TrainData2_2_sub_41.png
274,176,1.5568181818181819,TrainData2_2_sub_43.png,92,36,2.5555555555555554,TrainData2_2_sub_43.png
325,182,1.7857142857142858,TrainData2_2_sub_46.png,125,50,2.5,TrainData2_2_sub_46.png
503,169,2.9763313609467454,TrainData2_2_sub_51.png,233,47,4.957446808510638,TrainData2_2_sub_51.png
662,118,5.610169491525424,TrainData2_2_sub_6.png,197,25,7.88,TrainData2_2_sub_6.png
249,104,2.394230769230769,TrainData2_2_sub_61.png,169,33,5.121212121212121,TrainData2_2_sub_61.png
400,98,4.081632653061225,TrainData2_2_sub_63.png,194,33,5.878787878787879,TrainData2_2_sub_63.png
386,187,2.064171122994652,TrainData2_2_sub_71.png,119,36,3.3055555555555554,TrainData2_2_sub_71.png
564,101,5.584158415841584,TrainData2_2_sub_73.png,328,33,9.93939393939394,TrainData2_2_sub_73.png
392,120,3.2666666666666666,TrainData2_2_sub_88.png,128,25,5.12,TrainData2_2_sub_88.png
197,85,2.3176470588235296,TrainData2_2_sub_9.png,122,28,4.357142857142857,TrainData2_2_sub_9.png
280,96,2.9166666666666665,TrainData2_2_sub_95.png,261,67,3.8955223880597014,TrainData2_2_sub_95.png
365,244,1.4959016393442623,TrainData2_2_sub_98.png,142,67,2.1194029850746268,TrainData2_2_sub_98.png
370,87,4.252873563218391,TrainData2_3_sub_1.png,156,22,7.090909090909091,TrainData2_3_sub_1.png
415,115,3.608695652173913,TrainData2_3_sub_11.png,322,33,9.757575757575758,TrainData2_3_sub_11.png
609,187,3.2566844919786098,TrainData2_3_sub_13.png,169,39,4.333333333333333,TrainData2_3_sub_13.png
458,76,6.026315789473684,TrainData2_3_sub_15.png,258,31,8.32258064516129,TrainData2_3_sub_15.png
603,87,6.931034482758621,TrainData2_3_sub_17.png,328,22,14.909090909090908,TrainData2_3_sub_17.png
465,86,5.406976744186046,TrainData2_3_sub_20.png,203,22,9.227272727272727,TrainData2_3_sub_20.png
448,172,2.604651162790698,TrainData2_3_sub_29.png,144,31,4.645161290322581,TrainData2_3_sub_29.png
476,97,4.907216494845361,TrainData2_3_sub_33.png,281,28,10.035714285714286,TrainData2_3_sub_33.png
670,95,7.052631578947368,TrainData2_3_sub_39.png,294,28,10.5,TrainData2_3_sub_39.png
443,196,2.260204081632653,TrainData2_3_sub_41.png,133,42,3.1666666666666665,TrainData2_3_sub_41.png
388,197,1.9695431472081217,TrainData2_3_sub_43.png,92,36,2.5555555555555554,TrainData2_3_sub_43.png
368,146,2.5205479452054793,TrainData2_3_sub_46.png,125,50,2.5,TrainData2_3_sub_46.png
626,189,3.312169312169312,TrainData2_3_sub_51.png,233,47,4.957446808510638,TrainData2_3_sub_51.png
541,107,5.05607476635514,TrainData2_3_sub_6.png,197,25,7.88,TrainData2_3_sub_6.png
290,113,2.566371681415929,TrainData2_3_sub_61.png,172,33,5.212121212121212,TrainData2_3_sub_61.png
448,144,3.111111111111111,TrainData2_3_sub_63.png,194,33,5.878787878787879,TrainData2_3_sub_63.png
473,193,2.4507772020725387,TrainData2_3_sub_71.png,119,36,3.3055555555555554,TrainData2_3_sub_71.png
526,101,5.207920792079208,TrainData2_3_sub_73.png,328,33,9.93939393939394,TrainData2_3_sub_73.png
313,81,3.8641975308641974,TrainData2_3_sub_88.png,128,25,5.12,TrainData2_3_sub_88.png
214,100,2.14,TrainData2_3_sub_9.png,122,28,4.357142857142857,TrainData2_3_sub_9.png
290,104,2.7884615384615383,TrainData2_3_sub_95.png,261,67,3.8955223880597014,TrainData2_3_sub_95.png
491,227,2.1629955947136565,TrainData2_3_sub_98.png,142,67,2.1194029850746268,TrainData2_3_sub_98.png
330,76,4.342105263157895,TrainData2_4_sub_1.png,156,22,7.090909090909091,TrainData2_4_sub_1.png
468,112,4.178571428571429,TrainData2_4_sub_11.png,322,33,9.757575757575758,TrainData2_4_sub_11.png
406,232,1.75,TrainData2_4_sub_13.png,169,39,4.333333333333333,TrainData2_4_sub_13.png
505,83,6.0843373493975905,TrainData2_4_sub_15.png,258,31,8.32258064516129,TrainData2_4_sub_15.png
743,86,8.63953488372093,TrainData2_4_sub_17.png,328,22,14.909090909090908,TrainData2_4_sub_17.png
349,75,4.653333333333333,TrainData2_4_sub_20.png,203,22,9.227272727272727,TrainData2_4_sub_20.png
473,128,3.6953125,TrainData2_4_sub_29.png,144,31,4.645161290322581,TrainData2_4_sub_29.png
522,98,5.326530612244898,TrainData2_4_sub_33.png,281,28,10.035714285714286,TrainData2_4_sub_33.png
633,81,7.814814814814815,TrainData2_4_sub_39.png,294,28,10.5,TrainData2_4_sub_39.png
397,173,2.2947976878612715,TrainData2_4_sub_41.png,133,42,3.1666666666666665,TrainData2_4_sub_41.png
338,202,1.6732673267326732,TrainData2_4_sub_43.png,92,36,2.5555555555555554,TrainData2_4_sub_43.png
387,186,2.0806451612903225,TrainData2_4_sub_46.png,125,50,2.5,TrainData2_4_sub_46.png
608,181,3.3591160220994474,TrainData2_4_sub_51.png,233,47,4.957446808510638,TrainData2_4_sub_51.png
520,104,5.0,TrainData2_4_sub_6.png,197,25,7.88,TrainData2_4_sub_6.png
334,112,2.982142857142857,TrainData2_4_sub_61.png,172,33,5.212121212121212,TrainData2_4_sub_61.png
372,105,3.5428571428571427,TrainData2_4_sub_63.png,194,33,5.878787878787879,TrainData2_4_sub_63.png
357,193,1.849740932642487,TrainData2_4_sub_71.png,119,36,3.3055555555555554,TrainData2_4_sub_71.png
590,115,5.130434782608695,TrainData2_4_sub_73.png,328,33,9.93939393939394,TrainData2_4_sub_73.png
331,82,4.036585365853658,TrainData2_4_sub_88.png,128,25,5.12,TrainData2_4_sub_88.png
209,89,2.348314606741573,TrainData2_4_sub_9.png,122,28,4.357142857142857,TrainData2_4_sub_9.png
286,102,2.803921568627451,TrainData2_4_sub_95.png,261,67,3.8955223880597014,TrainData2_4_sub_95.png
411,237,1.7341772151898733,TrainData2_4_sub_98.png,142,67,2.1194029850746268,TrainData2_4_sub_98.png
283,72,3.9305555555555554,TrainData2_5_sub_1.png,156,22,7.090909090909091,TrainData2_5_sub_1.png
405,118,3.4322033898305087,TrainData2_5_sub_11.png,322,33,9.757575757575758,TrainData2_5_sub_11.png
523,174,3.0057471264367814,TrainData2_5_sub_13.png,169,39,4.333333333333333,TrainData2_5_sub_13.png
397,72,5.513888888888889,TrainData2_5_sub_15.png,258,31,8.32258064516129,TrainData2_5_sub_15.png
603,81,7.444444444444445,TrainData2_5_sub_17.png,328,22,14.909090909090908,TrainData2_5_sub_17.png
358,84,4.261904761904762,TrainData2_5_sub_20.png,203,22,9.227272727272727,TrainData2_5_sub_20.png
420,135,3.111111111111111,TrainData2_5_sub_29.png,144,31,4.645161290322581,TrainData2_5_sub_29.png
489,118,4.1440677966101696,TrainData2_5_sub_33.png,281,28,10.035714285714286,TrainData2_5_sub_33.png
565,79,7.151898734177215,TrainData2_5_sub_39.png,294,28,10.5,TrainData2_5_sub_39.png
369,165,2.2363636363636363,TrainData2_5_sub_41.png,133,42,3.1666666666666665,TrainData2_5_sub_41.png
298,183,1.6284153005464481,TrainData2_5_sub_43.png,92,36,2.5555555555555554,TrainData2_5_sub_43.png
354,177,2.0,TrainData2_5_sub_46.png,125,50,2.5,TrainData2_5_sub_46.png
566,185,3.0594594594594593,TrainData2_5_sub_51.png,233,47,4.957446808510638,TrainData2_5_sub_51.png
464,109,4.256880733944954,TrainData2_5_sub_6.png,197,25,7.88,TrainData2_5_sub_6.png
285,126,2.261904761904762,TrainData2_5_sub_61.png,172,33,5.212121212121212,TrainData2_5_sub_61.png
440,106,4.150943396226415,TrainData2_5_sub_63.png,194,33,5.878787878787879,TrainData2_5_sub_63.png
468,177,2.6440677966101696,TrainData2_5_sub_71.png,119,36,3.3055555555555554,TrainData2_5_sub_71.png
525,103,5.097087378640777,TrainData2_5_sub_73.png,328,33,9.93939393939394,TrainData2_5_sub_73.png
302,89,3.393258426966292,TrainData2_5_sub_88.png,128,25,5.12,TrainData2_5_sub_88.png
211,97,2.1752577319587627,TrainData2_5_sub_9.png,122,28,4.357142857142857,TrainData2_5_sub_9.png
296,118,2.5084745762711864,TrainData2_5_sub_95.png,261,67,3.8955223880597014,TrainData2_5_sub_95.png
422,245,1.7224489795918367,TrainData2_5_sub_98.png,142,67,2.1194029850746268,TrainData2_5_sub_98.png
378,104,3.6346153846153846,TrainData2_6_sub_1.png,156,22,7.090909090909091,TrainData2_6_sub_1.png
382,144,2.6527777777777777,TrainData2_6_sub_11.png,322,33,9.757575757575758,TrainData2_6_sub_11.png
638,196,3.2551020408163267,TrainData2_6_sub_13.png,169,39,4.333333333333333,TrainData2_6_sub_13.png
362,100,3.62,TrainData2_6_sub_15.png,258,31,8.32258064516129,TrainData2_6_sub_15.png
543,97,5.597938144329897,TrainData2_6_sub_17.png,328,22,14.909090909090908,TrainData2_6_sub_17.png
256,72,3.5555555555555554,TrainData2_6_sub_20.png,203,22,9.227272727272727,TrainData2_6_sub_20.png
428,174,2.4597701149425286,TrainData2_6_sub_29.png,144,31,4.645161290322581,TrainData2_6_sub_29.png
456,119,3.831932773109244,TrainData2_6_sub_33.png,281,28,10.035714285714286,TrainData2_6_sub_33.png
566,89,6.359550561797753,TrainData2_6_sub_39.png,294,28,10.5,TrainData2_6_sub_39.png
367,175,2.097142857142857,TrainData2_6_sub_41.png,133,42,3.1666666666666665,TrainData2_6_sub_41.png
283,164,1.725609756097561,TrainData2_6_sub_43.png,92,36,2.5555555555555554,TrainData2_6_sub_43.png
286,155,1.8451612903225807,TrainData2_6_sub_46.png,125,50,2.5,TrainData2_6_sub_46.png
432,163,2.6503067484662575,TrainData2_6_sub_51.png,233,47,4.957446808510638,TrainData2_6_sub_51.png
454,104,4.365384615384615,TrainData2_6_sub_6.png,197,25,7.88,TrainData2_6_sub_6.png
237,118,2.0084745762711864,TrainData2_6_sub_61.png,172,33,5.212121212121212,TrainData2_6_sub_61.png
256,97,2.6391752577319587,TrainData2_6_sub_63.png,194,33,5.878787878787879,TrainData2_6_sub_63.png
395,168,2.3511904761904763,TrainData2_6_sub_71.png,119,36,3.3055555555555554,TrainData2_6_sub_71.png
360,86,4.186046511627907,TrainData2_6_sub_73.png,328,33,9.93939393939394,TrainData2_6_sub_73.png
237,87,2.7241379310344827,TrainData2_6_sub_88.png,128,25,5.12,TrainData2_6_sub_88.png
210,105,2.0,TrainData2_6_sub_9.png,122,28,4.357142857142857,TrainData2_6_sub_9.png
278,114,2.43859649122807,TrainData2_6_sub_95.png,261,67,3.8955223880597014,TrainData2_6_sub_95.png
386,238,1.6218487394957983,TrainData2_6_sub_98.png,142,67,2.1194029850746268,TrainData2_6_sub_98.png
308,80,3.85,TrainData2_7_sub_1.png,156,22,7.090909090909091,TrainData2_7_sub_1.png
499,107,4.663551401869159,TrainData2_7_sub_11.png,322,33,9.757575757575758,TrainData2_7_sub_11.png
497,170,2.9235294117647057,TrainData2_7_sub_13.png,169,39,4.333333333333333,TrainData2_7_sub_13.png
387,78,4.961538461538462,TrainData2_7_sub_15.png,258,31,8.32258064516129,TrainData2_7_sub_15.png
499,87,5.735632183908046,TrainData2_7_sub_17.png,328,22,14.909090909090908,TrainData2_7_sub_17.png
304,69,4.405797101449275,TrainData2_7_sub_20.png,203,22,9.227272727272727,TrainData2_7_sub_20.png
325,126,2.5793650793650795,TrainData2_7_sub_29.png,144,31,4.645161290322581,TrainData2_7_sub_29.png
393,93,4.225806451612903,TrainData2_7_sub_33.png,281,28,10.035714285714286,TrainData2_7_sub_33.png
471,85,5.541176470588235,TrainData2_7_sub_39.png,294,28,10.5,TrainData2_7_sub_39.png
340,158,2.151898734177215,TrainData2_7_sub_41.png,133,42,3.1666666666666665,TrainData2_7_sub_41.png
383,158,2.4240506329113924,TrainData2_7_sub_43.png,92,36,2.5555555555555554,TrainData2_7_sub_43.png
270,142,1.9014084507042253,TrainData2_7_sub_46.png,125,50,2.5,TrainData2_7_sub_46.png
581,144,4.034722222222222,TrainData2_7_sub_51.png,233,47,4.957446808510638,TrainData2_7_sub_51.png
431,90,4.788888888888889,TrainData2_7_sub_6.png,197,25,7.88,TrainData2_7_sub_6.png
294,117,2.5128205128205128,TrainData2_7_sub_61.png,172,33,5.212121212121212,TrainData2_7_sub_61.png
297,117,2.5384615384615383,TrainData2_7_sub_63.png,194,33,5.878787878787879,TrainData2_7_sub_63.png
355,147,2.4149659863945576,TrainData2_7_sub_71.png,119,36,3.3055555555555554,TrainData2_7_sub_71.png
358,109,3.2844036697247705,TrainData2_7_sub_73.png,325,33,9.848484848484848,TrainData2_7_sub_73.png
273,80,3.4125,TrainData2_7_sub_88.png,128,25,5.12,TrainData2_7_sub_88.png
207,93,2.225806451612903,TrainData2_7_sub_9.png,122,28,4.357142857142857,TrainData2_7_sub_9.png
287,86,3.3372093023255816,TrainData2_7_sub_95.png,261,67,3.8955223880597014,TrainData2_7_sub_95.png
409,215,1.9023255813953488,TrainData2_7_sub_98.png,142,67,2.1194029850746268,TrainData2_7_sub_98.png
426,93,4.580645161290323,TrainData2_8_sub_1.png,156,22,7.090909090909091,TrainData2_8_sub_1.png
493,120,4.108333333333333,TrainData2_8_sub_11.png,322,33,9.757575757575758,TrainData2_8_sub_11.png
672,247,2.720647773279352,TrainData2_8_sub_13.png,169,39,4.333333333333333,TrainData2_8_sub_13.png
432,93,4.645161290322581,TrainData2_8_sub_15.png,258,31,8.32258064516129,TrainData2_8_sub_15.png
674,95,7.094736842105263,TrainData2_8_sub_17.png,328,22,14.909090909090908,TrainData2_8_sub_17.png
428,80,5.35,TrainData2_8_sub_20.png,203,22,9.227272727272727,TrainData2_8_sub_20.png
394,138,2.8550724637681157,TrainData2_8_sub_29.png,144,31,4.645161290322581,TrainData2_8_sub_29.png
425,92,4.619565217391305,TrainData2_8_sub_33.png,281,28,10.035714285714286,TrainData2_8_sub_33.png
741,103,7.194174757281553,TrainData2_8_sub_39.png,294,28,10.5,TrainData2_8_sub_39.png
397,172,2.308139534883721,TrainData2_8_sub_41.png,133,42,3.1666666666666665,TrainData2_8_sub_41.png
288,176,1.6363636363636365,TrainData2_8_sub_43.png,92,36,2.5555555555555554,TrainData2_8_sub_43.png
291,175,1.6628571428571428,TrainData2_8_sub_46.png,125,50,2.5,TrainData2_8_sub_46.png
640,193,3.316062176165803,TrainData2_8_sub_51.png,233,47,4.957446808510638,TrainData2_8_sub_51.png
536,95,5.6421052631578945,TrainData2_8_sub_6.png,197,25,7.88,TrainData2_8_sub_6.png
236,120,1.9666666666666666,TrainData2_8_sub_61.png,172,33,5.212121212121212,TrainData2_8_sub_61.png
365,96,3.8020833333333335,TrainData2_8_sub_63.png,194,33,5.878787878787879,TrainData2_8_sub_63.png
387,217,1.7834101382488479,TrainData2_8_sub_71.png,119,36,3.3055555555555554,TrainData2_8_sub_71.png
415,114,3.6403508771929824,TrainData2_8_sub_73.png,328,33,9.93939393939394,TrainData2_8_sub_73.png
332,96,3.4583333333333335,TrainData2_8_sub_88.png,128,25,5.12,TrainData2_8_sub_88.png
172,97,1.7731958762886597,TrainData2_8_sub_9.png,122,28,4.357142857142857,TrainData2_8_sub_9.png
296,114,2.5964912280701755,TrainData2_8_sub_95.png,261,67,3.8955223880597014,TrainData2_8_sub_95.png
429,206,2.0825242718446604,TrainData2_8_sub_98.png,142,67,2.1194029850746268,TrainData2_8_sub_98.png
262,75,3.493333333333333,TrainData2_9_sub_1.png,156,22,7.090909090909091,TrainData2_9_sub_1.png
434,107,4.05607476635514,TrainData2_9_sub_11.png,322,33,9.757575757575758,TrainData2_9_sub_11.png
572,172,3.3255813953488373,TrainData2_9_sub_13.png,169,39,4.333333333333333,TrainData2_9_sub_13.png
388,91,4.263736263736264,TrainData2_9_sub_15.png,258,31,8.32258064516129,TrainData2_9_sub_15.png
632,89,7.101123595505618,TrainData2_9_sub_17.png,328,22,14.909090909090908,TrainData2_9_sub_17.png
373,85,4.3882352941176475,TrainData2_9_sub_20.png,203,22,9.227272727272727,TrainData2_9_sub_20.png
430,159,2.7044025157232703,TrainData2_9_sub_29.png,144,31,4.645161290322581,TrainData2_9_sub_29.png
468,104,4.5,TrainData2_9_sub_33.png,281,28,10.035714285714286,TrainData2_9_sub_33.png
660,83,7.951807228915663,TrainData2_9_sub_39.png,294,28,10.5,TrainData2_9_sub_39.png
541,218,2.481651376146789,TrainData2_9_sub_41.png,133,42,3.1666666666666665,TrainData2_9_sub_41.png
466,216,2.1574074074074074,TrainData2_9_sub_43.png,92,36,2.5555555555555554,TrainData2_9_sub_43.png
329,164,2.0060975609756095,TrainData2_9_sub_46.png,125,50,2.5,TrainData2_9_sub_46.png
521,183,2.8469945355191255,TrainData2_9_sub_51.png,233,47,4.957446808510638,TrainData2_9_sub_51.png
353,85,4.152941176470589,TrainData2_9_sub_6.png,197,25,7.88,TrainData2_9_sub_6.png
286,120,2.3833333333333333,TrainData2_9_sub_61.png,172,33,5.212121212121212,TrainData2_9_sub_61.png
388,116,3.3448275862068964,TrainData2_9_sub_63.png,194,33,5.878787878787879,TrainData2_9_sub_63.png
446,217,2.055299539170507,TrainData2_9_sub_71.png,119,36,3.3055555555555554,TrainData2_9_sub_71.png
486,100,4.86,TrainData2_9_sub_73.png,328,33,9.93939393939394,TrainData2_9_sub_73.png
297,93,3.193548387096774,TrainData2_9_sub_88.png,128,25,5.12,TrainData2_9_sub_88.png
221,93,2.3763440860215055,TrainData2_9_sub_9.png,122,28,4.357142857142857,TrainData2_9_sub_9.png
343,95,3.610526315789474,TrainData2_9_sub_95.png,261,67,3.8955223880597014,TrainData2_9_sub_95.png
465,236,1.9703389830508475,TrainData2_9_sub_98.png,142,67,2.1194029850746268,TrainData2_9_sub_98.png
188,64,2.9375,form000-equation001.png,92,22,4.181818181818182,form000-equation001.png
89,65,1.3692307692307693,form000-equation011.png,42,28,1.5,form000-equation011.png
685,89,7.696629213483146,form003-equation016.png,225,25,9.0,form003-equation016.png
210,70,3.0,form005-equation018.png,128,25,5.12,form005-equation018.png
92,69,1.3333333333333333,formulaire001-equation001.png,53,28,1.8928571428571428,formulaire001-equation001.png
430,106,4.056603773584905,formulaire001-equation002.png,178,28,6.357142857142857,formulaire001-equation002.png
883,107,8.25233644859813,formulaire001-equation003.png,536,33,16.242424242424242,formulaire001-equation003.png
136,81,1.6790123456790123,formulaire001-equation007.png,64,28,2.2857142857142856,formulaire001-equation007.png
496,127,3.905511811023622,formulaire001-equation009.png,150,25,6.0,formulaire001-equation009.png
478,79,6.050632911392405,formulaire001-equation010.png,181,22,8.227272727272727,formulaire001-equation010.png
589,82,7.182926829268292,formulaire001-equation011.png,353,33,10.696969696969697,formulaire001-equation011.png
262,74,3.5405405405405403,formulaire001-equation012.png,103,28,3.6785714285714284,formulaire001-equation012.png
206,104,1.9807692307692308,formulaire001-equation013.png,56,25,2.24,formulaire001-equation013.png
191,94,2.0319148936170213,formulaire001-equation014.png,94,31,3.032258064516129,formulaire001-equation014.png
443,91,4.868131868131868,formulaire001-equation015.png,139,22,6.318181818181818,formulaire001-equation015.png
780,85,9.176470588235293,formulaire001-equation016.png,414,28,14.785714285714286,formulaire001-equation016.png
1292,109,11.853211009174313,formulaire001-equation017.png,356,25,14.24,formulaire001-equation017.png
232,133,1.744360902255639,formulaire001-equation018.png,94,39,2.41025641025641,formulaire001-equation018.png
325,97,3.350515463917526,formulaire001-equation019.png,94,19,4.947368421052632,formulaire001-equation019.png
137,113,1.2123893805309736,formulaire001-equation023.png,42,25,1.68,formulaire001-equation023.png
499,70,7.128571428571429,formulaire001-equation024.png,222,22,10.090909090909092,formulaire001-equation024.png
518,99,5.232323232323233,formulaire001-equation026.png,125,25,5.0,formulaire001-equation026.png
462,139,3.323741007194245,formulaire001-equation027.png,128,33,3.878787878787879,formulaire001-equation027.png
283,98,2.8877551020408165,formulaire001-equation028.png,75,22,3.409090909090909,formulaire001-equation028.png
254,83,3.0602409638554215,formulaire001-equation029.png,89,25,3.56,formulaire001-equation029.png
402,76,5.2894736842105265,formulaire001-equation030.png,150,22,6.818181818181818,formulaire001-equation030.png
196,147,1.3333333333333333,formulaire001-equation031.png,44,33,1.3333333333333333,formulaire001-equation031.png
210,94,2.234042553191489,formulaire001-equation032.png,61,28,2.1785714285714284,formulaire001-equation032.png
248,89,2.7865168539325844,formulaire001-equation033.png,103,25,4.12,formulaire001-equation033.png
568,95,5.978947368421053,formulaire001-equation034.png,242,28,8.642857142857142,formulaire001-equation034.png
268,66,4.0606060606060606,formulaire001-equation035.png,133,28,4.75,formulaire001-equation035.png
892,132,6.757575757575758,formulaire001-equation036.png,231,28,8.25,formulaire001-equation036.png
758,125,6.064,formulaire001-equation039.png,225,28,8.035714285714286,formulaire001-equation039.png
238,93,2.5591397849462365,formulaire001-equation041.png,89,25,3.56,formulaire001-equation041.png
664,144,4.611111111111111,formulaire001-equation042.png,222,39,5.6923076923076925,formulaire001-equation042.png
581,84,6.916666666666667,formulaire001-equation044.png,358,31,11.548387096774194,formulaire001-equation044.png
644,85,7.576470588235294,formulaire001-equation045.png,347,28,12.392857142857142,formulaire001-equation045.png
601,79,7.6075949367088604,formulaire001-equation046.png,289,31,9.32258064516129,formulaire001-equation046.png
132,74,1.7837837837837838,formulaire001-equation047.png,58,28,2.0714285714285716,formulaire001-equation047.png
194,81,2.3950617283950617,formulaire001-equation048.png,83,25,3.32,formulaire001-equation048.png
77,81,0.9506172839506173,formulaire001-equation049.png,36,22,1.6363636363636365,formulaire001-equation049.png
422,73,5.780821917808219,formulaire001-equation050.png,278,28,9.928571428571429,formulaire001-equation050.png
86,70,1.2285714285714286,formulaire001-equation051.png,50,28,1.7857142857142858,formulaire001-equation051.png
213,112,1.9017857142857142,formulaire001-equation052.png,94,36,2.611111111111111,formulaire001-equation052.png
419,96,4.364583333333333,formulaire001-equation053.png,133,25,5.32,formulaire001-equation053.png
149,121,1.2314049586776858,formulaire001-equation054.png,42,22,1.9090909090909092,formulaire001-equation054.png
353,84,4.2023809523809526,formulaire001-equation056.png,139,25,5.56,formulaire001-equation056.png
175,86,2.0348837209302326,formulaire001-equation058.png,83,25,3.32,formulaire001-equation058.png
227,91,2.4945054945054945,formulaire001-equation059.png,111,33,3.3636363636363638,formulaire001-equation059.png
513,83,6.180722891566265,formulaire001-equation060.png,236,22,10.727272727272727,formulaire001-equation060.png
519,97,5.350515463917525,formulaire001-equation062.png,242,31,7.806451612903226,formulaire001-equation062.png
85,82,1.0365853658536586,formulaire001-equation064.png,39,28,1.3928571428571428,formulaire001-equation064.png
144,86,1.6744186046511629,formulaire001-equation066.png,83,33,2.515151515151515,formulaire001-equation066.png
168,82,2.048780487804878,formulaire001-equation067.png,103,28,3.6785714285714284,formulaire001-equation067.png
267,96,2.78125,formulaire001-equation068.png,181,33,5.484848484848484,formulaire001-equation068.png
479,103,4.650485436893204,formulaire001-equation069.png,264,64,4.125,formulaire001-equation069.png
659,78,8.448717948717949,formulaire001-equation070.png,358,28,12.785714285714286,formulaire001-equation070.png
568,79,7.189873417721519,formulaire001-equation071.png,214,25,8.56,formulaire001-equation071.png
302,87,3.471264367816092,formulaire001-equation072.png,128,28,4.571428571428571,formulaire001-equation072.png
283,80,3.5375,formulaire001-equation074.png,114,28,4.071428571428571,formulaire001-equation074.png
415,100,4.15,formulaire002-equation001.png,119,33,3.606060606060606,formulaire002-equation001.png
645,76,8.486842105263158,formulaire002-equation002.png,406,28,14.5,formulaire002-equation002.png
551,74,7.445945945945946,formulaire002-equation003.png,342,28,12.214285714285714,formulaire002-equation003.png
171,63,2.7142857142857144,formulaire002-equation004.png,64,19,3.3684210526315788,formulaire002-equation004.png
541,82,6.597560975609756,formulaire002-equation006.png,278,28,9.928571428571429,formulaire002-equation006.png
811,156,5.198717948717949,formulaire002-equation007.png,447,44,10.159090909090908,formulaire002-equation007.png
329,91,3.6153846153846154,formulaire002-equation009.png,131,28,4.678571428571429,formulaire002-equation009.png
653,80,8.1625,formulaire002-equation010.png,375,28,13.392857142857142,formulaire002-equation010.png
480,147,3.2653061224489797,formulaire002-equation011.png,150,31,4.838709677419355,formulaire002-equation011.png
423,80,5.2875,formulaire002-equation012.png,189,28,6.75,formulaire002-equation012.png
373,98,3.806122448979592,formulaire002-equation013.png,128,31,4.129032258064516,formulaire002-equation013.png
307,78,3.9358974358974357,formulaire002-equation014.png,86,19,4.526315789473684,formulaire002-equation014.png
737,80,9.2125,formulaire002-equation015.png,397,28,14.178571428571429,formulaire002-equation015.png
147,103,1.4271844660194175,formulaire002-equation016.png,64,25,2.56,formulaire002-equation016.png
470,150,3.1333333333333333,formulaire002-equation017.png,111,33,3.3636363636363638,formulaire002-equation017.png
186,93,2.0,formulaire002-equation018.png,86,28,3.0714285714285716,formulaire002-equation018.png
84,81,1.037037037037037,formulaire002-equation019.png,36,19,1.894736842105263,formulaire002-equation019.png
278,88,3.159090909090909,formulaire002-equation021.png,122,28,4.357142857142857,formulaire002-equation021.png
627,113,5.548672566371682,formulaire002-equation022.png,314,33,9.515151515151516,formulaire002-equation022.png
160,93,1.7204301075268817,formulaire002-equation023.png,83,33,2.515151515151515,formulaire002-equation023.png
89,69,1.289855072463768,formulaire002-equation024.png,69,28,2.4642857142857144,formulaire002-equation024.png
572,68,8.411764705882353,formulaire002-equation025.png,378,28,13.5,formulaire002-equation025.png
188,86,2.186046511627907,formulaire002-equation027.png,97,28,3.4642857142857144,formulaire002-equation027.png
437,92,4.75,formulaire002-equation028.png,97,22,4.409090909090909,formulaire002-equation028.png
415,119,3.4873949579831933,formulaire002-equation029.png,197,39,5.051282051282051,formulaire002-equation029.png
367,73,5.027397260273973,formulaire002-equation030.png,169,28,6.035714285714286,formulaire002-equation030.png
136,87,1.5632183908045978,formulaire002-equation031.png,72,28,2.5714285714285716,formulaire002-equation031.png
520,113,4.601769911504425,formulaire002-equation032.png,156,25,6.24,formulaire002-equation032.png
104,75,1.3866666666666667,formulaire002-equation033.png,64,28,2.2857142857142856,formulaire002-equation033.png
516,84,6.142857142857143,formulaire002-equation035.png,175,22,7.954545454545454,formulaire002-equation035.png
305,64,4.765625,formulaire002-equation036.png,92,22,4.181818181818182,formulaire002-equation036.png
136,82,1.6585365853658536,formulaire002-equation037.png,64,25,2.56,formulaire002-equation037.png
186,86,2.1627906976744184,formulaire002-equation038.png,81,28,2.892857142857143,formulaire002-equation038.png
119,71,1.676056338028169,formulaire002-equation039.png,61,25,2.44,formulaire002-equation039.png
316,85,3.7176470588235295,formulaire002-equation041.png,139,28,4.964285714285714,formulaire002-equation041.png
133,135,0.9851851851851852,formulaire002-equation042.png,56,42,1.3333333333333333,formulaire002-equation042.png
240,140,1.7142857142857142,formulaire002-equation043.png,75,33,2.272727272727273,formulaire002-equation043.png
143,78,1.8333333333333333,formulaire002-equation044.png,83,28,2.9642857142857144,formulaire002-equation044.png
115,98,1.1734693877551021,formulaire002-equation046.png,44,25,1.76,formulaire002-equation046.png
773,99,7.808080808080808,formulaire002-equation047.png,389,31,12.548387096774194,formulaire002-equation047.png
232,80,2.9,formulaire002-equation048.png,86,25,3.44,formulaire002-equation048.png
363,75,4.84,formulaire002-equation050.png,197,28,7.035714285714286,formulaire002-equation050.png
171,178,0.9606741573033708,formulaire002-equation051.png,53,33,1.606060606060606,formulaire002-equation051.png
681,103,6.611650485436893,formulaire002-equation052.png,175,25,7.0,formulaire002-equation052.png
710,92,7.717391304347826,formulaire002-equation053.png,414,31,13.35483870967742,formulaire002-equation053.png
711,165,4.3090909090909095,formulaire002-equation054.png,367,78,4.705128205128205,formulaire002-equation054.png
383,70,5.4714285714285715,formulaire002-equation055.png,222,28,7.928571428571429,formulaire002-equation055.png
276,104,2.6538461538461537,formulaire002-equation056.png,81,25,3.24,formulaire002-equation056.png
406,121,3.355371900826446,formulaire002-equation057.png,181,33,5.484848484848484,formulaire002-equation057.png
358,155,2.3096774193548386,formulaire002-equation058.png,111,31,3.5806451612903225,formulaire002-equation058.png
476,104,4.576923076923077,formulaire002-equation059.png,381,67,5.686567164179104,formulaire002-equation059.png
351,67,5.2388059701492535,formulaire002-equation060.png,231,28,8.25,formulaire002-equation060.png
289,80,3.6125,formulaire002-equation062.png,128,28,4.571428571428571,formulaire002-equation062.png
383,142,2.6971830985915495,formulaire002-equation063.png,189,39,4.846153846153846,formulaire002-equation063.png
243,99,2.4545454545454546,formulaire002-equation064.png,78,25,3.12,formulaire002-equation064.png
418,72,5.805555555555555,formulaire002-equation065.png,189,25,7.56,formulaire002-equation065.png
329,84,3.9166666666666665,formulaire002-equation066.png,67,25,2.68,formulaire002-equation066.png
344,77,4.467532467532467,formulaire002-equation067.png,186,31,6.0,formulaire002-equation067.png
415,86,4.825581395348837,formulaire002-equation068.png,175,28,6.25,formulaire002-equation068.png
622,103,6.038834951456311,formulaire002-equation069.png,308,28,11.0,formulaire002-equation069.png
373,77,4.8441558441558445,formulaire002-equation070.png,189,25,7.56,formulaire002-equation070.png
69,130,0.5307692307692308,formulaire002-equation071.png,17,33,0.5151515151515151,formulaire002-equation071.png
299,92,3.25,formulaire002-equation072.png,156,28,5.571428571428571,formulaire002-equation072.png
323,90,3.588888888888889,formulaire002-equation073.png,81,25,3.24,formulaire002-equation073.png
538,150,3.5866666666666664,formulaire002-equation074.png,233,44,5.295454545454546,formulaire002-equation074.png
373,82,4.548780487804878,formulaire003-equation000.png,139,22,6.318181818181818,formulaire003-equation000.png
180,165,1.0909090909090908,formulaire003-equation001.png,39,33,1.1818181818181819,formulaire003-equation001.png
213,85,2.5058823529411764,formulaire003-equation002.png,94,31,3.032258064516129,formulaire003-equation002.png
147,68,2.161764705882353,formulaire003-equation003.png,81,28,2.892857142857143,formulaire003-equation003.png
242,79,3.0632911392405062,formulaire003-equation004.png,106,28,3.7857142857142856,formulaire003-equation004.png
483,70,6.9,formulaire003-equation005.png,167,22,7.590909090909091,formulaire003-equation005.png
696,82,8.487804878048781,formulaire003-equation006.png,283,17,16.647058823529413,formulaire003-equation006.png
772,109,7.08256880733945,formulaire003-equation007.png,278,31,8.96774193548387,formulaire003-equation007.png
122,74,1.6486486486486487,formulaire003-equation008.png,36,19,1.894736842105263,formulaire003-equation008.png
446,93,4.795698924731183,formulaire003-equation009.png,131,25,5.24,formulaire003-equation009.png
719,74,9.716216216216216,formulaire003-equation010.png,439,28,15.678571428571429,formulaire003-equation010.png
147,89,1.651685393258427,formulaire003-equation011.png,50,25,2.0,formulaire003-equation011.png
86,65,1.323076923076923,formulaire003-equation012.png,47,28,1.6785714285714286,formulaire003-equation012.png
98,75,1.3066666666666666,formulaire003-equation013.png,36,25,1.44,formulaire003-equation013.png
380,105,3.619047619047619,formulaire003-equation014.png,153,28,5.464285714285714,formulaire003-equation014.png
186,67,2.7761194029850746,formulaire003-equation016.png,89,28,3.1785714285714284,formulaire003-equation016.png
476,127,3.748031496062992,formulaire003-equation017.png,250,64,3.90625,formulaire003-equation017.png
466,112,4.160714285714286,formulaire003-equation018.png,136,25,5.44,formulaire003-equation018.png
486,85,5.7176470588235295,formulaire003-equation020.png,153,22,6.954545454545454,formulaire003-equation020.png
346,121,2.8595041322314048,formulaire003-equation021.png,108,36,3.0,formulaire003-equation021.png
259,96,2.6979166666666665,formulaire003-equation022.png,78,25,3.12,formulaire003-equation022.png
162,76,2.1315789473684212,formulaire003-equation023.png,69,28,2.4642857142857144,formulaire003-equation023.png
413,108,3.824074074074074,formulaire003-equation024.png,161,31,5.193548387096774,formulaire003-equation024.png
869,74,11.743243243243244,formulaire003-equation025.png,611,28,21.821428571428573,formulaire003-equation025.png
450,80,5.625,formulaire003-equation026.png,186,25,7.44,formulaire003-equation026.png
267,68,3.926470588235294,formulaire003-equation027.png,158,28,5.642857142857143,formulaire003-equation027.png
458,86,5.325581395348837,formulaire003-equation028.png,225,25,9.0,formulaire003-equation028.png
307,88,3.4886363636363638,formulaire003-equation029.png,156,31,5.032258064516129,formulaire003-equation029.png
691,76,9.092105263157896,formulaire003-equation030.png,286,22,13.0,formulaire003-equation030.png
119,87,1.367816091954023,formulaire003-equation031.png,36,25,1.44,formulaire003-equation031.png
495,115,4.304347826086956,formulaire003-equation032.png,261,64,4.078125,formulaire003-equation032.png
392,81,4.839506172839506,formulaire003-equation033.png,250,31,8.064516129032258,formulaire003-equation033.png
466,85,5.482352941176471,formulaire003-equation034.png,133,19,7.0,formulaire003-equation034.png
104,115,0.9043478260869565,formulaire003-equation036.png,17,33,0.5151515151515151,formulaire003-equation036.png
359,83,4.325301204819277,formulaire003-equation037.png,239,28,8.535714285714286,formulaire003-equation037.png
526,116,4.5344827586206895,formulaire003-equation038.png,217,31,7.0,formulaire003-equation038.png
229,86,2.6627906976744184,formulaire003-equation039.png,81,25,3.24,formulaire003-equation039.png
594,78,7.615384615384615,formulaire003-equation040.png,411,28,14.678571428571429,formulaire003-equation040.png
147,71,2.0704225352112675,formulaire003-equation041.png,67,28,2.392857142857143,formulaire003-equation041.png
176,62,2.838709677419355,formulaire003-equation043.png,86,28,3.0714285714285716,formulaire003-equation043.png
388,80,4.85,formulaire003-equation044.png,169,22,7.681818181818182,formulaire003-equation044.png
438,88,4.9772727272727275,formulaire003-equation046.png,128,25,5.12,formulaire003-equation046.png
118,87,1.3563218390804597,formulaire003-equation047.png,83,31,2.6774193548387095,formulaire003-equation047.png
132,68,1.9411764705882353,formulaire003-equation048.png,64,25,2.56,formulaire003-equation048.png
733,73,10.04109589041096,formulaire003-equation050.png,433,28,15.464285714285714,formulaire003-equation050.png
152,66,2.303030303030303,formulaire003-equation051.png,50,22,2.272727272727273,formulaire003-equation051.png
134,124,1.0806451612903225,formulaire003-equation052.png,33,36,0.9166666666666666,formulaire003-equation052.png
533,145,3.6758620689655173,formulaire003-equation053.png,222,61,3.639344262295082,formulaire003-equation053.png
585,67,8.73134328358209,formulaire003-equation055.png,339,22,15.409090909090908,formulaire003-equation055.png
297,74,4.013513513513513,formulaire003-equation057.png,86,22,3.909090909090909,formulaire003-equation057.png
115,82,1.4024390243902438,formulaire003-equation058.png,36,25,1.44,formulaire003-equation058.png
1005,91,11.043956043956044,formulaire003-equation060.png,625,28,22.321428571428573,formulaire003-equation060.png
139,75,1.8533333333333333,formulaire003-equation061.png,47,19,2.473684210526316,formulaire003-equation061.png
470,105,4.476190476190476,formulaire003-equation062.png,161,25,6.44,formulaire003-equation062.png
363,80,4.5375,formulaire003-equation063.png,175,28,6.25,formulaire003-equation063.png
323,84,3.8452380952380953,formulaire003-equation066.png,169,28,6.035714285714286,formulaire003-equation066.png
195,81,2.4074074074074074,formulaire003-equation067.png,69,19,3.6315789473684212,formulaire003-equation067.png
455,142,3.204225352112676,formulaire003-equation068.png,181,42,4.309523809523809,formulaire003-equation068.png
327,84,3.892857142857143,formulaire003-equation069.png,186,28,6.642857142857143,formulaire003-equation069.png
906,78,11.615384615384615,formulaire003-equation070.png,533,28,19.035714285714285,formulaire003-equation070.png
206,75,2.7466666666666666,formulaire003-equation071.png,114,28,4.071428571428571,formulaire003-equation071.png
202,86,2.3488372093023258,formulaire003-equation072.png,69,19,3.6315789473684212,formulaire003-equation072.png
318,71,4.47887323943662,formulaire003-equation073.png,119,25,4.76,formulaire003-equation073.png
1653,107,15.448598130841122,formulaire003-equation074.png,517,25,20.68,formulaire003-equation074.png
838,73,11.479452054794521,formulaire004-equation000.png,550,28,19.642857142857142,formulaire004-equation000.png
156,67,2.328358208955224,formulaire004-equation003.png,75,25,3.0,formulaire004-equation003.png
417,74,5.635135135135135,formulaire004-equation005.png,203,25,8.12,formulaire004-equation005.png
210,75,2.8,formulaire004-equation009.png,125,33,3.787878787878788,formulaire004-equation009.png
84,86,0.9767441860465116,formulaire004-equation011.png,33,39,0.8461538461538461,formulaire004-equation011.png
170,74,2.2972972972972974,formulaire004-equation012.png,69,25,2.76,formulaire004-equation012.png
164,62,2.6451612903225805,formulaire004-equation013.png,64,22,2.909090909090909,formulaire004-equation013.png
802,128,6.265625,formulaire004-equation014.png,311,47,6.617021276595745,formulaire004-equation014.png
488,74,6.594594594594595,formulaire004-equation015.png,308,28,11.0,formulaire004-equation015.png
820,107,7.663551401869159,formulaire004-equation016.png,339,31,10.935483870967742,formulaire004-equation016.png
745,96,7.760416666666667,formulaire004-equation018.png,311,31,10.03225806451613,formulaire004-equation018.png
699,99,7.0606060606060606,formulaire004-equation019.png,319,31,10.290322580645162,formulaire004-equation019.png
492,82,6.0,formulaire004-equation020.png,278,28,9.928571428571429,formulaire004-equation020.png
359,75,4.786666666666667,formulaire004-equation021.png,233,31,7.516129032258065,formulaire004-equation021.png
174,73,2.3835616438356166,formulaire004-equation022.png,78,22,3.5454545454545454,formulaire004-equation022.png
268,73,3.671232876712329,formulaire004-equation023.png,111,22,5.045454545454546,formulaire004-equation023.png
883,93,9.494623655913978,formulaire004-equation024.png,539,31,17.387096774193548,formulaire004-equation024.png
199,74,2.689189189189189,formulaire004-equation026.png,78,22,3.5454545454545454,formulaire004-equation026.png
96,59,1.6271186440677967,formulaire004-equation027.png,50,28,1.7857142857142858,formulaire004-equation027.png
107,73,1.4657534246575343,formulaire004-equation029.png,56,28,2.0,formulaire004-equation029.png
517,76,6.802631578947368,formulaire004-equation030.png,308,28,11.0,formulaire004-equation030.png
397,85,4.670588235294118,formulaire004-equation031.png,222,25,8.88,formulaire004-equation031.png
455,137,3.321167883211679,formulaire004-equation033.png,153,39,3.923076923076923,formulaire004-equation033.png
710,85,8.352941176470589,formulaire004-equation034.png,325,25,13.0,formulaire004-equation034.png
897,102,8.794117647058824,formulaire004-equation036.png,533,31,17.193548387096776,formulaire004-equation036.png
311,95,3.2736842105263158,formulaire004-equation037.png,103,19,5.421052631578948,formulaire004-equation037.png
160,91,1.7582417582417582,formulaire004-equation038.png,61,22,2.772727272727273,formulaire004-equation038.png
225,160,1.40625,formulaire004-equation039.png,64,64,1.0,formulaire004-equation039.png
1120,99,11.313131313131313,formulaire004-equation041.png,328,25,13.12,formulaire004-equation041.png
650,92,7.065217391304348,formulaire004-equation042.png,267,28,9.535714285714286,formulaire004-equation042.png
188,79,2.3797468354430378,formulaire004-equation043.png,81,19,4.2631578947368425,formulaire004-equation043.png
303,122,2.4836065573770494,formulaire004-equation044.png,97,31,3.129032258064516,formulaire004-equation044.png
311,147,2.1156462585034013,formulaire004-equation046.png,97,31,3.129032258064516,formulaire004-equation046.png
519,132,3.9318181818181817,formulaire004-equation047.png,275,61,4.508196721311475,formulaire004-equation047.png
234,75,3.12,formulaire004-equation048.png,97,28,3.4642857142857144,formulaire004-equation048.png
160,82,1.951219512195122,formulaire004-equation049.png,89,28,3.1785714285714284,formulaire004-equation049.png
204,112,1.8214285714285714,formulaire004-equation051.png,94,39,2.41025641025641,formulaire004-equation051.png
206,61,3.377049180327869,formulaire004-equation052.png,81,19,4.2631578947368425,formulaire004-equation052.png
637,102,6.245098039215686,formulaire004-equation054.png,247,31,7.967741935483871,formulaire004-equation054.png
931,74,12.58108108108108,formulaire004-equation055.png,653,28,23.321428571428573,formulaire004-equation055.png
84,70,1.2,formulaire004-equation056.png,50,28,1.7857142857142858,formulaire004-equation056.png
619,82,7.548780487804878,formulaire004-equation057.png,439,28,15.678571428571429,formulaire004-equation057.png
555,82,6.7682926829268295,formulaire004-equation059.png,247,31,7.967741935483871,formulaire004-equation059.png
609,94,6.4787234042553195,formulaire004-equation061.png,250,25,10.0,formulaire004-equation061.png
579,132,4.386363636363637,formulaire004-equation062.png,256,67,3.8208955223880596,formulaire004-equation062.png
192,79,2.430379746835443,formulaire004-equation063.png,64,19,3.3684210526315788,formulaire004-equation063.png
626,90,6.955555555555556,formulaire004-equation064.png,281,22,12.772727272727273,formulaire004-equation064.png
465,81,5.7407407407407405,formulaire004-equation067.png,181,25,7.24,formulaire004-equation067.png
284,107,2.6542056074766354,formulaire004-equation068.png,114,28,4.071428571428571,formulaire004-equation068.png
515,181,2.845303867403315,formulaire004-equation069.png,186,125,1.488,formulaire004-equation069.png
405,82,4.939024390243903,formulaire004-equation070.png,150,22,6.818181818181818,formulaire004-equation070.png
88,81,1.0864197530864197,formulaire004-equation071.png,28,33,0.8484848484848485,formulaire004-equation071.png
832,90,9.244444444444444,formulaire004-equation072.png,506,28,18.071428571428573,formulaire004-equation072.png
200,75,2.6666666666666665,formulaire004-equation073.png,83,22,3.772727272727273,formulaire004-equation073.png
299,119,2.5126050420168067,formulaire004-equation074.png,114,36,3.1666666666666665,formulaire004-equation074.png
817,79,10.341772151898734,formulaire005-equation000.png,475,28,16.964285714285715,formulaire005-equation000.png
203,100,2.03,formulaire005-equation001.png,83,19,4.368421052631579,formulaire005-equation001.png
77,76,1.013157894736842,formulaire005-equation003.png,67,25,2.68,formulaire005-equation003.png
350,119,2.9411764705882355,formulaire005-equation004.png,114,25,4.56,formulaire005-equation004.png
864,83,10.409638554216867,formulaire005-equation005.png,558,28,19.928571428571427,formulaire005-equation005.png
139,92,1.5108695652173914,formulaire005-equation006.png,64,25,2.56,formulaire005-equation006.png
720,107,6.728971962616822,formulaire005-equation008.png,331,25,13.24,formulaire005-equation008.png
325,87,3.735632183908046,formulaire005-equation009.png,156,25,6.24,formulaire005-equation009.png
803,81,9.91358024691358,formulaire005-equation010.png,431,28,15.392857142857142,formulaire005-equation010.png
178,80,2.225,formulaire005-equation012.png,122,31,3.935483870967742,formulaire005-equation012.png
250,82,3.048780487804878,formulaire005-equation014.png,139,25,5.56,formulaire005-equation014.png
804,86,9.348837209302326,formulaire005-equation016.png,411,28,14.678571428571429,formulaire005-equation016.png
156,86,1.813953488372093,formulaire005-equation017.png,103,25,4.12,formulaire005-equation017.png
152,163,0.9325153374233128,formulaire005-equation018.png,39,33,1.1818181818181819,formulaire005-equation018.png
329,111,2.963963963963964,formulaire005-equation019.png,200,36,5.555555555555555,formulaire005-equation019.png
347,79,4.3924050632911396,formulaire005-equation020.png,164,22,7.454545454545454,formulaire005-equation020.png
107,103,1.0388349514563107,formulaire005-equation021.png,44,39,1.1282051282051282,formulaire005-equation021.png
544,86,6.325581395348837,formulaire005-equation024.png,347,28,12.392857142857142,formulaire005-equation024.png
121,80,1.5125,formulaire005-equation026.png,83,28,2.9642857142857144,formulaire005-equation026.png
495,117,4.230769230769231,formulaire005-equation027.png,153,25,6.12,formulaire005-equation027.png
509,107,4.757009345794392,formulaire005-equation028.png,192,25,7.68,formulaire005-equation028.png
679,82,8.28048780487805,formulaire005-equation030.png,428,28,15.285714285714286,formulaire005-equation030.png
165,86,1.9186046511627908,formulaire005-equation031.png,47,22,2.1363636363636362,formulaire005-equation031.png
185,117,1.5811965811965811,formulaire005-equation033.png,83,39,2.128205128205128,formulaire005-equation033.png
165,85,1.9411764705882353,formulaire005-equation034.png,89,31,2.870967741935484,formulaire005-equation034.png
326,74,4.405405405405405,formulaire005-equation035.png,156,22,7.090909090909091,formulaire005-equation035.png
109,95,1.1473684210526316,formulaire005-equation037.png,53,25,2.12,formulaire005-equation037.png
83,85,0.9764705882352941,formulaire005-equation038.png,36,25,1.44,formulaire005-equation038.png
101,64,1.578125,formulaire005-equation041.png,44,22,2.0,formulaire005-equation041.png
341,119,2.865546218487395,formulaire005-equation042.png,186,50,3.72,formulaire005-equation042.png
171,109,1.5688073394495412,formulaire005-equation043.png,86,25,3.44,formulaire005-equation043.png
160,124,1.2903225806451613,formulaire005-equation044.png,72,36,2.0,formulaire005-equation044.png
349,76,4.592105263157895,formulaire005-equation045.png,175,22,7.954545454545454,formulaire005-equation045.png
220,122,1.8032786885245902,formulaire005-equation046.png,53,33,1.606060606060606,formulaire005-equation046.png
141,77,1.8311688311688312,formulaire005-equation047.png,103,25,4.12,formulaire005-equation047.png
342,109,3.1376146788990824,formulaire005-equation048.png,256,50,5.12,formulaire005-equation048.png
272,67,4.059701492537314,formulaire005-equation049.png,114,22,5.181818181818182,formulaire005-equation049.png
310,126,2.4603174603174605,formulaire005-equation051.png,158,39,4.051282051282051,formulaire005-equation051.png
180,85,2.1176470588235294,formulaire005-equation052.png,86,22,3.909090909090909,formulaire005-equation052.png
84,67,1.2537313432835822,formulaire005-equation053.png,58,28,2.0714285714285716,formulaire005-equation053.png
177,75,2.36,formulaire005-equation054.png,100,28,3.5714285714285716,formulaire005-equation054.png
743,85,8.741176470588234,formulaire005-equation055.png,611,28,21.821428571428573,formulaire005-equation055.png
168,57,2.9473684210526314,formulaire005-equation056.png,67,17,3.9411764705882355,formulaire005-equation056.png
254,93,2.7311827956989245,formulaire005-equation057.png,186,28,6.642857142857143,formulaire005-equation057.png
222,87,2.5517241379310347,formulaire005-equation059.png,128,25,5.12,formulaire005-equation059.png
357,69,5.173913043478261,formulaire005-equation060.png,150,22,6.818181818181818,formulaire005-equation060.png
109,67,1.626865671641791,formulaire005-equation061.png,64,19,3.3684210526315788,formulaire005-equation061.png
632,277,2.2815884476534296,formulaire005-equation062.png,136,53,2.5660377358490565,formulaire005-equation062.png
154,73,2.1095890410958904,formulaire005-equation063.png,117,31,3.774193548387097,formulaire005-equation063.png
512,117,4.3760683760683765,formulaire005-equation064.png,161,19,8.473684210526315,formulaire005-equation064.png
932,93,10.021505376344086,formulaire005-equation065.png,639,28,22.821428571428573,formulaire005-equation065.png
320,167,1.9161676646706587,formulaire005-equation066.png,94,39,2.41025641025641,formulaire005-equation066.png
414,85,4.870588235294117,formulaire005-equation067.png,183,28,6.535714285714286,formulaire005-equation067.png
770,95,8.105263157894736,formulaire005-equation068.png,364,28,13.0,formulaire005-equation068.png
473,83,5.698795180722891,formulaire005-equation070.png,272,28,9.714285714285714,formulaire005-equation070.png
460,106,4.339622641509434,formulaire005-equation071.png,300,33,9.090909090909092,formulaire005-equation071.png
268,101,2.6534653465346536,formulaire005-equation073.png,172,25,6.88,formulaire005-equation073.png
645,111,5.8108108108108105,formulaire005-equation074.png,217,31,7.0,formulaire005-equation074.png
1036,89,11.640449438202246,formulaire006-equation000.png,383,28,13.678571428571429,formulaire006-equation000.png
468,75,6.24,formulaire006-equation001.png,153,28,5.464285714285714,formulaire006-equation001.png
446,89,5.01123595505618,formulaire006-equation002.png,86,19,4.526315789473684,formulaire006-equation002.png
935,77,12.142857142857142,formulaire006-equation003.png,478,28,17.071428571428573,formulaire006-equation003.png
247,100,2.47,formulaire006-equation004.png,75,22,3.409090909090909,formulaire006-equation004.png
598,70,8.542857142857143,formulaire006-equation005.png,244,25,9.76,formulaire006-equation005.png
357,93,3.838709677419355,formulaire006-equation006.png,106,25,4.24,formulaire006-equation006.png
206,69,2.9855072463768115,formulaire006-equation007.png,61,25,2.44,formulaire006-equation007.png
738,105,7.0285714285714285,formulaire006-equation008.png,178,25,7.12,formulaire006-equation008.png
550,155,3.5483870967741935,formulaire006-equation012.png,186,39,4.769230769230769,formulaire006-equation012.png
249,82,3.0365853658536586,formulaire006-equation013.png,117,31,3.774193548387097,formulaire006-equation013.png
650,88,7.386363636363637,formulaire006-equation014.png,228,28,8.142857142857142,formulaire006-equation014.png
1096,78,14.051282051282051,formulaire006-equation015.png,606,28,21.642857142857142,formulaire006-equation015.png
550,84,6.5476190476190474,formulaire006-equation016.png,178,25,7.12,formulaire006-equation016.png
254,104,2.4423076923076925,formulaire006-equation017.png,64,31,2.064516129032258,formulaire006-equation017.png
72,60,1.2,formulaire006-equation018.png,36,28,1.2857142857142858,formulaire006-equation018.png
298,74,4.027027027027027,formulaire006-equation019.png,81,17,4.764705882352941,formulaire006-equation019.png
1034,74,13.972972972972974,formulaire006-equation020.png,606,28,21.642857142857142,formulaire006-equation020.png
200,97,2.0618556701030926,formulaire006-equation021.png,78,25,3.12,formulaire006-equation021.png
215,72,2.986111111111111,formulaire006-equation022.png,72,31,2.3225806451612905,formulaire006-equation022.png
712,139,5.122302158273381,formulaire006-equation023.png,239,42,5.690476190476191,formulaire006-equation023.png
1304,156,8.35897435897436,formulaire006-equation024.png,600,64,9.375,formulaire006-equation024.png
628,76,8.263157894736842,formulaire006-equation025.png,261,28,9.321428571428571,formulaire006-equation025.png
983,90,10.922222222222222,formulaire006-equation026.png,386,31,12.451612903225806,formulaire006-equation026.png
505,78,6.4743589743589745,formulaire006-equation027.png,164,25,6.56,formulaire006-equation027.png
211,105,2.0095238095238095,formulaire006-equation028.png,111,33,3.3636363636363638,formulaire006-equation028.png
307,148,2.074324324324324,formulaire006-equation029.png,81,31,2.6129032258064515,formulaire006-equation029.png
379,75,5.053333333333334,formulaire006-equation031.png,172,31,5.548387096774194,formulaire006-equation031.png
312,90,3.466666666666667,formulaire006-equation032.png,153,25,6.12,formulaire006-equation032.png
282,143,1.972027972027972,formulaire006-equation033.png,67,33,2.0303030303030303,formulaire006-equation033.png
197,91,2.1648351648351647,formulaire006-equation034.png,92,28,3.2857142857142856,formulaire006-equation034.png
442,76,5.815789473684211,formulaire006-equation035.png,156,28,5.571428571428571,formulaire006-equation035.png
881,90,9.78888888888889,formulaire006-equation036.png,328,33,9.93939393939394,formulaire006-equation036.png
931,87,10.701149425287356,formulaire006-equation037.png,336,22,15.272727272727273,formulaire006-equation037.png
335,91,3.681318681318681,formulaire006-equation039.png,114,31,3.6774193548387095,formulaire006-equation039.png
874,83,10.53012048192771,formulaire006-equation040.png,339,25,13.56,formulaire006-equation040.png
241,64,3.765625,formulaire006-equation041.png,92,19,4.842105263157895,formulaire006-equation041.png
163,69,2.36231884057971,formulaire006-equation043.png,72,28,2.5714285714285716,formulaire006-equation043.png
750,153,4.901960784313726,formulaire006-equation044.png,250,42,5.9523809523809526,formulaire006-equation044.png
884,84,10.523809523809524,formulaire006-equation045.png,383,28,13.678571428571429,formulaire006-equation045.png
890,94,9.46808510638298,formulaire006-equation046.png,347,33,10.515151515151516,formulaire006-equation046.png
462,87,5.310344827586207,formulaire006-equation048.png,128,22,5.818181818181818,formulaire006-equation048.png
288,84,3.4285714285714284,formulaire006-equation049.png,119,28,4.25,formulaire006-equation049.png
998,81,12.320987654320987,formulaire006-equation050.png,578,28,20.642857142857142,formulaire006-equation050.png
201,82,2.451219512195122,formulaire006-equation051.png,94,28,3.357142857142857,formulaire006-equation051.png
430,162,2.654320987654321,formulaire006-equation052.png,108,31,3.4838709677419355,formulaire006-equation052.png
316,93,3.3978494623655915,formulaire006-equation053.png,75,25,3.0,formulaire006-equation053.png
115,92,1.25,formulaire006-equation054.png,28,25,1.12,formulaire006-equation054.png
826,73,11.315068493150685,formulaire006-equation055.png,422,28,15.071428571428571,formulaire006-equation055.png
377,173,2.179190751445087,formulaire006-equation056.png,92,42,2.1904761904761907,formulaire006-equation056.png
132,68,1.9411764705882353,formulaire006-equation057.png,36,17,2.1176470588235294,formulaire006-equation057.png
202,58,3.4827586206896552,formulaire006-equation058.png,64,22,2.909090909090909,formulaire006-equation058.png
298,77,3.8701298701298703,formulaire006-equation059.png,108,28,3.857142857142857,formulaire006-equation059.png
1210,75,16.133333333333333,formulaire006-equation060.png,708,28,25.285714285714285,formulaire006-equation060.png
210,73,2.8767123287671232,formulaire006-equation061.png,92,28,3.2857142857142856,formulaire006-equation061.png
902,107,8.429906542056075,formulaire006-equation062.png,367,31,11.838709677419354,formulaire006-equation062.png
414,68,6.088235294117647,formulaire006-equation063.png,200,28,7.142857142857143,formulaire006-equation063.png
560,134,4.17910447761194,formulaire006-equation064.png,258,50,5.16,formulaire006-equation064.png
259,61,4.245901639344262,formulaire006-equation066.png,67,19,3.526315789473684,formulaire006-equation066.png
217,112,1.9375,formulaire006-equation068.png,69,33,2.090909090909091,formulaire006-equation068.png
339,92,3.6847826086956523,formulaire006-equation069.png,100,25,4.0,formulaire006-equation069.png
1052,75,14.026666666666667,formulaire006-equation070.png,442,28,15.785714285714286,formulaire006-equation070.png
269,84,3.2023809523809526,formulaire006-equation071.png,122,28,4.357142857142857,formulaire006-equation071.png
222,122,1.819672131147541,formulaire006-equation072.png,81,33,2.4545454545454546,formulaire006-equation072.png
303,80,3.7875,formulaire006-equation073.png,142,28,5.071428571428571,formulaire006-equation073.png
532,76,7.0,formulaire007-equation000.png,175,25,7.0,formulaire007-equation000.png
934,146,6.397260273972603,formulaire007-equation001.png,319,33,9.666666666666666,formulaire007-equation001.png
195,107,1.8224299065420562,formulaire007-equation002.png,56,25,2.24,formulaire007-equation002.png
168,73,2.3013698630136985,formulaire007-equation003.png,100,28,3.5714285714285716,formulaire007-equation003.png
194,79,2.4556962025316458,formulaire007-equation004.png,89,28,3.1785714285714284,formulaire007-equation004.png
575,108,5.324074074074074,formulaire007-equation006.png,247,31,7.967741935483871,formulaire007-equation006.png
122,72,1.6944444444444444,formulaire007-equation007.png,64,28,2.2857142857142856,formulaire007-equation007.png
411,104,3.951923076923077,formulaire007-equation009.png,186,44,4.2272727272727275,formulaire007-equation009.png
767,98,7.826530612244898,formulaire007-equation010.png,394,28,14.071428571428571,formulaire007-equation010.png
185,87,2.1264367816091956,formulaire007-equation011.png,67,22,3.0454545454545454,formulaire007-equation011.png
353,84,4.2023809523809526,formulaire007-equation013.png,78,19,4.105263157894737,formulaire007-equation013.png
74,61,1.2131147540983607,formulaire007-equation014.png,53,28,1.8928571428571428,formulaire007-equation014.png
568,70,8.114285714285714,formulaire007-equation015.png,256,22,11.636363636363637,formulaire007-equation015.png
120,73,1.643835616438356,formulaire007-equation016.png,39,25,1.56,formulaire007-equation016.png
409,90,4.544444444444444,formulaire007-equation017.png,150,25,6.0,formulaire007-equation017.png
462,167,2.7664670658682633,formulaire007-equation018.png,122,42,2.9047619047619047,formulaire007-equation018.png
709,162,4.3765432098765435,formulaire007-equation019.png,247,44,5.613636363636363,formulaire007-equation019.png
791,84,9.416666666666666,formulaire007-equation020.png,522,28,18.642857142857142,formulaire007-equation020.png
248,108,2.2962962962962963,formulaire007-equation021.png,92,28,3.2857142857142856,formulaire007-equation021.png
329,101,3.257425742574257,formulaire007-equation022.png,125,31,4.032258064516129,formulaire007-equation022.png
209,93,2.247311827956989,formulaire007-equation023.png,64,25,2.56,formulaire007-equation023.png
325,80,4.0625,formulaire007-equation024.png,208,28,7.428571428571429,formulaire007-equation024.png
481,73,6.589041095890411,formulaire007-equation025.png,183,22,8.318181818181818,formulaire007-equation025.png
305,91,3.3516483516483517,formulaire007-equation026.png,142,31,4.580645161290323,formulaire007-equation026.png
207,84,2.4642857142857144,formulaire007-equation027.png,78,28,2.7857142857142856,formulaire007-equation027.png
757,131,5.778625954198473,formulaire007-equation028.png,133,25,5.32,formulaire007-equation028.png
173,66,2.621212121212121,formulaire007-equation029.png,75,19,3.9473684210526314,formulaire007-equation029.png
167,67,2.4925373134328357,formulaire007-equation031.png,86,19,4.526315789473684,formulaire007-equation031.png
209,91,2.2967032967032965,formulaire007-equation032.png,92,28,3.2857142857142856,formulaire007-equation032.png
448,71,6.309859154929577,formulaire007-equation033.png,97,17,5.705882352941177,formulaire007-equation033.png
273,83,3.289156626506024,formulaire007-equation034.png,125,28,4.464285714285714,formulaire007-equation034.png
153,82,1.8658536585365855,formulaire007-equation036.png,61,28,2.1785714285714284,formulaire007-equation036.png
577,152,3.7960526315789473,formulaire007-equation037.png,167,67,2.4925373134328357,formulaire007-equation037.png
343,84,4.083333333333333,formulaire007-equation038.png,158,31,5.096774193548387,formulaire007-equation038.png
304,168,1.8095238095238095,formulaire007-equation042.png,78,44,1.7727272727272727,formulaire007-equation042.png
95,108,0.8796296296296297,formulaire007-equation043.png,33,31,1.064516129032258,formulaire007-equation043.png
364,90,4.044444444444444,formulaire007-equation044.png,172,31,5.548387096774194,formulaire007-equation044.png
360,63,5.714285714285714,formulaire007-equation045.png,181,25,7.24,formulaire007-equation045.png
1009,103,9.79611650485437,formulaire007-equation046.png,522,31,16.838709677419356,formulaire007-equation046.png
291,96,3.03125,formulaire007-equation047.png,122,25,4.88,formulaire007-equation047.png
346,99,3.494949494949495,formulaire007-equation048.png,172,28,6.142857142857143,formulaire007-equation048.png
108,68,1.588235294117647,formulaire007-equation049.png,31,19,1.631578947368421,formulaire007-equation049.png
798,82,9.731707317073171,formulaire007-equation050.png,589,28,21.035714285714285,formulaire007-equation050.png
233,72,3.236111111111111,formulaire007-equation051.png,125,28,4.464285714285714,formulaire007-equation051.png
472,86,5.488372093023256,formulaire007-equation052.png,139,25,5.56,formulaire007-equation052.png
482,176,2.7386363636363638,formulaire007-equation053.png,103,36,2.861111111111111,formulaire007-equation053.png
269,82,3.2804878048780486,formulaire007-equation054.png,122,28,4.357142857142857,formulaire007-equation054.png
629,84,7.488095238095238,formulaire007-equation055.png,364,28,13.0,formulaire007-equation055.png
497,107,4.644859813084112,formulaire007-equation057.png,125,31,4.032258064516129,formulaire007-equation057.png
178,84,2.119047619047619,formulaire007-equation058.png,89,28,3.1785714285714284,formulaire007-equation058.png
225,93,2.4193548387096775,formulaire007-equation059.png,117,50,2.34,formulaire007-equation059.png
290,84,3.4523809523809526,formulaire007-equation061.png,83,25,3.32,formulaire007-equation061.png
150,86,1.744186046511628,formulaire007-equation062.png,58,28,2.0714285714285716,formulaire007-equation062.png
186,119,1.5630252100840336,formulaire007-equation063.png,42,25,1.68,formulaire007-equation063.png
223,81,2.753086419753086,formulaire007-equation064.png,86,22,3.909090909090909,formulaire007-equation064.png
326,121,2.6942148760330578,formulaire007-equation066.png,142,39,3.641025641025641,formulaire007-equation066.png
714,136,5.25,formulaire007-equation067.png,244,33,7.393939393939394,formulaire007-equation067.png
340,92,3.6956521739130435,formulaire007-equation068.png,161,31,5.193548387096774,formulaire007-equation068.png
639,76,8.407894736842104,formulaire007-equation069.png,169,22,7.681818181818182,formulaire007-equation069.png
545,87,6.264367816091954,formulaire007-equation070.png,261,28,9.321428571428571,formulaire007-equation070.png
290,86,3.372093023255814,formulaire007-equation071.png,89,25,3.56,formulaire007-equation071.png
205,71,2.887323943661972,formulaire007-equation072.png,114,28,4.071428571428571,formulaire007-equation072.png
1861,99,18.7979797979798,formulaire007-equation073.png,664,31,21.419354838709676,formulaire007-equation073.png
296,79,3.7468354430379747,formulaire007-equation074.png,131,28,4.678571428571429,formulaire007-equation074.png
666,68,9.794117647058824,formulaire008-equation000.png,189,22,8.590909090909092,formulaire008-equation000.png
157,87,1.8045977011494252,formulaire008-equation001.png,100,28,3.5714285714285716,formulaire008-equation001.png
277,120,2.308333333333333,formulaire008-equation002.png,111,28,3.9642857142857144,formulaire008-equation002.png
584,163,3.5828220858895707,formulaire008-equation003.png,139,36,3.861111111111111,formulaire008-equation003.png
506,145,3.489655172413793,formulaire008-equation004.png,231,69,3.347826086956522,formulaire008-equation004.png
622,80,7.775,formulaire008-equation005.png,272,28,9.714285714285714,formulaire008-equation005.png
453,124,3.653225806451613,formulaire008-equation006.png,175,31,5.645161290322581,formulaire008-equation006.png
443,118,3.7542372881355934,formulaire008-equation007.png,139,22,6.318181818181818,formulaire008-equation007.png
284,82,3.4634146341463414,formulaire008-equation008.png,131,28,4.678571428571429,formulaire008-equation008.png
819,238,3.4411764705882355,formulaire008-equation011.png,228,42,5.428571428571429,formulaire008-equation011.png
343,183,1.8743169398907105,formulaire008-equation012.png,64,22,2.909090909090909,formulaire008-equation012.png
618,113,5.469026548672566,formulaire008-equation013.png,289,31,9.32258064516129,formulaire008-equation013.png
627,101,6.207920792079208,formulaire008-equation014.png,289,28,10.321428571428571,formulaire008-equation014.png
352,87,4.045977011494253,formulaire008-equation016.png,94,19,4.947368421052632,formulaire008-equation016.png
223,91,2.4505494505494507,formulaire008-equation017.png,81,25,3.24,formulaire008-equation017.png
209,80,2.6125,formulaire008-equation018.png,92,22,4.181818181818182,formulaire008-equation018.png
130,67,1.9402985074626866,formulaire008-equation019.png,64,28,2.2857142857142856,formulaire008-equation019.png
910,88,10.340909090909092,formulaire008-equation020.png,383,28,13.678571428571429,formulaire008-equation020.png
846,146,5.794520547945205,formulaire008-equation021.png,278,42,6.619047619047619,formulaire008-equation021.png
862,103,8.368932038834952,formulaire008-equation022.png,322,28,11.5,formulaire008-equation022.png
207,86,2.4069767441860463,formulaire008-equation023.png,64,25,2.56,formulaire008-equation023.png
343,93,3.6881720430107525,formulaire008-equation024.png,131,25,5.24,formulaire008-equation024.png
699,89,7.853932584269663,formulaire008-equation025.png,333,28,11.892857142857142,formulaire008-equation025.png
582,98,5.938775510204081,formulaire008-equation026.png,231,31,7.451612903225806,formulaire008-equation026.png
412,104,3.9615384615384617,formulaire008-equation027.png,236,33,7.151515151515151,formulaire008-equation027.png
265,77,3.4415584415584415,formulaire008-equation028.png,81,22,3.6818181818181817,formulaire008-equation028.png
375,112,3.3482142857142856,formulaire008-equation029.png,78,19,4.105263157894737,formulaire008-equation029.png
409,71,5.76056338028169,formulaire008-equation030.png,156,28,5.571428571428571,formulaire008-equation030.png
471,95,4.957894736842105,formulaire008-equation031.png,236,31,7.612903225806452,formulaire008-equation031.png
242,133,1.8195488721804511,formulaire008-equation032.png,61,53,1.150943396226415,formulaire008-equation032.png
920,108,8.518518518518519,formulaire008-equation033.png,414,31,13.35483870967742,formulaire008-equation033.png
921,252,3.6547619047619047,formulaire008-equation034.png,161,39,4.128205128205129,formulaire008-equation034.png
397,97,4.092783505154639,formulaire008-equation035.png,139,22,6.318181818181818,formulaire008-equation035.png
320,97,3.2989690721649483,formulaire008-equation036.png,131,28,4.678571428571429,formulaire008-equation036.png
893,115,7.765217391304348,formulaire008-equation037.png,319,28,11.392857142857142,formulaire008-equation037.png
478,93,5.139784946236559,formulaire008-equation038.png,203,28,7.25,formulaire008-equation038.png
140,105,1.3333333333333333,formulaire008-equation039.png,39,28,1.3928571428571428,formulaire008-equation039.png
150,103,1.4563106796116505,formulaire008-equation041.png,67,25,2.68,formulaire008-equation041.png
358,88,4.068181818181818,formulaire008-equation042.png,156,28,5.571428571428571,formulaire008-equation042.png
212,84,2.5238095238095237,formulaire008-equation043.png,125,31,4.032258064516129,formulaire008-equation043.png
524,83,6.313253012048193,formulaire008-equation045.png,181,22,8.227272727272727,formulaire008-equation045.png
577,172,3.354651162790698,formulaire008-equation046.png,147,42,3.5,formulaire008-equation046.png
714,96,7.4375,formulaire008-equation047.png,297,25,11.88,formulaire008-equation047.png
416,134,3.1044776119402986,formulaire008-equation048.png,117,36,3.25,formulaire008-equation048.png
168,83,2.0240963855421685,formulaire008-equation049.png,81,28,2.892857142857143,formulaire008-equation049.png
189,156,1.2115384615384615,formulaire008-equation051.png,69,39,1.7692307692307692,formulaire008-equation051.png
356,98,3.63265306122449,formulaire008-equation052.png,117,28,4.178571428571429,formulaire008-equation052.png
664,115,5.773913043478261,formulaire008-equation053.png,267,31,8.612903225806452,formulaire008-equation053.png
766,75,10.213333333333333,formulaire008-equation055.png,361,28,12.892857142857142,formulaire008-equation055.png
609,96,6.34375,formulaire008-equation056.png,169,25,6.76,formulaire008-equation056.png
186,97,1.9175257731958764,formulaire008-equation057.png,61,28,2.1785714285714284,formulaire008-equation057.png
763,117,6.521367521367521,formulaire008-equation058.png,197,25,7.88,formulaire008-equation058.png
386,126,3.0634920634920637,formulaire008-equation059.png,167,50,3.34,formulaire008-equation059.png
805,81,9.938271604938272,formulaire008-equation060.png,392,28,14.0,formulaire008-equation060.png
655,89,7.359550561797753,formulaire008-equation061.png,225,28,8.035714285714286,formulaire008-equation061.png
552,105,5.257142857142857,formulaire008-equation062.png,178,28,6.357142857142857,formulaire008-equation062.png
470,90,5.222222222222222,formulaire008-equation063.png,128,25,5.12,formulaire008-equation063.png
618,106,5.830188679245283,formulaire008-equation064.png,167,22,7.590909090909091,formulaire008-equation064.png
821,106,7.745283018867925,formulaire008-equation065.png,347,28,12.392857142857142,formulaire008-equation065.png
343,137,2.5036496350364965,formulaire008-equation066.png,89,31,2.870967741935484,formulaire008-equation066.png
133,76,1.75,formulaire008-equation067.png,47,19,2.473684210526316,formulaire008-equation067.png
686,148,4.635135135135135,formulaire008-equation068.png,208,33,6.303030303030303,formulaire008-equation068.png
197,86,2.2906976744186047,formulaire008-equation069.png,72,28,2.5714285714285716,formulaire008-equation069.png
389,69,5.63768115942029,formulaire008-equation070.png,181,22,8.227272727272727,formulaire008-equation070.png
768,191,4.020942408376963,formulaire008-equation071.png,236,42,5.619047619047619,formulaire008-equation071.png
204,102,2.0,formulaire008-equation072.png,106,22,4.818181818181818,formulaire008-equation072.png
163,65,2.5076923076923077,formulaire008-equation073.png,83,28,2.9642857142857144,formulaire008-equation073.png
1106,85,13.011764705882353,formulaire009-equation000.png,417,28,14.892857142857142,formulaire009-equation000.png
113,154,0.7337662337662337,formulaire009-equation001.png,28,36,0.7777777777777778,formulaire009-equation001.png
628,99,6.343434343434343,formulaire009-equation002.png,194,28,6.928571428571429,formulaire009-equation002.png
203,86,2.36046511627907,formulaire009-equation003.png,86,31,2.774193548387097,formulaire009-equation003.png
172,80,2.15,formulaire009-equation004.png,39,19,2.0526315789473686,formulaire009-equation004.png
824,85,9.694117647058823,formulaire009-equation005.png,425,28,15.178571428571429,formulaire009-equation005.png
374,74,5.054054054054054,formulaire009-equation006.png,147,28,5.25,formulaire009-equation006.png
120,102,1.1764705882352942,formulaire009-equation007.png,50,28,1.7857142857142858,formulaire009-equation007.png
243,187,1.2994652406417113,formulaire009-equation008.png,53,44,1.2045454545454546,formulaire009-equation008.png
118,80,1.475,formulaire009-equation009.png,39,17,2.2941176470588234,formulaire009-equation009.png
999,78,12.807692307692308,formulaire009-equation010.png,578,28,20.642857142857142,formulaire009-equation010.png
116,78,1.4871794871794872,formulaire009-equation011.png,64,28,2.2857142857142856,formulaire009-equation011.png
154,67,2.298507462686567,formulaire009-equation012.png,67,25,2.68,formulaire009-equation012.png
283,88,3.215909090909091,formulaire009-equation013.png,150,31,4.838709677419355,formulaire009-equation013.png
1247,163,7.6503067484662575,formulaire009-equation014.png,522,50,10.44,formulaire009-equation014.png
684,90,7.6,formulaire009-equation015.png,308,28,11.0,formulaire009-equation015.png
314,94,3.3404255319148937,formulaire009-equation016.png,111,19,5.842105263157895,formulaire009-equation016.png
527,171,3.08187134502924,formulaire009-equation017.png,150,33,4.545454545454546,formulaire009-equation017.png
246,90,2.7333333333333334,formulaire009-equation018.png,86,28,3.0714285714285716,formulaire009-equation018.png
289,78,3.7051282051282053,formulaire009-equation019.png,100,25,4.0,formulaire009-equation019.png
158,77,2.051948051948052,formulaire009-equation021.png,61,22,2.772727272727273,formulaire009-equation021.png
425,118,3.6016949152542375,formulaire009-equation022.png,156,42,3.7142857142857144,formulaire009-equation022.png
907,100,9.07,formulaire009-equation023.png,422,33,12.787878787878787,formulaire009-equation023.png
346,102,3.392156862745098,formulaire009-equation024.png,92,25,3.68,formulaire009-equation024.png
453,78,5.8076923076923075,formulaire009-equation025.png,164,22,7.454545454545454,formulaire009-equation025.png
241,73,3.3013698630136985,formulaire009-equation028.png,81,22,3.6818181818181817,formulaire009-equation028.png
559,121,4.619834710743802,formulaire009-equation029.png,147,25,5.88,formulaire009-equation029.png
541,75,7.213333333333333,formulaire009-equation030.png,194,22,8.818181818181818,formulaire009-equation030.png
1002,70,14.314285714285715,formulaire009-equation031.png,214,22,9.727272727272727,formulaire009-equation031.png
136,73,1.8630136986301369,formulaire009-equation032.png,33,17,1.9411764705882353,formulaire009-equation032.png
1253,112,11.1875,formulaire009-equation033.png,492,28,17.571428571428573,formulaire009-equation033.png
296,95,3.1157894736842104,formulaire009-equation034.png,136,31,4.387096774193548,formulaire009-equation034.png
1004,83,12.096385542168674,formulaire009-equation035.png,611,28,21.821428571428573,formulaire009-equation035.png
180,64,2.8125,formulaire009-equation036.png,64,19,3.3684210526315788,formulaire009-equation036.png
673,94,7.159574468085107,formulaire009-equation037.png,219,25,8.76,formulaire009-equation037.png
139,78,1.7820512820512822,formulaire009-equation038.png,50,28,1.7857142857142858,formulaire009-equation038.png
1125,101,11.138613861386139,formulaire009-equation039.png,689,31,22.225806451612904,formulaire009-equation039.png
840,82,10.24390243902439,formulaire009-equation040.png,397,28,14.178571428571429,formulaire009-equation040.png
116,78,1.4871794871794872,formulaire009-equation041.png,39,25,1.56,formulaire009-equation041.png
900,118,7.627118644067797,formulaire009-equation042.png,436,39,11.179487179487179,formulaire009-equation042.png
231,80,2.8875,formulaire009-equation043.png,75,25,3.0,formulaire009-equation043.png
591,192,3.078125,formulaire009-equation044.png,164,42,3.9047619047619047,formulaire009-equation044.png
839,73,11.493150684931507,formulaire009-equation045.png,306,22,13.909090909090908,formulaire009-equation045.png
1545,157,9.840764331210192,formulaire009-equation046.png,664,31,21.419354838709676,formulaire009-equation046.png
265,79,3.3544303797468356,formulaire009-equation047.png,133,19,7.0,formulaire009-equation047.png
276,182,1.5164835164835164,formulaire009-equation048.png,61,33,1.8484848484848484,formulaire009-equation048.png
409,95,4.3052631578947365,formulaire009-equation049.png,169,28,6.035714285714286,formulaire009-equation049.png
776,84,9.238095238095237,formulaire009-equation050.png,272,28,9.714285714285714,formulaire009-equation050.png
255,77,3.311688311688312,formulaire009-equation052.png,86,19,4.526315789473684,formulaire009-equation052.png
863,149,5.791946308724833,formulaire009-equation053.png,278,33,8.424242424242424,formulaire009-equation053.png
267,90,2.966666666666667,formulaire009-equation054.png,122,19,6.421052631578948,formulaire009-equation054.png
414,71,5.830985915492958,formulaire009-equation055.png,167,25,6.68,formulaire009-equation055.png
174,72,2.4166666666666665,formulaire009-equation056.png,94,19,4.947368421052632,formulaire009-equation056.png
500,162,3.0864197530864197,formulaire009-equation057.png,178,39,4.564102564102564,formulaire009-equation057.png
237,75,3.16,formulaire009-equation058.png,117,28,4.178571428571429,formulaire009-equation058.png
216,69,3.130434782608696,formulaire009-equation059.png,58,19,3.0526315789473686,formulaire009-equation059.png
516,71,7.267605633802817,formulaire009-equation060.png,183,25,7.32,formulaire009-equation060.png
395,76,5.197368421052632,formulaire009-equation061.png,125,19,6.578947368421052,formulaire009-equation061.png
325,104,3.125,formulaire009-equation062.png,94,28,3.357142857142857,formulaire009-equation062.png
1082,103,10.504854368932039,formulaire009-equation063.png,506,33,15.333333333333334,formulaire009-equation063.png
544,91,5.978021978021978,formulaire009-equation064.png,225,28,8.035714285714286,formulaire009-equation064.png
881,90,9.78888888888889,formulaire009-equation065.png,403,28,14.392857142857142,formulaire009-equation065.png
240,74,3.2432432432432434,formulaire009-equation066.png,67,19,3.526315789473684,formulaire009-equation066.png
1393,102,13.656862745098039,formulaire009-equation067.png,653,25,26.12,formulaire009-equation067.png
817,206,3.966019417475728,formulaire009-equation068.png,211,50,4.22,formulaire009-equation068.png
235,96,2.4479166666666665,formulaire009-equation069.png,78,31,2.5161290322580645,formulaire009-equation069.png
221,121,1.8264462809917354,formulaire009-equation071.png,47,25,1.88,formulaire009-equation071.png
176,161,1.093167701863354,formulaire009-equation072.png,42,42,1.0,formulaire009-equation072.png
384,90,4.266666666666667,formulaire009-equation073.png,64,19,3.3684210526315788,formulaire009-equation073.png
618,151,4.0927152317880795,formulaire009-equation074.png,200,39,5.128205128205129,formulaire009-equation074.png
173,77,2.2467532467532467,formulaire010-equation001.png,78,22,3.5454545454545454,formulaire010-equation001.png
428,84,5.095238095238095,formulaire010-equation002.png,128,22,5.818181818181818,formulaire010-equation002.png
906,111,8.162162162162161,formulaire010-equation003.png,303,25,12.12,formulaire010-equation003.png
313,81,3.8641975308641974,formulaire010-equation004.png,178,28,6.357142857142857,formulaire010-equation004.png
585,102,5.735294117647059,formulaire010-equation006.png,319,31,10.290322580645162,formulaire010-equation006.png
179,81,2.2098765432098766,formulaire010-equation007.png,75,28,2.6785714285714284,formulaire010-equation007.png
832,92,9.043478260869565,formulaire010-equation008.png,364,28,13.0,formulaire010-equation008.png
246,69,3.5652173913043477,formulaire010-equation009.png,136,28,4.857142857142857,formulaire010-equation009.png
375,86,4.3604651162790695,formulaire010-equation012.png,256,31,8.258064516129032,formulaire010-equation012.png
322,113,2.849557522123894,formulaire010-equation013.png,83,31,2.6774193548387095,formulaire010-equation013.png
291,87,3.3448275862068964,formulaire010-equation014.png,125,28,4.464285714285714,formulaire010-equation014.png
546,98,5.571428571428571,formulaire010-equation016.png,128,25,5.12,formulaire010-equation016.png
635,76,8.355263157894736,formulaire010-equation018.png,278,22,12.636363636363637,formulaire010-equation018.png
85,67,1.2686567164179106,formulaire010-equation019.png,50,28,1.7857142857142858,formulaire010-equation019.png
534,82,6.512195121951219,formulaire010-equation020.png,339,28,12.107142857142858,formulaire010-equation020.png
99,83,1.1927710843373494,formulaire010-equation021.png,58,31,1.8709677419354838,formulaire010-equation021.png
138,109,1.2660550458715596,formulaire010-equation022.png,44,25,1.76,formulaire010-equation022.png
121,98,1.2346938775510203,formulaire010-equation024.png,42,22,1.9090909090909092,formulaire010-equation024.png
95,88,1.0795454545454546,formulaire010-equation026.png,39,28,1.3928571428571428,formulaire010-equation026.png
336,103,3.262135922330097,formulaire010-equation027.png,136,28,4.857142857142857,formulaire010-equation027.png
110,61,1.8032786885245902,formulaire010-equation028.png,67,25,2.68,formulaire010-equation028.png
216,77,2.8051948051948052,formulaire010-equation029.png,106,28,3.7857142857142856,formulaire010-equation029.png
840,87,9.655172413793103,formulaire010-equation030.png,472,28,16.857142857142858,formulaire010-equation030.png
192,72,2.6666666666666665,formulaire010-equation031.png,64,25,2.56,formulaire010-equation031.png
1275,109,11.697247706422019,formulaire010-equation032.png,617,25,24.68,formulaire010-equation032.png
277,122,2.2704918032786887,formulaire010-equation033.png,119,33,3.606060606060606,formulaire010-equation033.png
588,112,5.25,formulaire010-equation034.png,339,28,12.107142857142858,formulaire010-equation034.png
96,73,1.3150684931506849,formulaire010-equation036.png,53,28,1.8928571428571428,formulaire010-equation036.png
195,91,2.142857142857143,formulaire010-equation037.png,89,28,3.1785714285714284,formulaire010-equation037.png
97,68,1.4264705882352942,formulaire010-equation038.png,47,28,1.6785714285714286,formulaire010-equation038.png
510,109,4.678899082568807,formulaire010-equation039.png,219,33,6.636363636363637,formulaire010-equation039.png
285,80,3.5625,formulaire010-equation041.png,186,31,6.0,formulaire010-equation041.png
661,100,6.61,formulaire010-equation042.png,386,33,11.696969696969697,formulaire010-equation042.png
321,123,2.6097560975609757,formulaire010-equation044.png,119,36,3.3055555555555554,formulaire010-equation044.png
435,72,6.041666666666667,formulaire010-equation045.png,175,22,7.954545454545454,formulaire010-equation045.png
157,162,0.9691358024691358,formulaire010-equation046.png,39,31,1.2580645161290323,formulaire010-equation046.png
463,91,5.087912087912088,formulaire010-equation047.png,289,31,9.32258064516129,formulaire010-equation047.png
201,69,2.9130434782608696,formulaire010-equation048.png,86,25,3.44,formulaire010-equation048.png
287,86,3.3372093023255816,formulaire010-equation049.png,144,31,4.645161290322581,formulaire010-equation049.png
626,79,7.924050632911392,formulaire010-equation050.png,397,28,14.178571428571429,formulaire010-equation050.png
281,87,3.2298850574712645,formulaire010-equation051.png,136,31,4.387096774193548,formulaire010-equation051.png
72,66,1.0909090909090908,formulaire010-equation052.png,47,28,1.6785714285714286,formulaire010-equation052.png
61,108,0.5648148148148148,formulaire010-equation053.png,17,33,0.5151515151515151,formulaire010-equation053.png
103,79,1.3037974683544304,formulaire010-equation054.png,58,28,2.0714285714285716,formulaire010-equation054.png
365,78,4.67948717948718,formulaire010-equation056.png,128,25,5.12,formulaire010-equation056.png
286,81,3.5308641975308643,formulaire010-equation057.png,125,19,6.578947368421052,formulaire010-equation057.png
259,68,3.8088235294117645,formulaire010-equation058.png,111,22,5.045454545454546,formulaire010-equation058.png
487,127,3.8346456692913384,formulaire010-equation059.png,172,31,5.548387096774194,formulaire010-equation059.png
1545,132,11.704545454545455,formulaire010-equation061.png,550,31,17.741935483870968,formulaire010-equation061.png
388,91,4.263736263736264,formulaire010-equation062.png,203,28,7.25,formulaire010-equation062.png
309,74,4.175675675675675,formulaire010-equation063.png,169,31,5.451612903225806,formulaire010-equation063.png
590,110,5.363636363636363,formulaire010-equation064.png,328,31,10.580645161290322,formulaire010-equation064.png
595,72,8.26388888888889,formulaire010-equation065.png,203,22,9.227272727272727,formulaire010-equation065.png
231,81,2.8518518518518516,formulaire010-equation066.png,83,25,3.32,formulaire010-equation066.png
86,74,1.162162162162162,formulaire010-equation067.png,50,28,1.7857142857142858,formulaire010-equation067.png
679,84,8.083333333333334,formulaire010-equation069.png,375,22,17.045454545454547,formulaire010-equation069.png
329,168,1.9583333333333333,formulaire010-equation071.png,108,44,2.4545454545454546,formulaire010-equation071.png
154,67,2.298507462686567,formulaire010-equation072.png,75,28,2.6785714285714284,formulaire010-equation072.png
780,100,7.8,formulaire010-equation073.png,261,25,10.44,formulaire010-equation073.png
349,90,3.8777777777777778,formulaire010-equation074.png,206,28,7.357142857142857,formulaire010-equation074.png
694,81,8.567901234567902,formulaire011-equation000.png,394,28,14.071428571428571,formulaire011-equation000.png
271,117,2.3162393162393164,formulaire011-equation001.png,58,25,2.32,formulaire011-equation001.png
823,123,6.691056910569106,formulaire011-equation002.png,397,64,6.203125,formulaire011-equation002.png
261,71,3.676056338028169,formulaire011-equation003.png,81,19,4.2631578947368425,formulaire011-equation003.png
135,77,1.7532467532467533,formulaire011-equation004.png,78,28,2.7857142857142856,formulaire011-equation004.png
420,75,5.6,formulaire011-equation005.png,164,22,7.454545454545454,formulaire011-equation005.png
565,74,7.635135135135135,formulaire011-equation006.png,236,22,10.727272727272727,formulaire011-equation006.png
358,92,3.891304347826087,formulaire011-equation007.png,158,28,5.642857142857143,formulaire011-equation007.png
584,131,4.458015267175573,formulaire011-equation008.png,97,25,3.88,formulaire011-equation008.png
794,90,8.822222222222223,formulaire011-equation009.png,233,25,9.32,formulaire011-equation009.png
591,82,7.2073170731707314,formulaire011-equation010.png,322,28,11.5,formulaire011-equation010.png
654,180,3.6333333333333333,formulaire011-equation011.png,164,36,4.555555555555555,formulaire011-equation011.png
351,127,2.763779527559055,formulaire011-equation012.png,108,31,3.4838709677419355,formulaire011-equation012.png
959,91,10.538461538461538,formulaire011-equation013.png,253,33,7.666666666666667,formulaire011-equation013.png
472,79,5.974683544303797,formulaire011-equation015.png,197,25,7.88,formulaire011-equation015.png
194,113,1.7168141592920354,formulaire011-equation016.png,69,28,2.4642857142857144,formulaire011-equation016.png
295,141,2.0921985815602837,formulaire011-equation017.png,92,42,2.1904761904761907,formulaire011-equation017.png
1005,124,8.10483870967742,formulaire011-equation018.png,283,31,9.129032258064516,formulaire011-equation018.png
1309,106,12.349056603773585,formulaire011-equation019.png,636,31,20.516129032258064,formulaire011-equation019.png
417,92,4.532608695652174,formulaire011-equation021.png,86,22,3.909090909090909,formulaire011-equation021.png
586,94,6.23404255319149,formulaire011-equation022.png,164,22,7.454545454545454,formulaire011-equation022.png
171,79,2.1645569620253164,formulaire011-equation023.png,64,19,3.3684210526315788,formulaire011-equation023.png
921,119,7.739495798319328,formulaire011-equation024.png,158,25,6.32,formulaire011-equation024.png
666,83,8.024096385542169,formulaire011-equation025.png,292,22,13.272727272727273,formulaire011-equation025.png
104,66,1.5757575757575757,formulaire011-equation026.png,50,28,1.7857142857142858,formulaire011-equation026.png
1149,109,10.541284403669724,formulaire011-equation027.png,269,19,14.157894736842104,formulaire011-equation027.png
142,171,0.8304093567251462,formulaire011-equation028.png,28,33,0.8484848484848485,formulaire011-equation028.png
680,241,2.8215767634854774,formulaire011-equation029.png,122,39,3.128205128205128,formulaire011-equation029.png
325,179,1.8156424581005586,formulaire011-equation031.png,75,42,1.7857142857142858,formulaire011-equation031.png
476,167,2.8502994011976046,formulaire011-equation032.png,197,69,2.8550724637681157,formulaire011-equation032.png
534,94,5.680851063829787,formulaire011-equation033.png,214,28,7.642857142857143,formulaire011-equation033.png
759,168,4.517857142857143,formulaire011-equation034.png,286,67,4.268656716417911,formulaire011-equation034.png
574,73,7.863013698630137,formulaire011-equation035.png,244,22,11.090909090909092,formulaire011-equation035.png
511,91,5.615384615384615,formulaire011-equation036.png,297,28,10.607142857142858,formulaire011-equation036.png
146,130,1.123076923076923,formulaire011-equation037.png,56,33,1.696969696969697,formulaire011-equation037.png
185,69,2.681159420289855,formulaire011-equation038.png,86,22,3.909090909090909,formulaire011-equation038.png
346,89,3.8876404494382024,formulaire011-equation039.png,169,28,6.035714285714286,formulaire011-equation039.png
646,79,8.177215189873417,formulaire011-equation040.png,333,28,11.892857142857142,formulaire011-equation040.png
312,167,1.8682634730538923,formulaire011-equation041.png,64,36,1.7777777777777777,formulaire011-equation041.png
171,75,2.28,formulaire011-equation042.png,78,31,2.5161290322580645,formulaire011-equation042.png
404,78,5.17948717948718,formulaire011-equation043.png,133,25,5.32,formulaire011-equation043.png
327,101,3.237623762376238,formulaire011-equation044.png,136,25,5.44,formulaire011-equation044.png
305,87,3.5057471264367814,formulaire011-equation045.png,119,28,4.25,formulaire011-equation045.png
356,84,4.238095238095238,formulaire011-equation046.png,161,28,5.75,formulaire011-equation046.png
273,88,3.102272727272727,formulaire011-equation047.png,94,25,3.76,formulaire011-equation047.png
249,95,2.6210526315789475,formulaire011-equation048.png,72,25,2.88,formulaire011-equation048.png
564,196,2.877551020408163,formulaire011-equation049.png,139,64,2.171875,formulaire011-equation049.png
497,97,5.123711340206185,formulaire011-equation050.png,231,25,9.24,formulaire011-equation050.png
181,89,2.033707865168539,formulaire011-equation051.png,56,28,2.0,formulaire011-equation051.png
317,155,2.0451612903225804,formulaire011-equation052.png,83,39,2.128205128205128,formulaire011-equation052.png
814,78,10.435897435897436,formulaire011-equation054.png,372,28,13.285714285714286,formulaire011-equation054.png
640,150,4.266666666666667,formulaire011-equation057.png,206,42,4.904761904761905,formulaire011-equation057.png
217,146,1.4863013698630136,formulaire011-equation058.png,53,28,1.8928571428571428,formulaire011-equation058.png
321,163,1.969325153374233,formulaire011-equation059.png,97,36,2.6944444444444446,formulaire011-equation059.png
540,81,6.666666666666667,formulaire011-equation060.png,306,28,10.928571428571429,formulaire011-equation060.png
94,69,1.3623188405797102,formulaire011-equation061.png,39,25,1.56,formulaire011-equation061.png
199,93,2.139784946236559,formulaire011-equation062.png,97,28,3.4642857142857144,formulaire011-equation062.png
310,88,3.522727272727273,formulaire011-equation063.png,47,19,2.473684210526316,formulaire011-equation063.png
369,104,3.548076923076923,formulaire011-equation064.png,133,25,5.32,formulaire011-equation064.png
758,82,9.24390243902439,formulaire011-equation065.png,417,28,14.892857142857142,formulaire011-equation065.png
497,136,3.6544117647058822,formulaire011-equation066.png,308,83,3.710843373493976,formulaire011-equation066.png
656,133,4.932330827067669,formulaire011-equation068.png,167,28,5.964285714285714,formulaire011-equation068.png
90,65,1.3846153846153846,formulaire011-equation069.png,44,28,1.5714285714285714,formulaire011-equation069.png
767,86,8.918604651162791,formulaire011-equation071.png,350,28,12.5,formulaire011-equation071.png
421,137,3.072992700729927,formulaire011-equation072.png,183,64,2.859375,formulaire011-equation072.png
174,80,2.175,formulaire011-equation073.png,103,28,3.6785714285714284,formulaire011-equation073.png
866,69,12.55072463768116,formulaire012-equation000.png,417,28,14.892857142857142,formulaire012-equation000.png
141,65,2.169230769230769,formulaire012-equation001.png,53,28,1.8928571428571428,formulaire012-equation001.png
529,150,3.526666666666667,formulaire012-equation002.png,175,33,5.303030303030303,formulaire012-equation002.png
267,95,2.8105263157894735,formulaire012-equation003.png,56,25,2.24,formulaire012-equation003.png
532,150,3.546666666666667,formulaire012-equation004.png,147,36,4.083333333333333,formulaire012-equation004.png
434,116,3.7413793103448274,formulaire012-equation006.png,153,31,4.935483870967742,formulaire012-equation006.png
143,69,2.072463768115942,formulaire012-equation007.png,64,28,2.2857142857142856,formulaire012-equation007.png
363,89,4.078651685393258,formulaire012-equation008.png,144,25,5.76,formulaire012-equation008.png
1085,87,12.471264367816092,formulaire012-equation009.png,528,31,17.032258064516128,formulaire012-equation009.png
826,87,9.494252873563218,formulaire012-equation010.png,369,28,13.178571428571429,formulaire012-equation010.png
93,72,1.2916666666666667,formulaire012-equation011.png,53,28,1.8928571428571428,formulaire012-equation011.png
161,82,1.9634146341463414,formulaire012-equation012.png,44,28,1.5714285714285714,formulaire012-equation012.png
160,120,1.3333333333333333,formulaire012-equation013.png,67,25,2.68,formulaire012-equation013.png
287,86,3.3372093023255816,formulaire012-equation014.png,89,17,5.235294117647059,formulaire012-equation014.png
681,78,8.73076923076923,formulaire012-equation015.png,358,28,12.785714285714286,formulaire012-equation015.png
944,80,11.8,formulaire012-equation016.png,436,28,15.571428571428571,formulaire012-equation016.png
124,66,1.878787878787879,formulaire012-equation017.png,81,28,2.892857142857143,formulaire012-equation017.png
516,107,4.822429906542056,formulaire012-equation018.png,108,25,4.32,formulaire012-equation018.png
727,75,9.693333333333333,formulaire012-equation020.png,319,22,14.5,formulaire012-equation020.png
435,86,5.058139534883721,formulaire012-equation021.png,81,17,4.764705882352941,formulaire012-equation021.png
438,91,4.813186813186813,formulaire012-equation022.png,131,22,5.954545454545454,formulaire012-equation022.png
421,68,6.1911764705882355,formulaire012-equation023.png,186,22,8.454545454545455,formulaire012-equation023.png
180,80,2.25,formulaire012-equation024.png,86,31,2.774193548387097,formulaire012-equation024.png
914,70,13.057142857142857,formulaire012-equation025.png,467,28,16.678571428571427,formulaire012-equation025.png
321,92,3.489130434782609,formulaire012-equation026.png,78,25,3.12,formulaire012-equation026.png
264,69,3.8260869565217392,formulaire012-equation028.png,117,28,4.178571428571429,formulaire012-equation028.png
370,77,4.805194805194805,formulaire012-equation029.png,203,28,7.25,formulaire012-equation029.png
624,75,8.32,formulaire012-equation030.png,267,28,9.535714285714286,formulaire012-equation030.png
618,71,8.704225352112676,formulaire012-equation031.png,214,22,9.727272727272727,formulaire012-equation031.png
448,137,3.27007299270073,formulaire012-equation032.png,258,61,4.229508196721311,formulaire012-equation032.png
325,89,3.651685393258427,formulaire012-equation033.png,117,19,6.157894736842105,formulaire012-equation033.png
605,126,4.801587301587301,formulaire012-equation034.png,325,44,7.386363636363637,formulaire012-equation034.png
1054,76,13.868421052631579,formulaire012-equation035.png,561,28,20.035714285714285,formulaire012-equation035.png
1308,90,14.533333333333333,formulaire012-equation036.png,447,25,17.88,formulaire012-equation036.png
489,147,3.326530612244898,formulaire012-equation037.png,219,42,5.214285714285714,formulaire012-equation037.png
330,148,2.22972972972973,formulaire012-equation038.png,75,25,3.0,formulaire012-equation038.png
132,114,1.1578947368421053,formulaire012-equation039.png,28,33,0.8484848484848485,formulaire012-equation039.png
662,63,10.507936507936508,formulaire012-equation040.png,303,22,13.772727272727273,formulaire012-equation040.png
189,83,2.2771084337349397,formulaire012-equation041.png,89,28,3.1785714285714284,formulaire012-equation041.png
920,91,10.10989010989011,formulaire012-equation042.png,503,31,16.225806451612904,formulaire012-equation042.png
412,88,4.681818181818182,formulaire012-equation043.png,144,25,5.76,formulaire012-equation043.png
1608,115,13.982608695652173,formulaire012-equation044.png,550,31,17.741935483870968,formulaire012-equation044.png
467,77,6.064935064935065,formulaire012-equation045.png,258,28,9.214285714285714,formulaire012-equation045.png
145,114,1.2719298245614035,formulaire012-equation046.png,31,28,1.1071428571428572,formulaire012-equation046.png
299,145,2.0620689655172413,formulaire012-equation047.png,128,39,3.282051282051282,formulaire012-equation047.png
337,68,4.955882352941177,formulaire012-equation048.png,161,22,7.318181818181818,formulaire012-equation048.png
474,76,6.2368421052631575,formulaire012-equation049.png,119,17,7.0,formulaire012-equation049.png
467,73,6.397260273972603,formulaire012-equation050.png,203,25,8.12,formulaire012-equation050.png
282,105,2.6857142857142855,formulaire012-equation051.png,75,19,3.9473684210526314,formulaire012-equation051.png
246,68,3.6176470588235294,formulaire012-equation053.png,100,25,4.0,formulaire012-equation053.png
277,81,3.419753086419753,formulaire012-equation054.png,94,31,3.032258064516129,formulaire012-equation054.png
189,58,3.2586206896551726,formulaire012-equation056.png,61,17,3.588235294117647,formulaire012-equation056.png
440,85,5.176470588235294,formulaire012-equation057.png,214,28,7.642857142857143,formulaire012-equation057.png
383,82,4.670731707317073,formulaire012-equation058.png,175,31,5.645161290322581,formulaire012-equation058.png
383,78,4.910256410256411,formulaire012-equation060.png,167,22,7.590909090909091,formulaire012-equation060.png
729,93,7.838709677419355,formulaire012-equation061.png,311,28,11.107142857142858,formulaire012-equation061.png
588,86,6.837209302325581,formulaire012-equation062.png,269,25,10.76,formulaire012-equation062.png
84,66,1.2727272727272727,formulaire012-equation063.png,50,28,1.7857142857142858,formulaire012-equation063.png
160,177,0.903954802259887,formulaire012-equation064.png,25,39,0.6410256410256411,formulaire012-equation064.png
179,86,2.0813953488372094,formulaire012-equation066.png,75,25,3.0,formulaire012-equation066.png
256,68,3.764705882352941,formulaire012-equation067.png,103,25,4.12,formulaire012-equation067.png
1331,122,10.90983606557377,formulaire012-equation068.png,522,28,18.642857142857142,formulaire012-equation068.png
243,67,3.626865671641791,formulaire012-equation069.png,133,28,4.75,formulaire012-equation069.png
745,76,9.802631578947368,formulaire012-equation070.png,356,28,12.714285714285714,formulaire012-equation070.png
650,108,6.018518518518518,formulaire012-equation071.png,303,31,9.774193548387096,formulaire012-equation071.png
166,71,2.3380281690140845,formulaire012-equation073.png,69,25,2.76,formulaire012-equation073.png
244,74,3.2972972972972974,formulaire012-equation074.png,131,28,4.678571428571429,formulaire012-equation074.png
722,100,7.22,formulaire013-equation001.png,289,31,9.32258064516129,formulaire013-equation001.png
643,141,4.560283687943262,formulaire013-equation002.png,236,36,6.555555555555555,formulaire013-equation002.png
316,127,2.4881889763779528,formulaire013-equation003.png,78,33,2.3636363636363638,formulaire013-equation003.png
441,88,5.011363636363637,formulaire013-equation004.png,175,28,6.25,formulaire013-equation004.png
69,95,0.7263157894736842,formulaire013-equation006.png,39,69,0.5652173913043478,formulaire013-equation006.png
383,169,2.2662721893491122,formulaire013-equation007.png,81,39,2.076923076923077,formulaire013-equation007.png
287,84,3.4166666666666665,formulaire013-equation008.png,67,25,2.68,formulaire013-equation008.png
314,117,2.6837606837606836,formulaire013-equation009.png,106,33,3.212121212121212,formulaire013-equation009.png
730,80,9.125,formulaire013-equation010.png,319,28,11.392857142857142,formulaire013-equation010.png
421,120,3.5083333333333333,formulaire013-equation011.png,72,22,3.272727272727273,formulaire013-equation011.png
584,130,4.492307692307692,formulaire013-equation012.png,253,39,6.487179487179487,formulaire013-equation012.png
323,202,1.599009900990099,formulaire013-equation013.png,64,28,2.2857142857142856,formulaire013-equation013.png
298,220,1.3545454545454545,formulaire013-equation014.png,53,36,1.4722222222222223,formulaire013-equation014.png
604,81,7.45679012345679,formulaire013-equation015.png,308,28,11.0,formulaire013-equation015.png
1031,113,9.123893805309734,formulaire013-equation016.png,444,28,15.857142857142858,formulaire013-equation016.png
130,80,1.625,formulaire013-equation017.png,47,25,1.88,formulaire013-equation017.png
86,91,0.945054945054945,formulaire013-equation018.png,56,28,2.0,formulaire013-equation018.png
134,84,1.5952380952380953,formulaire013-equation019.png,69,28,2.4642857142857144,formulaire013-equation019.png
667,83,8.036144578313253,formulaire013-equation020.png,303,28,10.821428571428571,formulaire013-equation020.png
112,60,1.8666666666666667,formulaire013-equation021.png,47,28,1.6785714285714286,formulaire013-equation021.png
123,89,1.3820224719101124,formulaire013-equation023.png,36,22,1.6363636363636365,formulaire013-equation023.png
1011,173,5.84393063583815,formulaire013-equation024.png,386,67,5.7611940298507465,formulaire013-equation024.png
288,77,3.74025974025974,formulaire013-equation026.png,100,25,4.0,formulaire013-equation026.png
759,194,3.9123711340206184,formulaire013-equation027.png,158,47,3.3617021276595747,formulaire013-equation027.png
107,96,1.1145833333333333,formulaire013-equation028.png,36,25,1.44,formulaire013-equation028.png
355,162,2.191358024691358,formulaire013-equation029.png,69,33,2.090909090909091,formulaire013-equation029.png
765,150,5.1,formulaire013-equation031.png,258,33,7.818181818181818,formulaire013-equation031.png
494,136,3.6323529411764706,formulaire013-equation032.png,117,22,5.318181818181818,formulaire013-equation032.png
222,107,2.074766355140187,formulaire013-equation033.png,128,28,4.571428571428571,formulaire013-equation033.png
253,86,2.941860465116279,formulaire013-equation034.png,89,22,4.045454545454546,formulaire013-equation034.png
232,64,3.625,formulaire013-equation036.png,64,19,3.3684210526315788,formulaire013-equation036.png
641,134,4.7835820895522385,formulaire013-equation037.png,150,25,6.0,formulaire013-equation037.png
813,314,2.589171974522293,formulaire013-equation038.png,181,53,3.4150943396226414,formulaire013-equation038.png
375,93,4.032258064516129,formulaire013-equation039.png,211,28,7.535714285714286,formulaire013-equation039.png
714,82,8.707317073170731,formulaire013-equation040.png,347,28,12.392857142857142,formulaire013-equation040.png
248,58,4.275862068965517,formulaire013-equation041.png,94,19,4.947368421052632,formulaire013-equation041.png
153,78,1.9615384615384615,formulaire013-equation042.png,75,28,2.6785714285714284,formulaire013-equation042.png
565,225,2.511111111111111,formulaire013-equation043.png,106,33,3.212121212121212,formulaire013-equation043.png
469,71,6.605633802816901,formulaire013-equation045.png,222,22,10.090909090909092,formulaire013-equation045.png
1210,243,4.979423868312757,formulaire013-equation046.png,192,36,5.333333333333333,formulaire013-equation046.png
234,77,3.038961038961039,formulaire013-equation047.png,78,25,3.12,formulaire013-equation047.png
258,130,1.9846153846153847,formulaire013-equation048.png,67,25,2.68,formulaire013-equation048.png
358,207,1.7294685990338163,formulaire013-equation049.png,133,69,1.9275362318840579,formulaire013-equation049.png
968,81,11.950617283950617,formulaire013-equation050.png,572,28,20.428571428571427,formulaire013-equation050.png
202,77,2.6233766233766236,formulaire013-equation051.png,67,25,2.68,formulaire013-equation051.png
380,84,4.523809523809524,formulaire013-equation052.png,183,28,6.535714285714286,formulaire013-equation052.png
160,85,1.8823529411764706,formulaire013-equation053.png,69,28,2.4642857142857144,formulaire013-equation053.png
155,100,1.55,formulaire013-equation054.png,72,28,2.5714285714285716,formulaire013-equation054.png
437,69,6.333333333333333,formulaire013-equation055.png,181,22,8.227272727272727,formulaire013-equation055.png
125,101,1.2376237623762376,formulaire013-equation056.png,44,25,1.76,formulaire013-equation056.png
420,117,3.58974358974359,formulaire013-equation058.png,242,39,6.205128205128205,formulaire013-equation058.png
326,121,2.6942148760330578,formulaire013-equation059.png,86,25,3.44,formulaire013-equation059.png
1065,80,13.3125,formulaire013-equation060.png,597,28,21.321428571428573,formulaire013-equation060.png
363,91,3.989010989010989,formulaire013-equation061.png,161,33,4.878787878787879,formulaire013-equation061.png
374,127,2.9448818897637796,formulaire013-equation063.png,164,42,3.9047619047619047,formulaire013-equation063.png
174,91,1.9120879120879122,formulaire013-equation066.png,100,28,3.5714285714285716,formulaire013-equation066.png
368,103,3.5728155339805827,formulaire013-equation067.png,153,28,5.464285714285714,formulaire013-equation067.png
185,96,1.9270833333333333,formulaire013-equation069.png,106,28,3.7857142857142856,formulaire013-equation069.png
562,81,6.938271604938271,formulaire013-equation070.png,194,22,8.818181818181818,formulaire013-equation070.png
741,163,4.54601226993865,formulaire013-equation071.png,236,42,5.619047619047619,formulaire013-equation071.png
275,97,2.8350515463917527,formulaire013-equation072.png,89,25,3.56,formulaire013-equation072.png
376,113,3.327433628318584,formulaire013-equation073.png,100,25,4.0,formulaire013-equation073.png
315,87,3.6206896551724137,formulaire013-equation074.png,119,31,3.838709677419355,formulaire013-equation074.png
549,209,2.626794258373206,formulaire014-equation001.png,144,67,2.1492537313432836,formulaire014-equation001.png
486,110,4.418181818181818,formulaire014-equation002.png,281,36,7.805555555555555,formulaire014-equation002.png
204,82,2.4878048780487805,formulaire014-equation003.png,61,19,3.210526315789474,formulaire014-equation003.png
275,56,4.910714285714286,formulaire014-equation004.png,103,17,6.0588235294117645,formulaire014-equation004.png
720,71,10.140845070422536,formulaire014-equation005.png,442,28,15.785714285714286,formulaire014-equation005.png
103,63,1.6349206349206349,formulaire014-equation006.png,53,28,1.8928571428571428,formulaire014-equation006.png
191,107,1.7850467289719627,formulaire014-equation008.png,78,31,2.5161290322580645,formulaire014-equation008.png
418,82,5.097560975609756,formulaire014-equation009.png,236,28,8.428571428571429,formulaire014-equation009.png
481,71,6.774647887323944,formulaire014-equation010.png,250,28,8.928571428571429,formulaire014-equation010.png
105,68,1.5441176470588236,formulaire014-equation011.png,58,28,2.0714285714285716,formulaire014-equation011.png
338,110,3.0727272727272728,formulaire014-equation012.png,211,44,4.795454545454546,formulaire014-equation012.png
204,68,3.0,formulaire014-equation013.png,103,25,4.12,formulaire014-equation013.png
346,143,2.4195804195804196,formulaire014-equation014.png,150,50,3.0,formulaire014-equation014.png
717,72,9.958333333333334,formulaire014-equation015.png,425,28,15.178571428571429,formulaire014-equation015.png
204,96,2.125,formulaire014-equation016.png,89,33,2.696969696969697,formulaire014-equation016.png
211,85,2.4823529411764707,formulaire014-equation017.png,75,17,4.411764705882353,formulaire014-equation017.png
243,69,3.5217391304347827,formulaire014-equation018.png,136,28,4.857142857142857,formulaire014-equation018.png
141,75,1.88,formulaire014-equation019.png,58,28,2.0714285714285716,formulaire014-equation019.png
525,79,6.6455696202531644,formulaire014-equation020.png,275,28,9.821428571428571,formulaire014-equation020.png
336,90,3.7333333333333334,formulaire014-equation021.png,122,28,4.357142857142857,formulaire014-equation021.png
261,79,3.3037974683544302,formulaire014-equation022.png,117,31,3.774193548387097,formulaire014-equation022.png
647,166,3.897590361445783,formulaire014-equation023.png,228,42,5.428571428571429,formulaire014-equation023.png
979,131,7.473282442748092,formulaire014-equation024.png,408,39,10.461538461538462,formulaire014-equation024.png
572,87,6.574712643678161,formulaire014-equation025.png,286,28,10.214285714285714,formulaire014-equation025.png
242,81,2.9876543209876543,formulaire014-equation026.png,125,28,4.464285714285714,formulaire014-equation026.png
160,94,1.702127659574468,formulaire014-equation027.png,83,28,2.9642857142857144,formulaire014-equation027.png
171,66,2.590909090909091,formulaire014-equation028.png,67,19,3.526315789473684,formulaire014-equation028.png
395,160,2.46875,formulaire014-equation029.png,103,33,3.121212121212121,formulaire014-equation029.png
644,76,8.473684210526315,formulaire014-equation030.png,336,28,12.0,formulaire014-equation030.png
216,120,1.8,formulaire014-equation031.png,75,33,2.272727272727273,formulaire014-equation031.png
125,121,1.0330578512396693,formulaire014-equation032.png,28,36,0.7777777777777778,formulaire014-equation032.png
422,88,4.795454545454546,formulaire014-equation033.png,125,25,5.0,formulaire014-equation033.png
176,112,1.5714285714285714,formulaire014-equation034.png,44,22,2.0,formulaire014-equation034.png
648,83,7.807228915662651,formulaire014-equation035.png,356,28,12.714285714285714,formulaire014-equation035.png
227,71,3.1971830985915495,formulaire014-equation036.png,128,25,5.12,formulaire014-equation036.png
1340,177,7.570621468926554,formulaire014-equation037.png,569,36,15.805555555555555,formulaire014-equation037.png
221,127,1.7401574803149606,formulaire014-equation038.png,75,25,3.0,formulaire014-equation038.png
432,113,3.8230088495575223,formulaire014-equation039.png,144,25,5.76,formulaire014-equation039.png
335,138,2.427536231884058,formulaire014-equation041.png,81,31,2.6129032258064515,formulaire014-equation041.png
628,135,4.651851851851852,formulaire014-equation042.png,256,50,5.12,formulaire014-equation042.png
200,105,1.9047619047619047,formulaire014-equation043.png,111,50,2.22,formulaire014-equation043.png
402,100,4.02,formulaire014-equation044.png,194,33,5.878787878787879,formulaire014-equation044.png
688,82,8.390243902439025,formulaire014-equation045.png,425,28,15.178571428571429,formulaire014-equation045.png
395,82,4.817073170731708,formulaire014-equation046.png,114,19,6.0,formulaire014-equation046.png
237,142,1.6690140845070423,formulaire014-equation047.png,72,39,1.8461538461538463,formulaire014-equation047.png
249,70,3.557142857142857,formulaire014-equation048.png,164,28,5.857142857142857,formulaire014-equation048.png
123,74,1.662162162162162,formulaire014-equation049.png,83,28,2.9642857142857144,formulaire014-equation049.png
253,93,2.7204301075268815,formulaire014-equation051.png,78,19,4.105263157894737,formulaire014-equation051.png
279,69,4.043478260869565,formulaire014-equation052.png,142,22,6.454545454545454,formulaire014-equation052.png
205,95,2.1578947368421053,formulaire014-equation053.png,125,33,3.787878787878788,formulaire014-equation053.png
240,96,2.5,formulaire014-equation054.png,100,25,4.0,formulaire014-equation054.png
552,78,7.076923076923077,formulaire014-equation055.png,344,28,12.285714285714286,formulaire014-equation055.png
405,78,5.1923076923076925,formulaire014-equation056.png,89,17,5.235294117647059,formulaire014-equation056.png
637,166,3.8373493975903616,formulaire014-equation057.png,158,36,4.388888888888889,formulaire014-equation057.png
207,117,1.7692307692307692,formulaire014-equation058.png,97,42,2.3095238095238093,formulaire014-equation058.png
271,70,3.8714285714285714,formulaire014-equation060.png,144,28,5.142857142857143,formulaire014-equation060.png
286,89,3.2134831460674156,formulaire014-equation061.png,139,28,4.964285714285714,formulaire014-equation061.png
219,75,2.92,formulaire014-equation063.png,75,22,3.409090909090909,formulaire014-equation063.png
164,76,2.1578947368421053,formulaire014-equation064.png,78,31,2.5161290322580645,formulaire014-equation064.png
744,72,10.333333333333334,formulaire014-equation065.png,483,28,17.25,formulaire014-equation065.png
83,72,1.1527777777777777,formulaire014-equation066.png,44,25,1.76,formulaire014-equation066.png
820,186,4.408602150537634,formulaire014-equation067.png,481,69,6.971014492753623,formulaire014-equation067.png
223,157,1.4203821656050954,formulaire014-equation068.png,58,33,1.7575757575757576,formulaire014-equation068.png
158,77,2.051948051948052,formulaire014-equation069.png,78,31,2.5161290322580645,formulaire014-equation069.png
248,82,3.024390243902439,formulaire014-equation072.png,117,28,4.178571428571429,formulaire014-equation072.png
110,85,1.2941176470588236,formulaire014-equation073.png,50,25,2.0,formulaire014-equation073.png
801,118,6.788135593220339,formulaire014-equation074.png,289,25,11.56,formulaire014-equation074.png
855,78,10.961538461538462,formulaire015-equation000.png,583,28,20.821428571428573,formulaire015-equation000.png
151,55,2.7454545454545456,formulaire015-equation001.png,78,19,4.105263157894737,formulaire015-equation001.png
604,95,6.3578947368421055,formulaire015-equation002.png,350,31,11.290322580645162,formulaire015-equation002.png
174,67,2.5970149253731343,formulaire015-equation003.png,94,19,4.947368421052632,formulaire015-equation003.png
763,151,5.052980132450331,formulaire015-equation004.png,389,58,6.706896551724138,formulaire015-equation004.png
127,76,1.6710526315789473,formulaire015-equation006.png,50,25,2.0,formulaire015-equation006.png
103,77,1.3376623376623376,formulaire015-equation007.png,39,17,2.2941176470588234,formulaire015-equation007.png
289,92,3.141304347826087,formulaire015-equation008.png,167,31,5.387096774193548,formulaire015-equation008.png
217,173,1.254335260115607,formulaire015-equation009.png,56,42,1.3333333333333333,formulaire015-equation009.png
78,85,0.9176470588235294,formulaire015-equation011.png,36,19,1.894736842105263,formulaire015-equation011.png
240,85,2.823529411764706,formulaire015-equation013.png,92,22,4.181818181818182,formulaire015-equation013.png
110,94,1.1702127659574468,formulaire015-equation014.png,33,33,1.0,formulaire015-equation014.png
649,77,8.428571428571429,formulaire015-equation015.png,517,28,18.464285714285715,formulaire015-equation015.png
119,63,1.8888888888888888,formulaire015-equation016.png,58,28,2.0714285714285716,formulaire015-equation016.png
114,83,1.3734939759036144,formulaire015-equation018.png,50,25,2.0,formulaire015-equation018.png
359,72,4.986111111111111,formulaire015-equation019.png,250,28,8.928571428571429,formulaire015-equation019.png
130,72,1.8055555555555556,formulaire015-equation021.png,97,28,3.4642857142857144,formulaire015-equation021.png
135,79,1.7088607594936709,formulaire015-equation022.png,67,31,2.161290322580645,formulaire015-equation022.png
577,133,4.338345864661654,formulaire015-equation023.png,258,33,7.818181818181818,formulaire015-equation023.png
170,87,1.9540229885057472,formulaire015-equation024.png,81,25,3.24,formulaire015-equation024.png
561,66,8.5,formulaire015-equation025.png,336,22,15.272727272727273,formulaire015-equation025.png
185,71,2.6056338028169015,formulaire015-equation026.png,100,28,3.5714285714285716,formulaire015-equation026.png
253,84,3.011904761904762,formulaire015-equation027.png,139,28,4.964285714285714,formulaire015-equation027.png
369,76,4.855263157894737,formulaire015-equation028.png,281,25,11.24,formulaire015-equation028.png
262,137,1.9124087591240877,formulaire015-equation029.png,81,56,1.4464285714285714,formulaire015-equation029.png
488,85,5.741176470588235,formulaire015-equation031.png,256,28,9.142857142857142,formulaire015-equation031.png
160,72,2.2222222222222223,formulaire015-equation032.png,92,28,3.2857142857142856,formulaire015-equation032.png
445,117,3.8034188034188032,formulaire015-equation033.png,192,33,5.818181818181818,formulaire015-equation033.png
314,61,5.147540983606557,formulaire015-equation035.png,181,22,8.227272727272727,formulaire015-equation035.png
280,91,3.076923076923077,formulaire015-equation037.png,97,22,4.409090909090909,formulaire015-equation037.png
269,196,1.3724489795918366,formulaire015-equation038.png,72,64,1.125,formulaire015-equation038.png
315,91,3.4615384615384617,formulaire015-equation039.png,261,33,7.909090909090909,formulaire015-equation039.png
221,67,3.298507462686567,formulaire015-equation041.png,117,22,5.318181818181818,formulaire015-equation041.png
416,90,4.622222222222222,formulaire015-equation042.png,150,19,7.894736842105263,formulaire015-equation042.png
376,138,2.7246376811594204,formulaire015-equation043.png,136,36,3.7777777777777777,formulaire015-equation043.png
296,89,3.3258426966292136,formulaire015-equation044.png,128,25,5.12,formulaire015-equation044.png
173,78,2.217948717948718,formulaire015-equation046.png,81,25,3.24,formulaire015-equation046.png
217,76,2.8552631578947367,formulaire015-equation047.png,89,25,3.56,formulaire015-equation047.png
623,82,7.597560975609756,formulaire015-equation048.png,319,33,9.666666666666666,formulaire015-equation048.png
378,71,5.323943661971831,formulaire015-equation049.png,208,22,9.454545454545455,formulaire015-equation049.png
359,67,5.358208955223881,formulaire015-equation050.png,178,22,8.090909090909092,formulaire015-equation050.png
95,60,1.5833333333333333,formulaire015-equation051.png,53,28,1.8928571428571428,formulaire015-equation051.png
309,108,2.861111111111111,formulaire015-equation052.png,108,31,3.4838709677419355,formulaire015-equation052.png
234,86,2.7209302325581395,formulaire015-equation053.png,161,28,5.75,formulaire015-equation053.png
175,77,2.272727272727273,formulaire015-equation054.png,72,25,2.88,formulaire015-equation054.png
634,73,8.684931506849315,formulaire015-equation055.png,447,28,15.964285714285714,formulaire015-equation055.png
124,70,1.7714285714285714,formulaire015-equation056.png,67,25,2.68,formulaire015-equation056.png
543,103,5.271844660194175,formulaire015-equation057.png,281,28,10.035714285714286,formulaire015-equation057.png
141,57,2.473684210526316,formulaire015-equation058.png,67,19,3.526315789473684,formulaire015-equation058.png
346,96,3.6041666666666665,formulaire015-equation059.png,158,25,6.32,formulaire015-equation059.png
813,86,9.453488372093023,formulaire015-equation060.png,658,28,23.5,formulaire015-equation060.png
229,107,2.1401869158878504,formulaire015-equation061.png,103,31,3.3225806451612905,formulaire015-equation061.png
98,131,0.7480916030534351,formulaire015-equation063.png,22,36,0.6111111111111112,formulaire015-equation063.png
120,79,1.518987341772152,formulaire015-equation064.png,72,28,2.5714285714285716,formulaire015-equation064.png
561,76,7.381578947368421,formulaire015-equation065.png,481,28,17.178571428571427,formulaire015-equation065.png
228,95,2.4,formulaire015-equation066.png,81,25,3.24,formulaire015-equation066.png
357,150,2.38,formulaire015-equation067.png,122,39,3.128205128205128,formulaire015-equation067.png
148,83,1.783132530120482,formulaire015-equation068.png,50,25,2.0,formulaire015-equation068.png
139,79,1.759493670886076,formulaire015-equation069.png,81,28,2.892857142857143,formulaire015-equation069.png
327,65,5.030769230769231,formulaire015-equation070.png,167,22,7.590909090909091,formulaire015-equation070.png
187,60,3.1166666666666667,formulaire015-equation071.png,131,22,5.954545454545454,formulaire015-equation071.png
298,84,3.5476190476190474,formulaire015-equation072.png,181,28,6.464285714285714,formulaire015-equation072.png
302,89,3.393258426966292,formulaire015-equation073.png,164,22,7.454545454545454,formulaire015-equation073.png
593,123,4.821138211382114,formulaire016-equation001.png,119,17,7.0,formulaire016-equation001.png
413,88,4.693181818181818,formulaire016-equation002.png,175,28,6.25,formulaire016-equation002.png
99,77,1.2857142857142858,formulaire016-equation003.png,42,28,1.5,formulaire016-equation003.png
719,195,3.687179487179487,formulaire016-equation004.png,175,39,4.487179487179487,formulaire016-equation004.png
335,72,4.652777777777778,formulaire016-equation005.png,133,28,4.75,formulaire016-equation005.png
131,77,1.7012987012987013,formulaire016-equation006.png,56,28,2.0,formulaire016-equation006.png
884,146,6.054794520547945,formulaire016-equation007.png,231,31,7.451612903225806,formulaire016-equation007.png
858,99,8.666666666666666,formulaire016-equation008.png,358,31,11.548387096774194,formulaire016-equation008.png
857,88,9.738636363636363,formulaire016-equation010.png,367,28,13.107142857142858,formulaire016-equation010.png
321,162,1.9814814814814814,formulaire016-equation011.png,75,39,1.9230769230769231,formulaire016-equation011.png
521,174,2.9942528735632186,formulaire016-equation012.png,86,33,2.606060606060606,formulaire016-equation012.png
409,83,4.927710843373494,formulaire016-equation013.png,203,28,7.25,formulaire016-equation013.png
258,84,3.0714285714285716,formulaire016-equation014.png,114,31,3.6774193548387095,formulaire016-equation014.png
683,100,6.83,formulaire016-equation016.png,264,31,8.516129032258064,formulaire016-equation016.png
422,89,4.741573033707865,formulaire016-equation017.png,183,31,5.903225806451613,formulaire016-equation017.png
863,111,7.774774774774775,formulaire016-equation018.png,233,22,10.590909090909092,formulaire016-equation018.png
407,100,4.07,formulaire016-equation019.png,181,31,5.838709677419355,formulaire016-equation019.png
554,89,6.224719101123595,formulaire016-equation020.png,322,28,11.5,formulaire016-equation020.png
398,92,4.326086956521739,formulaire016-equation021.png,114,22,5.181818181818182,formulaire016-equation021.png
724,134,5.402985074626866,formulaire016-equation022.png,325,42,7.738095238095238,formulaire016-equation022.png
241,81,2.9753086419753085,formulaire016-equation023.png,125,28,4.464285714285714,formulaire016-equation023.png
351,104,3.375,formulaire016-equation024.png,125,28,4.464285714285714,formulaire016-equation024.png
103,75,1.3733333333333333,formulaire016-equation026.png,81,31,2.6129032258064515,formulaire016-equation026.png
689,105,6.561904761904762,formulaire016-equation027.png,233,28,8.321428571428571,formulaire016-equation027.png
177,63,2.8095238095238093,formulaire016-equation028.png,72,25,2.88,formulaire016-equation028.png
142,86,1.6511627906976745,formulaire016-equation029.png,39,25,1.56,formulaire016-equation029.png
375,90,4.166666666666667,formulaire016-equation031.png,144,31,4.645161290322581,formulaire016-equation031.png
537,143,3.7552447552447554,formulaire016-equation032.png,142,36,3.9444444444444446,formulaire016-equation032.png
560,77,7.2727272727272725,formulaire016-equation035.png,342,28,12.214285714285714,formulaire016-equation035.png
313,85,3.6823529411764704,formulaire016-equation036.png,114,25,4.56,formulaire016-equation036.png
511,137,3.72992700729927,formulaire016-equation037.png,175,36,4.861111111111111,formulaire016-equation037.png
201,64,3.140625,formulaire016-equation038.png,64,22,2.909090909090909,formulaire016-equation038.png
767,100,7.67,formulaire016-equation039.png,203,28,7.25,formulaire016-equation039.png
374,73,5.123287671232877,formulaire016-equation040.png,133,28,4.75,formulaire016-equation040.png
396,83,4.771084337349397,formulaire016-equation041.png,114,22,5.181818181818182,formulaire016-equation041.png
137,78,1.7564102564102564,formulaire016-equation042.png,36,22,1.6363636363636365,formulaire016-equation042.png
317,82,3.8658536585365852,formulaire016-equation043.png,142,28,5.071428571428571,formulaire016-equation043.png
311,90,3.4555555555555557,formulaire016-equation044.png,119,28,4.25,formulaire016-equation044.png
707,106,6.669811320754717,formulaire016-equation047.png,231,25,9.24,formulaire016-equation047.png
134,94,1.425531914893617,formulaire016-equation049.png,58,25,2.32,formulaire016-equation049.png
748,166,4.506024096385542,formulaire016-equation052.png,158,39,4.051282051282051,formulaire016-equation052.png
363,81,4.481481481481482,formulaire016-equation053.png,208,25,8.32,formulaire016-equation053.png
461,104,4.4326923076923075,formulaire016-equation054.png,111,19,5.842105263157895,formulaire016-equation054.png
678,77,8.805194805194805,formulaire016-equation055.png,347,28,12.392857142857142,formulaire016-equation055.png
157,71,2.211267605633803,formulaire016-equation056.png,94,19,4.947368421052632,formulaire016-equation056.png
254,87,2.9195402298850577,formulaire016-equation057.png,108,25,4.32,formulaire016-equation057.png
260,163,1.5950920245398772,formulaire016-equation058.png,61,33,1.8484848484848484,formulaire016-equation058.png
314,79,3.9746835443037973,formulaire016-equation061.png,131,25,5.24,formulaire016-equation061.png
260,103,2.5242718446601944,formulaire016-equation062.png,100,31,3.225806451612903,formulaire016-equation062.png
156,80,1.95,formulaire016-equation063.png,67,28,2.392857142857143,formulaire016-equation063.png
134,66,2.0303030303030303,formulaire016-equation064.png,64,25,2.56,formulaire016-equation064.png
650,81,8.024691358024691,formulaire016-equation065.png,306,28,10.928571428571429,formulaire016-equation065.png
480,167,2.874251497005988,formulaire016-equation066.png,144,39,3.6923076923076925,formulaire016-equation066.png
312,99,3.1515151515151514,formulaire016-equation067.png,142,28,5.071428571428571,formulaire016-equation067.png
373,112,3.330357142857143,formulaire016-equation068.png,128,25,5.12,formulaire016-equation068.png
103,122,0.8442622950819673,formulaire016-equation069.png,19,39,0.48717948717948717,formulaire016-equation069.png
166,68,2.4411764705882355,formulaire016-equation071.png,56,19,2.9473684210526314,formulaire016-equation071.png
670,82,8.170731707317072,formulaire016-equation072.png,417,28,14.892857142857142,formulaire016-equation072.png
602,105,5.733333333333333,formulaire016-equation073.png,225,31,7.258064516129032,formulaire016-equation073.png
743,91,8.164835164835164,formulaire016-equation074.png,233,25,9.32,formulaire016-equation074.png
783,187,4.18716577540107,formulaire017-equation001.png,111,28,3.9642857142857144,formulaire017-equation001.png
143,150,0.9533333333333334,formulaire017-equation002.png,25,36,0.6944444444444444,formulaire017-equation002.png
124,84,1.4761904761904763,formulaire017-equation003.png,42,25,1.68,formulaire017-equation003.png
405,133,3.045112781954887,formulaire017-equation004.png,164,64,2.5625,formulaire017-equation004.png
597,80,7.4625,formulaire017-equation005.png,364,28,13.0,formulaire017-equation005.png
83,78,1.064102564102564,formulaire017-equation006.png,42,31,1.3548387096774193,formulaire017-equation006.png
305,138,2.210144927536232,formulaire017-equation008.png,97,33,2.9393939393939394,formulaire017-equation008.png
773,126,6.134920634920635,formulaire017-equation009.png,247,33,7.484848484848484,formulaire017-equation009.png
668,78,8.564102564102564,formulaire017-equation011.png,222,22,10.090909090909092,formulaire017-equation011.png
198,86,2.302325581395349,formulaire017-equation012.png,108,28,3.857142857142857,formulaire017-equation012.png
117,78,1.5,formulaire017-equation013.png,61,28,2.1785714285714284,formulaire017-equation013.png
530,128,4.140625,formulaire017-equation014.png,164,36,4.555555555555555,formulaire017-equation014.png
834,77,10.831168831168831,formulaire017-equation015.png,289,22,13.136363636363637,formulaire017-equation015.png
358,114,3.1403508771929824,formulaire017-equation016.png,125,33,3.787878787878788,formulaire017-equation016.png
330,122,2.7049180327868854,formulaire017-equation017.png,131,31,4.225806451612903,formulaire017-equation017.png
265,73,3.6301369863013697,formulaire017-equation018.png,69,19,3.6315789473684212,formulaire017-equation018.png
463,205,2.2585365853658534,formulaire017-equation019.png,103,39,2.641025641025641,formulaire017-equation019.png
641,99,6.474747474747475,formulaire017-equation020.png,375,28,13.392857142857142,formulaire017-equation020.png
274,96,2.8541666666666665,formulaire017-equation021.png,97,25,3.88,formulaire017-equation021.png
365,173,2.1098265895953756,formulaire017-equation022.png,103,44,2.340909090909091,formulaire017-equation022.png
533,88,6.056818181818182,formulaire017-equation025.png,278,28,9.928571428571429,formulaire017-equation025.png
267,84,3.1785714285714284,formulaire017-equation026.png,128,33,3.878787878787879,formulaire017-equation026.png
880,134,6.567164179104478,formulaire017-equation027.png,433,69,6.27536231884058,formulaire017-equation027.png
243,87,2.793103448275862,formulaire017-equation028.png,128,33,3.878787878787879,formulaire017-equation028.png
472,108,4.37037037037037,formulaire017-equation029.png,117,25,4.68,formulaire017-equation029.png
397,92,4.315217391304348,formulaire017-equation031.png,192,25,7.68,formulaire017-equation031.png
493,110,4.4818181818181815,formulaire017-equation032.png,153,19,8.052631578947368,formulaire017-equation032.png
211,119,1.773109243697479,formulaire017-equation033.png,89,31,2.870967741935484,formulaire017-equation033.png
168,84,2.0,formulaire017-equation034.png,92,28,3.2857142857142856,formulaire017-equation034.png
583,81,7.197530864197531,formulaire017-equation035.png,250,25,10.0,formulaire017-equation035.png
229,79,2.8987341772151898,formulaire017-equation036.png,83,28,2.9642857142857144,formulaire017-equation036.png
210,102,2.0588235294117645,formulaire017-equation037.png,61,22,2.772727272727273,formulaire017-equation037.png
152,78,1.9487179487179487,formulaire017-equation038.png,83,28,2.9642857142857144,formulaire017-equation038.png
228,77,2.961038961038961,formulaire017-equation039.png,142,28,5.071428571428571,formulaire017-equation039.png
719,170,4.229411764705882,formulaire017-equation041.png,150,33,4.545454545454546,formulaire017-equation041.png
395,79,5.0,formulaire017-equation043.png,139,22,6.318181818181818,formulaire017-equation043.png
91,127,0.7165354330708661,formulaire017-equation044.png,28,31,0.9032258064516129,formulaire017-equation044.png
289,77,3.7532467532467533,formulaire017-equation046.png,78,19,4.105263157894737,formulaire017-equation046.png
162,73,2.219178082191781,formulaire017-equation047.png,86,28,3.0714285714285716,formulaire017-equation047.png
233,95,2.4526315789473685,formulaire017-equation048.png,89,22,4.045454545454546,formulaire017-equation048.png
175,86,2.0348837209302326,formulaire017-equation049.png,89,28,3.1785714285714284,formulaire017-equation049.png
637,85,7.4941176470588236,formulaire017-equation050.png,369,28,13.178571428571429,formulaire017-equation050.png
206,76,2.710526315789474,formulaire017-equation051.png,131,28,4.678571428571429,formulaire017-equation051.png
826,113,7.3097345132743365,formulaire017-equation052.png,233,25,9.32,formulaire017-equation052.png
923,176,5.244318181818182,formulaire017-equation053.png,303,64,4.734375,formulaire017-equation053.png
176,144,1.2222222222222223,formulaire017-equation054.png,42,39,1.0769230769230769,formulaire017-equation054.png
609,79,7.708860759493671,formulaire017-equation055.png,356,28,12.714285714285714,formulaire017-equation055.png
305,78,3.91025641025641,formulaire017-equation056.png,75,19,3.9473684210526314,formulaire017-equation056.png
201,79,2.5443037974683542,formulaire017-equation057.png,131,28,4.678571428571429,formulaire017-equation057.png
987,95,10.389473684210527,formulaire017-equation058.png,622,33,18.848484848484848,formulaire017-equation058.png
461,112,4.116071428571429,formulaire017-equation059.png,183,28,6.535714285714286,formulaire017-equation059.png
337,64,5.265625,formulaire017-equation062.png,125,22,5.681818181818182,formulaire017-equation062.png
378,100,3.78,formulaire017-equation063.png,172,31,5.548387096774194,formulaire017-equation063.png
560,150,3.7333333333333334,formulaire017-equation064.png,178,28,6.357142857142857,formulaire017-equation064.png
128,139,0.920863309352518,formulaire017-equation066.png,61,44,1.3863636363636365,formulaire017-equation066.png
171,72,2.375,formulaire017-equation068.png,125,28,4.464285714285714,formulaire017-equation068.png
704,154,4.571428571428571,formulaire017-equation069.png,261,67,3.8955223880597014,formulaire017-equation069.png
367,83,4.421686746987952,formulaire017-equation071.png,211,28,7.535714285714286,formulaire017-equation071.png
151,84,1.7976190476190477,formulaire017-equation072.png,75,28,2.6785714285714284,formulaire017-equation072.png
94,68,1.3823529411764706,formulaire017-equation073.png,47,28,1.6785714285714286,formulaire017-equation073.png
437,86,5.0813953488372094,formulaire017-equation074.png,128,22,5.818181818181818,formulaire017-equation074.png
708,79,8.962025316455696,formulaire018-equation001.png,258,28,9.214285714285714,formulaire018-equation001.png
753,83,9.072289156626505,formulaire018-equation002.png,300,28,10.714285714285714,formulaire018-equation002.png
392,70,5.6,formulaire018-equation003.png,150,31,4.838709677419355,formulaire018-equation003.png
657,100,6.57,formulaire018-equation004.png,231,31,7.451612903225806,formulaire018-equation004.png
797,69,11.55072463768116,formulaire018-equation005.png,208,22,9.454545454545455,formulaire018-equation005.png
324,70,4.628571428571429,formulaire018-equation006.png,103,28,3.6785714285714284,formulaire018-equation006.png
135,98,1.3775510204081634,formulaire018-equation007.png,25,28,0.8928571428571429,formulaire018-equation007.png
664,76,8.736842105263158,formulaire018-equation008.png,225,28,8.035714285714286,formulaire018-equation008.png
389,95,4.094736842105263,formulaire018-equation009.png,81,19,4.2631578947368425,formulaire018-equation009.png
524,70,7.485714285714286,formulaire018-equation012.png,142,22,6.454545454545454,formulaire018-equation012.png
250,66,3.787878787878788,formulaire018-equation013.png,64,22,2.909090909090909,formulaire018-equation013.png
124,68,1.8235294117647058,formulaire018-equation014.png,50,28,1.7857142857142858,formulaire018-equation014.png
1193,76,15.697368421052632,formulaire018-equation015.png,472,28,16.857142857142858,formulaire018-equation015.png
1152,125,9.216,formulaire018-equation016.png,322,36,8.944444444444445,formulaire018-equation016.png
322,89,3.6179775280898876,formulaire018-equation017.png,69,19,3.6315789473684212,formulaire018-equation017.png
174,72,2.4166666666666665,formulaire018-equation018.png,61,22,2.772727272727273,formulaire018-equation018.png
272,98,2.7755102040816326,formulaire018-equation021.png,61,28,2.1785714285714284,formulaire018-equation021.png
389,66,5.893939393939394,formulaire018-equation022.png,89,22,4.045454545454546,formulaire018-equation022.png
533,105,5.076190476190476,formulaire018-equation023.png,136,28,4.857142857142857,formulaire018-equation023.png
399,131,3.045801526717557,formulaire018-equation024.png,125,39,3.2051282051282053,formulaire018-equation024.png
1044,79,13.215189873417721,formulaire018-equation025.png,286,28,10.214285714285714,formulaire018-equation025.png
678,85,7.976470588235294,formulaire018-equation026.png,139,25,5.56,formulaire018-equation026.png
516,108,4.777777777777778,formulaire018-equation027.png,178,36,4.944444444444445,formulaire018-equation027.png
200,64,3.125,formulaire018-equation028.png,61,22,2.772727272727273,formulaire018-equation028.png
304,85,3.5764705882352943,formulaire018-equation029.png,75,25,3.0,formulaire018-equation029.png
969,107,9.05607476635514,formulaire018-equation031.png,292,31,9.419354838709678,formulaire018-equation031.png
401,78,5.141025641025641,formulaire018-equation032.png,108,22,4.909090909090909,formulaire018-equation032.png
1564,136,11.5,formulaire018-equation033.png,231,28,8.25,formulaire018-equation033.png
1674,102,16.41176470588235,formulaire018-equation034.png,528,28,18.857142857142858,formulaire018-equation034.png
508,80,6.35,formulaire018-equation036.png,203,31,6.548387096774194,formulaire018-equation036.png
327,95,3.442105263157895,formulaire018-equation037.png,89,22,4.045454545454546,formulaire018-equation037.png
257,83,3.0963855421686746,formulaire018-equation038.png,56,19,2.9473684210526314,formulaire018-equation038.png
497,93,5.344086021505376,formulaire018-equation039.png,158,31,5.096774193548387,formulaire018-equation039.png
689,81,8.506172839506172,formulaire018-equation040.png,153,22,6.954545454545454,formulaire018-equation040.png
375,78,4.8076923076923075,formulaire018-equation041.png,131,31,4.225806451612903,formulaire018-equation041.png
1150,108,10.648148148148149,formulaire018-equation042.png,319,28,11.392857142857142,formulaire018-equation042.png
247,143,1.7272727272727273,formulaire018-equation044.png,83,67,1.2388059701492538,formulaire018-equation044.png
983,78,12.602564102564102,formulaire018-equation045.png,347,28,12.392857142857142,formulaire018-equation045.png
343,116,2.956896551724138,formulaire018-equation046.png,97,25,3.88,formulaire018-equation046.png
215,83,2.5903614457831323,formulaire018-equation047.png,69,28,2.4642857142857144,formulaire018-equation047.png
160,66,2.4242424242424243,formulaire018-equation048.png,72,19,3.789473684210526,formulaire018-equation048.png
226,83,2.7228915662650603,formulaire018-equation049.png,50,19,2.6315789473684212,formulaire018-equation049.png
188,76,2.473684210526316,formulaire018-equation051.png,67,28,2.392857142857143,formulaire018-equation051.png
300,95,3.1578947368421053,formulaire018-equation052.png,92,28,3.2857142857142856,formulaire018-equation052.png
98,96,1.0208333333333333,formulaire018-equation053.png,42,69,0.6086956521739131,formulaire018-equation053.png
799,130,6.1461538461538465,formulaire018-equation054.png,261,36,7.25,formulaire018-equation054.png
711,80,8.8875,formulaire018-equation055.png,167,22,7.590909090909091,formulaire018-equation055.png
1475,127,11.614173228346457,formulaire018-equation056.png,300,25,12.0,formulaire018-equation056.png
353,91,3.879120879120879,formulaire018-equation058.png,72,25,2.88,formulaire018-equation058.png
2116,143,14.797202797202797,formulaire018-equation059.png,442,31,14.258064516129032,formulaire018-equation059.png
1158,73,15.863013698630137,formulaire018-equation060.png,397,28,14.178571428571429,formulaire018-equation060.png
284,72,3.9444444444444446,formulaire018-equation061.png,122,25,4.88,formulaire018-equation061.png
598,105,5.695238095238095,formulaire018-equation062.png,233,36,6.472222222222222,formulaire018-equation062.png
212,64,3.3125,formulaire018-equation063.png,75,25,3.0,formulaire018-equation063.png
486,91,5.34065934065934,formulaire018-equation064.png,131,28,4.678571428571429,formulaire018-equation064.png
233,80,2.9125,formulaire018-equation066.png,100,28,3.5714285714285716,formulaire018-equation066.png
190,57,3.3333333333333335,formulaire018-equation067.png,75,19,3.9473684210526314,formulaire018-equation067.png
120,121,0.9917355371900827,formulaire018-equation069.png,22,36,0.6111111111111112,formulaire018-equation069.png
901,77,11.7012987012987,formulaire018-equation070.png,328,28,11.714285714285714,formulaire018-equation070.png
211,87,2.425287356321839,formulaire018-equation071.png,75,31,2.4193548387096775,formulaire018-equation071.png
350,81,4.320987654320987,formulaire018-equation072.png,75,25,3.0,formulaire018-equation072.png
567,139,4.079136690647482,formulaire018-equation073.png,197,50,3.94,formulaire018-equation073.png
405,194,2.0876288659793816,formulaire018-equation074.png,25,31,0.8064516129032258,formulaire018-equation074.png
632,78,8.102564102564102,formulaire019-equation000.png,344,28,12.285714285714286,formulaire019-equation000.png
950,122,7.786885245901639,formulaire019-equation001.png,317,28,11.321428571428571,formulaire019-equation001.png
1036,135,7.674074074074074,formulaire019-equation002.png,253,28,9.035714285714286,formulaire019-equation002.png
621,91,6.824175824175824,formulaire019-equation003.png,206,28,7.357142857142857,formulaire019-equation003.png
119,74,1.6081081081081081,formulaire019-equation004.png,61,28,2.1785714285714284,formulaire019-equation004.png
1014,75,13.52,formulaire019-equation005.png,550,28,19.642857142857142,formulaire019-equation005.png
1229,129,9.527131782945736,formulaire019-equation006.png,369,31,11.903225806451612,formulaire019-equation006.png
528,101,5.227722772277228,formulaire019-equation008.png,139,25,5.56,formulaire019-equation008.png
168,148,1.135135135135135,formulaire019-equation009.png,58,31,1.8709677419354838,formulaire019-equation009.png
859,72,11.930555555555555,formulaire019-equation010.png,403,28,14.392857142857142,formulaire019-equation010.png
170,84,2.0238095238095237,formulaire019-equation011.png,42,19,2.210526315789474,formulaire019-equation011.png
249,70,3.557142857142857,formulaire019-equation012.png,128,31,4.129032258064516,formulaire019-equation012.png
1185,97,12.216494845360824,formulaire019-equation013.png,489,31,15.774193548387096,formulaire019-equation013.png
515,158,3.259493670886076,formulaire019-equation014.png,172,42,4.095238095238095,formulaire019-equation014.png
838,68,12.323529411764707,formulaire019-equation015.png,361,25,14.44,formulaire019-equation015.png
144,55,2.618181818181818,formulaire019-equation016.png,64,19,3.3684210526315788,formulaire019-equation016.png
269,149,1.8053691275167785,formulaire019-equation017.png,67,36,1.8611111111111112,formulaire019-equation017.png
301,116,2.5948275862068964,formulaire019-equation018.png,136,36,3.7777777777777777,formulaire019-equation018.png
118,80,1.475,formulaire019-equation019.png,58,19,3.0526315789473686,formulaire019-equation019.png
648,85,7.623529411764705,formulaire019-equation020.png,203,25,8.12,formulaire019-equation020.png
209,77,2.7142857142857144,formulaire019-equation021.png,67,19,3.526315789473684,formulaire019-equation021.png
350,101,3.4653465346534653,formulaire019-equation023.png,264,50,5.28,formulaire019-equation023.png
269,107,2.514018691588785,formulaire019-equation024.png,69,19,3.6315789473684212,formulaire019-equation024.png
1181,76,15.539473684210526,formulaire019-equation025.png,722,28,25.785714285714285,formulaire019-equation025.png
455,95,4.7894736842105265,formulaire019-equation026.png,144,25,5.76,formulaire019-equation026.png
297,80,3.7125,formulaire019-equation027.png,108,28,3.857142857142857,formulaire019-equation027.png
945,92,10.271739130434783,formulaire019-equation028.png,350,28,12.5,formulaire019-equation028.png
463,101,4.584158415841584,formulaire019-equation029.png,178,28,6.357142857142857,formulaire019-equation029.png
614,73,8.41095890410959,formulaire019-equation030.png,333,28,11.892857142857142,formulaire019-equation030.png
220,186,1.1827956989247312,formulaire019-equation031.png,81,36,2.25,formulaire019-equation031.png
274,86,3.186046511627907,formulaire019-equation032.png,61,19,3.210526315789474,formulaire019-equation032.png
485,94,5.159574468085107,formulaire019-equation033.png,167,25,6.68,formulaire019-equation033.png
234,77,3.038961038961039,formulaire019-equation034.png,100,28,3.5714285714285716,formulaire019-equation034.png
515,102,5.049019607843137,formulaire019-equation036.png,117,25,4.68,formulaire019-equation036.png
718,98,7.326530612244898,formulaire019-equation037.png,239,28,8.535714285714286,formulaire019-equation037.png
770,85,9.058823529411764,formulaire019-equation038.png,336,25,13.44,formulaire019-equation038.png
864,116,7.448275862068965,formulaire019-equation039.png,256,25,10.24,formulaire019-equation039.png
288,123,2.341463414634146,formulaire019-equation041.png,119,42,2.8333333333333335,formulaire019-equation041.png
556,135,4.118518518518519,formulaire019-equation042.png,131,25,5.24,formulaire019-equation042.png
442,104,4.25,formulaire019-equation043.png,406,83,4.891566265060241,formulaire019-equation043.png
220,68,3.235294117647059,formulaire019-equation044.png,103,28,3.6785714285714284,formulaire019-equation044.png
779,88,8.852272727272727,formulaire019-equation045.png,342,28,12.214285714285714,formulaire019-equation045.png
156,76,2.0526315789473686,formulaire019-equation046.png,69,28,2.4642857142857144,formulaire019-equation046.png
295,77,3.831168831168831,formulaire019-equation047.png,97,25,3.88,formulaire019-equation047.png
87,82,1.0609756097560976,formulaire019-equation048.png,36,19,1.894736842105263,formulaire019-equation048.png
546,124,4.403225806451613,formulaire019-equation049.png,228,47,4.851063829787234,formulaire019-equation049.png
403,69,5.840579710144928,formulaire019-equation050.png,167,22,7.590909090909091,formulaire019-equation050.png
220,108,2.037037037037037,formulaire019-equation051.png,36,17,2.1176470588235294,formulaire019-equation051.png
504,106,4.754716981132075,formulaire019-equation052.png,328,39,8.41025641025641,formulaire019-equation052.png
158,103,1.5339805825242718,formulaire019-equation053.png,39,22,1.7727272727272727,formulaire019-equation053.png
835,110,7.590909090909091,formulaire019-equation054.png,261,25,10.44,formulaire019-equation054.png
249,91,2.7362637362637363,formulaire019-equation056.png,72,25,2.88,formulaire019-equation056.png
272,129,2.108527131782946,formulaire019-equation057.png,86,33,2.606060606060606,formulaire019-equation057.png
982,161,6.099378881987578,formulaire019-equation058.png,283,33,8.575757575757576,formulaire019-equation058.png
553,232,2.3836206896551726,formulaire019-equation059.png,139,50,2.78,formulaire019-equation059.png
185,78,2.371794871794872,formulaire019-equation061.png,83,25,3.32,formulaire019-equation061.png
312,145,2.1517241379310343,formulaire019-equation062.png,94,42,2.238095238095238,formulaire019-equation062.png
525,106,4.952830188679245,formulaire019-equation063.png,236,31,7.612903225806452,formulaire019-equation063.png
187,79,2.367088607594937,formulaire019-equation064.png,75,25,3.0,formulaire019-equation064.png
577,75,7.693333333333333,formulaire019-equation065.png,267,28,9.535714285714286,formulaire019-equation065.png
490,97,5.051546391752577,formulaire019-equation066.png,139,25,5.56,formulaire019-equation066.png
457,88,5.193181818181818,formulaire019-equation067.png,211,33,6.393939393939394,formulaire019-equation067.png
908,102,8.901960784313726,formulaire019-equation068.png,339,25,13.56,formulaire019-equation068.png
287,85,3.376470588235294,formulaire019-equation069.png,114,31,3.6774193548387095,formulaire019-equation069.png
460,85,5.411764705882353,formulaire019-equation070.png,153,25,6.12,formulaire019-equation070.png
449,80,5.6125,formulaire019-equation071.png,69,14,4.928571428571429,formulaire019-equation071.png
410,95,4.315789473684211,formulaire019-equation072.png,156,28,5.571428571428571,formulaire019-equation072.png
403,99,4.070707070707071,formulaire019-equation073.png,131,25,5.24,formulaire019-equation073.png
386,73,5.287671232876712,formulaire020-equation000.png,233,28,8.321428571428571,formulaire020-equation000.png
171,70,2.442857142857143,formulaire020-equation001.png,78,25,3.12,formulaire020-equation001.png
451,139,3.2446043165467624,formulaire020-equation002.png,169,39,4.333333333333333,formulaire020-equation002.png
78,144,0.5416666666666666,formulaire020-equation003.png,17,33,0.5151515151515151,formulaire020-equation003.png
393,68,5.779411764705882,formulaire020-equation005.png,242,22,11.0,formulaire020-equation005.png
102,66,1.5454545454545454,formulaire020-equation006.png,58,28,2.0714285714285716,formulaire020-equation006.png
341,80,4.2625,formulaire020-equation007.png,211,28,7.535714285714286,formulaire020-equation007.png
246,72,3.4166666666666665,formulaire020-equation008.png,94,19,4.947368421052632,formulaire020-equation008.png
202,110,1.8363636363636364,formulaire020-equation009.png,67,22,3.0454545454545454,formulaire020-equation009.png
148,66,2.242424242424242,formulaire020-equation011.png,75,22,3.409090909090909,formulaire020-equation011.png
137,132,1.0378787878787878,formulaire020-equation012.png,47,33,1.4242424242424243,formulaire020-equation012.png
263,129,2.0387596899224807,formulaire020-equation013.png,128,36,3.5555555555555554,formulaire020-equation013.png
967,173,5.589595375722543,formulaire020-equation014.png,306,64,4.78125,formulaire020-equation014.png
456,80,5.7,formulaire020-equation015.png,272,28,9.714285714285714,formulaire020-equation015.png
320,88,3.6363636363636362,formulaire020-equation016.png,172,31,5.548387096774194,formulaire020-equation016.png
101,168,0.6011904761904762,formulaire020-equation017.png,28,36,0.7777777777777778,formulaire020-equation017.png
114,69,1.6521739130434783,formulaire020-equation018.png,56,19,2.9473684210526314,formulaire020-equation018.png
467,71,6.577464788732394,formulaire020-equation020.png,208,22,9.454545454545455,formulaire020-equation020.png
245,85,2.8823529411764706,formulaire020-equation021.png,75,25,3.0,formulaire020-equation021.png
293,142,2.063380281690141,formulaire020-equation022.png,108,42,2.5714285714285716,formulaire020-equation022.png
228,66,3.4545454545454546,formulaire020-equation023.png,131,19,6.894736842105263,formulaire020-equation023.png
622,123,5.056910569105691,formulaire020-equation024.png,250,42,5.9523809523809526,formulaire020-equation024.png
262,70,3.742857142857143,formulaire020-equation026.png,153,28,5.464285714285714,formulaire020-equation026.png
263,110,2.390909090909091,formulaire020-equation027.png,81,22,3.6818181818181817,formulaire020-equation027.png
282,88,3.2045454545454546,formulaire020-equation028.png,167,28,5.964285714285714,formulaire020-equation028.png
561,96,5.84375,formulaire020-equation029.png,297,28,10.607142857142858,formulaire020-equation029.png
415,78,5.32051282051282,formulaire020-equation030.png,181,25,7.24,formulaire020-equation030.png
183,79,2.3164556962025316,formulaire020-equation031.png,72,25,2.88,formulaire020-equation031.png
346,140,2.4714285714285715,formulaire020-equation032.png,156,39,4.0,formulaire020-equation032.png
219,79,2.7721518987341773,formulaire020-equation034.png,122,31,3.935483870967742,formulaire020-equation034.png
91,77,1.1818181818181819,formulaire020-equation036.png,36,25,1.44,formulaire020-equation036.png
282,137,2.0583941605839415,formulaire020-equation037.png,114,64,1.78125,formulaire020-equation037.png
293,82,3.573170731707317,formulaire020-equation038.png,103,22,4.681818181818182,formulaire020-equation038.png
573,89,6.438202247191011,formulaire020-equation040.png,236,28,8.428571428571429,formulaire020-equation040.png
842,111,7.585585585585585,formulaire020-equation041.png,525,31,16.93548387096774,formulaire020-equation041.png
285,79,3.607594936708861,formulaire020-equation042.png,117,17,6.882352941176471,formulaire020-equation042.png
1045,89,11.741573033707866,formulaire020-equation043.png,425,25,17.0,formulaire020-equation043.png
371,129,2.875968992248062,formulaire020-equation044.png,78,36,2.1666666666666665,formulaire020-equation044.png
741,83,8.927710843373495,formulaire020-equation045.png,425,28,15.178571428571429,formulaire020-equation045.png
160,77,2.0779220779220777,formulaire020-equation046.png,64,19,3.3684210526315788,formulaire020-equation046.png
609,126,4.833333333333333,formulaire020-equation047.png,261,39,6.6923076923076925,formulaire020-equation047.png
131,79,1.6582278481012658,formulaire020-equation048.png,86,28,3.0714285714285716,formulaire020-equation048.png
520,127,4.094488188976378,formulaire020-equation049.png,97,28,3.4642857142857144,formulaire020-equation049.png
617,75,8.226666666666667,formulaire020-equation050.png,289,28,10.321428571428571,formulaire020-equation050.png
113,74,1.527027027027027,formulaire020-equation053.png,50,25,2.0,formulaire020-equation053.png
520,191,2.722513089005236,formulaire020-equation054.png,103,36,2.861111111111111,formulaire020-equation054.png
757,75,10.093333333333334,formulaire020-equation055.png,481,28,17.178571428571427,formulaire020-equation055.png
905,217,4.170506912442396,formulaire020-equation056.png,236,64,3.6875,formulaire020-equation056.png
181,96,1.8854166666666667,formulaire020-equation057.png,81,28,2.892857142857143,formulaire020-equation057.png
269,136,1.9779411764705883,formulaire020-equation058.png,69,31,2.225806451612903,formulaire020-equation058.png
427,85,5.023529411764706,formulaire020-equation059.png,203,31,6.548387096774194,formulaire020-equation059.png
900,84,10.714285714285714,formulaire020-equation060.png,444,28,15.857142857142858,formulaire020-equation060.png
145,78,1.858974358974359,formulaire020-equation061.png,67,25,2.68,formulaire020-equation061.png
179,80,2.2375,formulaire020-equation062.png,89,25,3.56,formulaire020-equation062.png
188,60,3.1333333333333333,formulaire020-equation063.png,75,14,5.357142857142857,formulaire020-equation063.png
703,83,8.46987951807229,formulaire020-equation065.png,378,28,13.5,formulaire020-equation065.png
297,80,3.7125,formulaire020-equation066.png,92,25,3.68,formulaire020-equation066.png
316,74,4.27027027027027,formulaire020-equation067.png,106,25,4.24,formulaire020-equation067.png
118,72,1.6388888888888888,formulaire020-equation068.png,67,25,2.68,formulaire020-equation068.png
728,171,4.257309941520468,formulaire020-equation069.png,194,33,5.878787878787879,formulaire020-equation069.png
889,83,10.710843373493976,formulaire020-equation070.png,633,28,22.607142857142858,formulaire020-equation070.png
399,149,2.6778523489932886,formulaire020-equation071.png,139,39,3.5641025641025643,formulaire020-equation071.png
300,103,2.912621359223301,formulaire020-equation072.png,86,22,3.909090909090909,formulaire020-equation072.png
355,77,4.6103896103896105,formulaire020-equation073.png,167,19,8.789473684210526,formulaire020-equation073.png
464,116,4.0,formulaire020-equation074.png,242,39,6.205128205128205,formulaire020-equation074.png
870,92,9.456521739130435,formulaire021-equation002.png,233,25,9.32,formulaire021-equation002.png
198,72,2.75,formulaire021-equation003.png,64,17,3.764705882352941,formulaire021-equation003.png
1113,90,12.366666666666667,formulaire021-equation004.png,356,25,14.24,formulaire021-equation004.png
621,98,6.336734693877551,formulaire021-equation006.png,164,25,6.56,formulaire021-equation006.png
337,145,2.3241379310344827,formulaire021-equation007.png,86,33,2.606060606060606,formulaire021-equation007.png
192,97,1.9793814432989691,formulaire021-equation008.png,89,36,2.4722222222222223,formulaire021-equation008.png
467,146,3.1986301369863015,formulaire021-equation009.png,133,31,4.290322580645161,formulaire021-equation009.png
596,78,7.641025641025641,formulaire021-equation010.png,264,22,12.0,formulaire021-equation010.png
250,82,3.048780487804878,formulaire021-equation011.png,67,22,3.0454545454545454,formulaire021-equation011.png
607,94,6.457446808510638,formulaire021-equation013.png,186,25,7.44,formulaire021-equation013.png
146,72,2.0277777777777777,formulaire021-equation014.png,39,17,2.2941176470588234,formulaire021-equation014.png
997,87,11.459770114942529,formulaire021-equation015.png,514,28,18.357142857142858,formulaire021-equation015.png
182,75,2.4266666666666667,formulaire021-equation016.png,103,28,3.6785714285714284,formulaire021-equation016.png
618,78,7.923076923076923,formulaire021-equation017.png,275,28,9.821428571428571,formulaire021-equation017.png
280,69,4.057971014492754,formulaire021-equation018.png,128,22,5.818181818181818,formulaire021-equation018.png
512,95,5.389473684210526,formulaire021-equation019.png,250,28,8.928571428571429,formulaire021-equation019.png
703,85,8.270588235294118,formulaire021-equation020.png,356,28,12.714285714285714,formulaire021-equation020.png
75,80,0.9375,formulaire021-equation021.png,39,31,1.2580645161290323,formulaire021-equation021.png
214,65,3.292307692307692,formulaire021-equation023.png,81,22,3.6818181818181817,formulaire021-equation023.png
619,75,8.253333333333334,formulaire021-equation025.png,328,28,11.714285714285714,formulaire021-equation025.png
257,75,3.4266666666666667,formulaire021-equation026.png,92,25,3.68,formulaire021-equation026.png
546,143,3.8181818181818183,formulaire021-equation027.png,203,44,4.613636363636363,formulaire021-equation027.png
317,71,4.464788732394366,formulaire021-equation028.png,108,22,4.909090909090909,formulaire021-equation028.png
162,161,1.0062111801242235,formulaire021-equation029.png,25,33,0.7575757575757576,formulaire021-equation029.png
422,80,5.275,formulaire021-equation030.png,181,22,8.227272727272727,formulaire021-equation030.png
88,88,1.0,formulaire021-equation031.png,47,31,1.5161290322580645,formulaire021-equation031.png
585,90,6.5,formulaire021-equation032.png,172,22,7.818181818181818,formulaire021-equation032.png
289,99,2.919191919191919,formulaire021-equation033.png,106,33,3.212121212121212,formulaire021-equation033.png
808,72,11.222222222222221,formulaire021-equation035.png,519,28,18.535714285714285,formulaire021-equation035.png
300,85,3.5294117647058822,formulaire021-equation036.png,108,28,3.857142857142857,formulaire021-equation036.png
175,93,1.881720430107527,formulaire021-equation037.png,81,28,2.892857142857143,formulaire021-equation037.png
741,83,8.927710843373495,formulaire021-equation038.png,408,33,12.363636363636363,formulaire021-equation038.png
461,162,2.845679012345679,formulaire021-equation039.png,83,33,2.515151515151515,formulaire021-equation039.png
443,78,5.67948717948718,formulaire021-equation040.png,153,22,6.954545454545454,formulaire021-equation040.png
205,64,3.203125,formulaire021-equation041.png,97,28,3.4642857142857144,formulaire021-equation041.png
263,85,3.0941176470588236,formulaire021-equation042.png,161,31,5.193548387096774,formulaire021-equation042.png
186,97,1.9175257731958764,formulaire021-equation043.png,69,36,1.9166666666666667,formulaire021-equation043.png
437,119,3.672268907563025,formulaire021-equation046.png,119,33,3.606060606060606,formulaire021-equation046.png
274,87,3.1494252873563218,formulaire021-equation047.png,133,31,4.290322580645161,formulaire021-equation047.png
143,88,1.625,formulaire021-equation048.png,50,28,1.7857142857142858,formulaire021-equation048.png
139,83,1.6746987951807228,formulaire021-equation049.png,64,28,2.2857142857142856,formulaire021-equation049.png
993,84,11.821428571428571,formulaire021-equation050.png,597,28,21.321428571428573,formulaire021-equation050.png
650,130,5.0,formulaire021-equation051.png,158,36,4.388888888888889,formulaire021-equation051.png
108,104,1.0384615384615385,formulaire021-equation052.png,33,25,1.32,formulaire021-equation052.png
247,80,3.0875,formulaire021-equation053.png,125,31,4.032258064516129,formulaire021-equation053.png
388,78,4.9743589743589745,formulaire021-equation054.png,178,28,6.357142857142857,formulaire021-equation054.png
585,77,7.597402597402597,formulaire021-equation055.png,306,28,10.928571428571429,formulaire021-equation055.png
144,88,1.6363636363636365,formulaire021-equation056.png,33,28,1.1785714285714286,formulaire021-equation056.png
86,72,1.1944444444444444,formulaire021-equation057.png,39,28,1.3928571428571428,formulaire021-equation057.png
258,87,2.9655172413793105,formulaire021-equation058.png,194,28,6.928571428571429,formulaire021-equation058.png
444,138,3.217391304347826,formulaire021-equation059.png,292,67,4.358208955223881,formulaire021-equation059.png
576,75,7.68,formulaire021-equation060.png,250,25,10.0,formulaire021-equation060.png
543,156,3.480769230769231,formulaire021-equation061.png,136,39,3.4871794871794872,formulaire021-equation061.png
600,99,6.0606060606060606,formulaire021-equation062.png,350,28,12.5,formulaire021-equation062.png
182,78,2.3333333333333335,formulaire021-equation063.png,72,22,3.272727272727273,formulaire021-equation063.png
269,83,3.2409638554216866,formulaire021-equation064.png,144,31,4.645161290322581,formulaire021-equation064.png
601,84,7.154761904761905,formulaire021-equation065.png,250,28,8.928571428571429,formulaire021-equation065.png
919,131,7.015267175572519,formulaire021-equation066.png,294,25,11.76,formulaire021-equation066.png
110,65,1.6923076923076923,formulaire021-equation067.png,47,28,1.6785714285714286,formulaire021-equation067.png
560,78,7.17948717948718,formulaire021-equation068.png,331,31,10.67741935483871,formulaire021-equation068.png
280,77,3.6363636363636362,formulaire021-equation069.png,89,19,4.684210526315789,formulaire021-equation069.png
522,72,7.25,formulaire021-equation070.png,192,22,8.727272727272727,formulaire021-equation070.png
990,83,11.927710843373495,formulaire021-equation071.png,636,33,19.272727272727273,formulaire021-equation071.png
1136,243,4.674897119341564,formulaire021-equation072.png,261,58,4.5,formulaire021-equation072.png
118,69,1.710144927536232,formulaire021-equation073.png,47,28,1.6785714285714286,formulaire021-equation073.png
271,143,1.8951048951048952,formulaire021-equation074.png,94,36,2.611111111111111,formulaire021-equation074.png
462,69,6.695652173913044,formulaire022-equation000.png,197,22,8.954545454545455,formulaire022-equation000.png
101,95,1.063157894736842,formulaire022-equation001.png,44,31,1.4193548387096775,formulaire022-equation001.png
334,92,3.630434782608696,formulaire022-equation002.png,103,19,5.421052631578948,formulaire022-equation002.png
87,172,0.5058139534883721,formulaire022-equation003.png,28,33,0.8484848484848485,formulaire022-equation003.png
194,76,2.5526315789473686,formulaire022-equation004.png,100,25,4.0,formulaire022-equation004.png
499,81,6.160493827160494,formulaire022-equation005.png,317,28,11.321428571428571,formulaire022-equation005.png
191,66,2.893939393939394,formulaire022-equation006.png,67,19,3.526315789473684,formulaire022-equation006.png
384,95,4.042105263157895,formulaire022-equation007.png,128,25,5.12,formulaire022-equation007.png
717,192,3.734375,formulaire022-equation009.png,203,67,3.029850746268657,formulaire022-equation009.png
664,75,8.853333333333333,formulaire022-equation010.png,408,28,14.571428571428571,formulaire022-equation010.png
846,145,5.834482758620689,formulaire022-equation011.png,464,36,12.88888888888889,formulaire022-equation011.png
905,89,10.168539325842696,formulaire022-equation012.png,683,28,24.392857142857142,formulaire022-equation012.png
334,97,3.443298969072165,formulaire022-equation013.png,92,19,4.842105263157895,formulaire022-equation013.png
499,94,5.308510638297872,formulaire022-equation014.png,278,28,9.928571428571429,formulaire022-equation014.png
252,137,1.8394160583941606,formulaire022-equation016.png,75,33,2.272727272727273,formulaire022-equation016.png
332,179,1.8547486033519553,formulaire022-equation017.png,119,69,1.7246376811594204,formulaire022-equation017.png
666,113,5.893805309734513,formulaire022-equation018.png,225,25,9.0,formulaire022-equation018.png
264,92,2.869565217391304,formulaire022-equation019.png,139,31,4.483870967741935,formulaire022-equation019.png
570,79,7.215189873417722,formulaire022-equation020.png,331,28,11.821428571428571,formulaire022-equation020.png
762,112,6.803571428571429,formulaire022-equation022.png,381,31,12.290322580645162,formulaire022-equation022.png
91,72,1.2638888888888888,formulaire022-equation023.png,50,28,1.7857142857142858,formulaire022-equation023.png
479,113,4.238938053097345,formulaire022-equation024.png,272,31,8.774193548387096,formulaire022-equation024.png
414,72,5.75,formulaire022-equation025.png,175,22,7.954545454545454,formulaire022-equation025.png
114,91,1.2527472527472527,formulaire022-equation026.png,53,39,1.358974358974359,formulaire022-equation026.png
826,81,10.197530864197532,formulaire022-equation028.png,333,22,15.136363636363637,formulaire022-equation028.png
702,151,4.6490066225165565,formulaire022-equation029.png,267,39,6.846153846153846,formulaire022-equation029.png
465,65,7.153846153846154,formulaire022-equation030.png,244,22,11.090909090909092,formulaire022-equation030.png
292,90,3.2444444444444445,formulaire022-equation031.png,125,25,5.0,formulaire022-equation031.png
192,93,2.064516129032258,formulaire022-equation032.png,106,25,4.24,formulaire022-equation032.png
415,162,2.5617283950617282,formulaire022-equation033.png,111,31,3.5806451612903225,formulaire022-equation033.png
268,83,3.2289156626506026,formulaire022-equation034.png,164,28,5.857142857142857,formulaire022-equation034.png
879,88,9.988636363636363,formulaire022-equation035.png,611,28,21.821428571428573,formulaire022-equation035.png
655,99,6.616161616161616,formulaire022-equation036.png,353,31,11.387096774193548,formulaire022-equation036.png
404,93,4.344086021505376,formulaire022-equation037.png,161,28,5.75,formulaire022-equation037.png
71,82,0.8658536585365854,formulaire022-equation038.png,50,28,1.7857142857142858,formulaire022-equation038.png
434,127,3.4173228346456694,formulaire022-equation039.png,139,25,5.56,formulaire022-equation039.png
63,61,1.0327868852459017,formulaire022-equation041.png,50,28,1.7857142857142858,formulaire022-equation041.png
827,172,4.808139534883721,formulaire022-equation042.png,244,31,7.870967741935484,formulaire022-equation042.png
156,79,1.9746835443037976,formulaire022-equation043.png,58,19,3.0526315789473686,formulaire022-equation043.png
526,142,3.704225352112676,formulaire022-equation044.png,169,44,3.840909090909091,formulaire022-equation044.png
473,72,6.569444444444445,formulaire022-equation045.png,208,22,9.454545454545455,formulaire022-equation045.png
679,177,3.8361581920903953,formulaire022-equation046.png,244,42,5.809523809523809,formulaire022-equation046.png
125,77,1.6233766233766234,formulaire022-equation047.png,83,28,2.9642857142857144,formulaire022-equation047.png
88,83,1.0602409638554218,formulaire022-equation048.png,39,25,1.56,formulaire022-equation048.png
83,85,0.9764705882352941,formulaire022-equation049.png,44,25,1.76,formulaire022-equation049.png
834,88,9.477272727272727,formulaire022-equation050.png,592,28,21.142857142857142,formulaire022-equation050.png
144,82,1.7560975609756098,formulaire022-equation051.png,56,28,2.0,formulaire022-equation051.png
445,82,5.426829268292683,formulaire022-equation052.png,239,28,8.535714285714286,formulaire022-equation052.png
73,120,0.6083333333333333,formulaire022-equation053.png,22,42,0.5238095238095238,formulaire022-equation053.png
316,99,3.191919191919192,formulaire022-equation054.png,94,17,5.529411764705882,formulaire022-equation054.png
758,76,9.973684210526315,formulaire022-equation055.png,319,22,14.5,formulaire022-equation055.png
126,90,1.4,formulaire022-equation056.png,97,31,3.129032258064516,formulaire022-equation056.png
714,111,6.4324324324324325,formulaire022-equation057.png,383,28,13.678571428571429,formulaire022-equation057.png
586,128,4.578125,formulaire022-equation058.png,261,33,7.909090909090909,formulaire022-equation058.png
574,85,6.752941176470588,formulaire022-equation060.png,417,28,14.892857142857142,formulaire022-equation060.png
133,80,1.6625,formulaire022-equation061.png,56,28,2.0,formulaire022-equation061.png
532,94,5.659574468085107,formulaire022-equation062.png,311,28,11.107142857142858,formulaire022-equation062.png
623,123,5.065040650406504,formulaire022-equation063.png,150,22,6.818181818181818,formulaire022-equation063.png
101,84,1.2023809523809523,formulaire022-equation064.png,61,28,2.1785714285714284,formulaire022-equation064.png
561,83,6.759036144578313,formulaire022-equation065.png,383,28,13.678571428571429,formulaire022-equation065.png
761,107,7.11214953271028,formulaire022-equation066.png,294,25,11.76,formulaire022-equation066.png
397,84,4.726190476190476,formulaire022-equation067.png,178,28,6.357142857142857,formulaire022-equation067.png
271,92,2.9456521739130435,formulaire022-equation068.png,78,25,3.12,formulaire022-equation068.png
398,146,2.7260273972602738,formulaire022-equation069.png,189,69,2.739130434782609,formulaire022-equation069.png
349,93,3.752688172043011,formulaire022-equation071.png,108,28,3.857142857142857,formulaire022-equation071.png
284,88,3.227272727272727,formulaire022-equation072.png,128,25,5.12,formulaire022-equation072.png
158,70,2.257142857142857,formulaire022-equation073.png,56,19,2.9473684210526314,formulaire022-equation073.png
310,94,3.297872340425532,formulaire022-equation074.png,128,28,4.571428571428571,formulaire022-equation074.png
372,68,5.470588235294118,formulaire023-equation000.png,142,28,5.071428571428571,formulaire023-equation000.png
731,143,5.111888111888112,formulaire023-equation001.png,392,72,5.444444444444445,formulaire023-equation001.png
131,81,1.617283950617284,formulaire023-equation002.png,56,28,2.0,formulaire023-equation002.png
439,97,4.525773195876289,formulaire023-equation003.png,133,22,6.045454545454546,formulaire023-equation003.png
606,90,6.733333333333333,formulaire023-equation004.png,119,19,6.2631578947368425,formulaire023-equation004.png
990,97,10.206185567010309,formulaire023-equation006.png,392,28,14.0,formulaire023-equation006.png
956,176,5.431818181818182,formulaire023-equation007.png,397,44,9.022727272727273,formulaire023-equation007.png
220,82,2.682926829268293,formulaire023-equation008.png,61,22,2.772727272727273,formulaire023-equation008.png
181,61,2.9672131147540983,formulaire023-equation011.png,72,22,3.272727272727273,formulaire023-equation011.png
861,81,10.62962962962963,formulaire023-equation012.png,261,25,10.44,formulaire023-equation012.png
523,105,4.980952380952381,formulaire023-equation013.png,175,31,5.645161290322581,formulaire023-equation013.png
1140,85,13.411764705882353,formulaire023-equation015.png,700,28,25.0,formulaire023-equation015.png
437,126,3.4682539682539684,formulaire023-equation016.png,81,19,4.2631578947368425,formulaire023-equation016.png
116,72,1.6111111111111112,formulaire023-equation017.png,58,28,2.0714285714285716,formulaire023-equation017.png
58,127,0.4566929133858268,formulaire023-equation018.png,17,31,0.5483870967741935,formulaire023-equation018.png
523,141,3.7092198581560285,formulaire023-equation019.png,178,44,4.045454545454546,formulaire023-equation019.png
839,77,10.896103896103897,formulaire023-equation020.png,369,28,13.178571428571429,formulaire023-equation020.png
295,68,4.338235294117647,formulaire023-equation021.png,92,22,4.181818181818182,formulaire023-equation021.png
473,134,3.529850746268657,formulaire023-equation022.png,142,33,4.303030303030303,formulaire023-equation022.png
553,121,4.570247933884297,formulaire023-equation023.png,139,31,4.483870967741935,formulaire023-equation023.png
560,219,2.557077625570776,formulaire023-equation024.png,131,64,2.046875,formulaire023-equation024.png
233,59,3.9491525423728815,formulaire023-equation026.png,64,14,4.571428571428571,formulaire023-equation026.png
526,86,6.116279069767442,formulaire023-equation028.png,158,28,5.642857142857143,formulaire023-equation028.png
573,107,5.355140186915888,formulaire023-equation029.png,94,19,4.947368421052632,formulaire023-equation029.png
1034,81,12.765432098765432,formulaire023-equation030.png,497,28,17.75,formulaire023-equation030.png
1549,135,11.474074074074075,formulaire023-equation031.png,489,31,15.774193548387096,formulaire023-equation031.png
417,146,2.856164383561644,formulaire023-equation032.png,108,31,3.4838709677419355,formulaire023-equation032.png
414,90,4.6,formulaire023-equation033.png,89,25,3.56,formulaire023-equation033.png
747,177,4.220338983050848,formulaire023-equation034.png,214,47,4.553191489361702,formulaire023-equation034.png
625,74,8.445945945945946,formulaire023-equation035.png,194,22,8.818181818181818,formulaire023-equation035.png
525,84,6.25,formulaire023-equation036.png,206,28,7.357142857142857,formulaire023-equation036.png
208,82,2.5365853658536586,formulaire023-equation037.png,89,28,3.1785714285714284,formulaire023-equation037.png
280,57,4.912280701754386,formulaire023-equation038.png,94,19,4.947368421052632,formulaire023-equation038.png
874,91,9.604395604395604,formulaire023-equation040.png,389,28,13.892857142857142,formulaire023-equation040.png
385,115,3.347826086956522,formulaire023-equation041.png,81,33,2.4545454545454546,formulaire023-equation041.png
344,125,2.752,formulaire023-equation042.png,111,39,2.8461538461538463,formulaire023-equation042.png
442,88,5.0227272727272725,formulaire023-equation043.png,158,28,5.642857142857143,formulaire023-equation043.png
459,94,4.882978723404255,formulaire023-equation044.png,211,28,7.535714285714286,formulaire023-equation044.png
437,79,5.531645569620253,formulaire023-equation046.png,158,22,7.181818181818182,formulaire023-equation046.png
716,101,7.089108910891089,formulaire023-equation047.png,133,22,6.045454545454546,formulaire023-equation047.png
267,69,3.869565217391304,formulaire023-equation048.png,92,28,3.2857142857142856,formulaire023-equation048.png
718,107,6.710280373831775,formulaire023-equation049.png,181,28,6.464285714285714,formulaire023-equation049.png
633,87,7.275862068965517,formulaire023-equation050.png,250,28,8.928571428571429,formulaire023-equation050.png
218,72,3.0277777777777777,formulaire023-equation051.png,67,25,2.68,formulaire023-equation051.png
437,79,5.531645569620253,formulaire023-equation052.png,175,28,6.25,formulaire023-equation052.png
371,92,4.032608695652174,formulaire023-equation053.png,158,28,5.642857142857143,formulaire023-equation053.png
87,64,1.359375,formulaire023-equation054.png,47,28,1.6785714285714286,formulaire023-equation054.png
615,77,7.987012987012987,formulaire023-equation055.png,264,28,9.428571428571429,formulaire023-equation055.png
457,90,5.0777777777777775,formulaire023-equation056.png,203,28,7.25,formulaire023-equation056.png
494,111,4.45045045045045,formulaire023-equation057.png,144,31,4.645161290322581,formulaire023-equation057.png
155,98,1.5816326530612246,formulaire023-equation058.png,78,31,2.5161290322580645,formulaire023-equation058.png
673,147,4.578231292517007,formulaire023-equation059.png,183,31,5.903225806451613,formulaire023-equation059.png
342,77,4.441558441558442,formulaire023-equation061.png,103,28,3.6785714285714284,formulaire023-equation061.png
247,152,1.625,formulaire023-equation062.png,72,25,2.88,formulaire023-equation062.png
928,110,8.436363636363636,formulaire023-equation063.png,333,31,10.741935483870968,formulaire023-equation063.png
364,87,4.183908045977011,formulaire023-equation064.png,147,31,4.741935483870968,formulaire023-equation064.png
931,81,11.493827160493828,formulaire023-equation065.png,522,28,18.642857142857142,formulaire023-equation065.png
224,69,3.246376811594203,formulaire023-equation066.png,78,19,4.105263157894737,formulaire023-equation066.png
440,97,4.536082474226804,formulaire023-equation067.png,100,19,5.2631578947368425,formulaire023-equation067.png
1167,89,13.112359550561798,formulaire023-equation068.png,478,28,17.071428571428573,formulaire023-equation068.png
1408,146,9.643835616438356,formulaire023-equation069.png,581,36,16.13888888888889,formulaire023-equation069.png
570,84,6.785714285714286,formulaire023-equation070.png,181,22,8.227272727272727,formulaire023-equation070.png
181,84,2.1547619047619047,formulaire023-equation073.png,83,25,3.32,formulaire023-equation073.png
794,102,7.784313725490196,formulaire023-equation074.png,156,25,6.24,formulaire023-equation074.png
863,79,10.924050632911392,formulaire024-equation000.png,339,28,12.107142857142858,formulaire024-equation000.png
532,94,5.659574468085107,formulaire024-equation001.png,125,25,5.0,formulaire024-equation001.png
638,82,7.780487804878049,formulaire024-equation002.png,244,28,8.714285714285714,formulaire024-equation002.png
294,78,3.769230769230769,formulaire024-equation003.png,86,25,3.44,formulaire024-equation003.png
992,78,12.717948717948717,formulaire024-equation005.png,356,28,12.714285714285714,formulaire024-equation005.png
1201,119,10.092436974789916,formulaire024-equation006.png,292,31,9.419354838709678,formulaire024-equation006.png
367,99,3.707070707070707,formulaire024-equation008.png,117,31,3.774193548387097,formulaire024-equation008.png
97,63,1.5396825396825398,formulaire024-equation011.png,47,28,1.6785714285714286,formulaire024-equation011.png
587,104,5.644230769230769,formulaire024-equation012.png,189,31,6.096774193548387,formulaire024-equation012.png
1070,166,6.445783132530121,formulaire024-equation013.png,231,36,6.416666666666667,formulaire024-equation013.png
201,132,1.5227272727272727,formulaire024-equation016.png,69,36,1.9166666666666667,formulaire024-equation016.png
153,73,2.095890410958904,formulaire024-equation017.png,78,28,2.7857142857142856,formulaire024-equation017.png
381,170,2.2411764705882353,formulaire024-equation018.png,89,33,2.696969696969697,formulaire024-equation018.png
449,116,3.8706896551724137,formulaire024-equation019.png,169,28,6.035714285714286,formulaire024-equation019.png
800,95,8.421052631578947,formulaire024-equation021.png,264,28,9.428571428571429,formulaire024-equation021.png
138,85,1.6235294117647059,formulaire024-equation022.png,50,31,1.6129032258064515,formulaire024-equation022.png
246,72,3.4166666666666665,formulaire024-equation023.png,78,19,4.105263157894737,formulaire024-equation023.png
688,74,9.297297297297296,formulaire024-equation025.png,331,28,11.821428571428571,formulaire024-equation025.png
222,134,1.6567164179104477,formulaire024-equation026.png,69,42,1.6428571428571428,formulaire024-equation026.png
456,141,3.234042553191489,formulaire024-equation027.png,86,31,2.774193548387097,formulaire024-equation027.png
236,70,3.3714285714285714,formulaire024-equation028.png,89,28,3.1785714285714284,formulaire024-equation028.png
686,93,7.376344086021505,formulaire024-equation029.png,244,31,7.870967741935484,formulaire024-equation029.png
944,108,8.74074074074074,formulaire024-equation031.png,283,31,9.129032258064516,formulaire024-equation031.png
533,91,5.857142857142857,formulaire024-equation032.png,161,25,6.44,formulaire024-equation032.png
437,82,5.329268292682927,formulaire024-equation033.png,108,22,4.909090909090909,formulaire024-equation033.png
191,79,2.4177215189873418,formulaire024-equation034.png,72,28,2.5714285714285716,formulaire024-equation034.png
918,80,11.475,formulaire024-equation035.png,364,28,13.0,formulaire024-equation035.png
109,98,1.1122448979591837,formulaire024-equation036.png,39,25,1.56,formulaire024-equation036.png
231,187,1.2352941176470589,formulaire024-equation037.png,47,39,1.205128205128205,formulaire024-equation037.png
541,124,4.362903225806452,formulaire024-equation038.png,117,33,3.5454545454545454,formulaire024-equation038.png
443,130,3.4076923076923076,formulaire024-equation039.png,122,33,3.696969696969697,formulaire024-equation039.png
920,79,11.645569620253164,formulaire024-equation040.png,289,22,13.136363636363637,formulaire024-equation040.png
387,134,2.888059701492537,formulaire024-equation041.png,106,33,3.212121212121212,formulaire024-equation041.png
987,139,7.100719424460432,formulaire024-equation042.png,325,33,9.848484848484848,formulaire024-equation042.png
286,89,3.2134831460674156,formulaire024-equation043.png,75,25,3.0,formulaire024-equation043.png
442,70,6.314285714285714,formulaire024-equation044.png,94,17,5.529411764705882,formulaire024-equation044.png
412,146,2.8219178082191783,formulaire024-equation046.png,69,31,2.225806451612903,formulaire024-equation046.png
208,93,2.236559139784946,formulaire024-equation047.png,72,31,2.3225806451612905,formulaire024-equation047.png
925,81,11.419753086419753,formulaire024-equation048.png,419,31,13.516129032258064,formulaire024-equation048.png
279,91,3.065934065934066,formulaire024-equation049.png,106,28,3.7857142857142856,formulaire024-equation049.png
1278,97,13.175257731958762,formulaire024-equation050.png,375,25,15.0,formulaire024-equation050.png
866,102,8.490196078431373,formulaire024-equation051.png,219,25,8.76,formulaire024-equation051.png
233,77,3.0259740259740258,formulaire024-equation052.png,92,28,3.2857142857142856,formulaire024-equation052.png
851,182,4.675824175824176,formulaire024-equation053.png,178,33,5.393939393939394,formulaire024-equation053.png
152,70,2.1714285714285713,formulaire024-equation054.png,61,28,2.1785714285714284,formulaire024-equation054.png
745,79,9.430379746835444,formulaire024-equation055.png,342,28,12.214285714285714,formulaire024-equation055.png
331,98,3.377551020408163,formulaire024-equation056.png,83,31,2.6774193548387095,formulaire024-equation056.png
108,73,1.4794520547945205,formulaire024-equation057.png,53,28,1.8928571428571428,formulaire024-equation057.png
355,77,4.6103896103896105,formulaire024-equation058.png,131,25,5.24,formulaire024-equation058.png
663,100,6.63,formulaire024-equation059.png,317,31,10.225806451612904,formulaire024-equation059.png
409,99,4.1313131313131315,formulaire024-equation061.png,147,31,4.741935483870968,formulaire024-equation061.png
499,71,7.028169014084507,formulaire024-equation063.png,153,22,6.954545454545454,formulaire024-equation063.png
276,80,3.45,formulaire024-equation066.png,86,28,3.0714285714285716,formulaire024-equation066.png
348,79,4.405063291139241,formulaire024-equation067.png,128,28,4.571428571428571,formulaire024-equation067.png
287,93,3.086021505376344,formulaire024-equation068.png,64,22,2.909090909090909,formulaire024-equation068.png
635,77,8.246753246753247,formulaire024-equation070.png,181,22,8.227272727272727,formulaire024-equation070.png
502,94,5.340425531914893,formulaire024-equation071.png,108,25,4.32,formulaire024-equation071.png
524,82,6.390243902439025,formulaire024-equation072.png,192,25,7.68,formulaire024-equation072.png
926,98,9.448979591836734,formulaire024-equation074.png,306,28,10.928571428571429,formulaire024-equation074.png
1300,83,15.662650602409638,formulaire025-equation000.png,778,28,27.785714285714285,formulaire025-equation000.png
112,60,1.8666666666666667,formulaire025-equation001.png,67,19,3.526315789473684,formulaire025-equation001.png
220,92,2.391304347826087,formulaire025-equation002.png,86,28,3.0714285714285716,formulaire025-equation002.png
1176,173,6.797687861271676,formulaire025-equation003.png,425,67,6.343283582089552,formulaire025-equation003.png
395,155,2.5483870967741935,formulaire025-equation004.png,100,36,2.7777777777777777,formulaire025-equation004.png
653,83,7.867469879518072,formulaire025-equation005.png,314,28,11.214285714285714,formulaire025-equation005.png
588,99,5.9393939393939394,formulaire025-equation006.png,194,28,6.928571428571429,formulaire025-equation006.png
214,84,2.5476190476190474,formulaire025-equation007.png,75,22,3.409090909090909,formulaire025-equation007.png
617,98,6.295918367346939,formulaire025-equation008.png,253,31,8.161290322580646,formulaire025-equation008.png
595,94,6.329787234042553,formulaire025-equation009.png,231,28,8.25,formulaire025-equation009.png
1202,89,13.50561797752809,formulaire025-equation010.png,708,28,25.285714285714285,formulaire025-equation010.png
809,96,8.427083333333334,formulaire025-equation011.png,261,25,10.44,formulaire025-equation011.png
203,160,1.26875,formulaire025-equation012.png,56,39,1.435897435897436,formulaire025-equation012.png
630,103,6.116504854368932,formulaire025-equation013.png,222,31,7.161290322580645,formulaire025-equation013.png
620,84,7.380952380952381,formulaire025-equation015.png,244,28,8.714285714285714,formulaire025-equation015.png
483,130,3.7153846153846155,formulaire025-equation016.png,172,33,5.212121212121212,formulaire025-equation016.png
139,147,0.9455782312925171,formulaire025-equation018.png,25,31,0.8064516129032258,formulaire025-equation018.png
629,74,8.5,formulaire025-equation020.png,306,28,10.928571428571429,formulaire025-equation020.png
77,133,0.5789473684210527,formulaire025-equation021.png,22,42,0.5238095238095238,formulaire025-equation021.png
707,153,4.620915032679738,formulaire025-equation022.png,197,42,4.690476190476191,formulaire025-equation022.png
352,187,1.8823529411764706,formulaire025-equation023.png,83,33,2.515151515151515,formulaire025-equation023.png
1015,89,11.404494382022472,formulaire025-equation024.png,406,31,13.096774193548388,formulaire025-equation024.png
661,75,8.813333333333333,formulaire025-equation025.png,392,28,14.0,formulaire025-equation025.png
178,163,1.0920245398773005,formulaire025-equation026.png,22,31,0.7096774193548387,formulaire025-equation026.png
162,63,2.5714285714285716,formulaire025-equation027.png,94,22,4.2727272727272725,formulaire025-equation027.png
300,112,2.6785714285714284,formulaire025-equation028.png,94,31,3.032258064516129,formulaire025-equation028.png
418,105,3.980952380952381,formulaire025-equation029.png,167,31,5.387096774193548,formulaire025-equation029.png
599,80,7.4875,formulaire025-equation030.png,189,22,8.590909090909092,formulaire025-equation030.png
1081,75,14.413333333333334,formulaire025-equation031.png,425,22,19.318181818181817,formulaire025-equation031.png
789,164,4.810975609756097,formulaire025-equation032.png,175,28,6.25,formulaire025-equation032.png
843,120,7.025,formulaire025-equation033.png,344,33,10.424242424242424,formulaire025-equation033.png
209,85,2.458823529411765,formulaire025-equation034.png,97,31,3.129032258064516,formulaire025-equation034.png
872,80,10.9,formulaire025-equation035.png,489,28,17.464285714285715,formulaire025-equation035.png
167,94,1.7765957446808511,formulaire025-equation036.png,53,28,1.8928571428571428,formulaire025-equation036.png
344,118,2.9152542372881354,formulaire025-equation037.png,181,33,5.484848484848484,formulaire025-equation037.png
315,129,2.441860465116279,formulaire025-equation038.png,128,67,1.9104477611940298,formulaire025-equation038.png
351,99,3.5454545454545454,formulaire025-equation039.png,133,22,6.045454545454546,formulaire025-equation039.png
710,95,7.473684210526316,formulaire025-equation040.png,314,28,11.214285714285714,formulaire025-equation040.png
223,72,3.0972222222222223,formulaire025-equation041.png,89,22,4.045454545454546,formulaire025-equation041.png
425,98,4.336734693877551,formulaire025-equation042.png,103,22,4.681818181818182,formulaire025-equation042.png
222,80,2.775,formulaire025-equation043.png,75,25,3.0,formulaire025-equation043.png
304,105,2.895238095238095,formulaire025-equation044.png,136,28,4.857142857142857,formulaire025-equation044.png
157,79,1.9873417721518987,formulaire025-equation046.png,72,28,2.5714285714285716,formulaire025-equation046.png
409,106,3.858490566037736,formulaire025-equation047.png,150,42,3.5714285714285716,formulaire025-equation047.png
902,80,11.275,formulaire025-equation048.png,367,22,16.681818181818183,formulaire025-equation048.png
319,73,4.36986301369863,formulaire025-equation049.png,97,19,5.105263157894737,formulaire025-equation049.png
1195,95,12.578947368421053,formulaire025-equation050.png,778,28,27.785714285714285,formulaire025-equation050.png
97,78,1.2435897435897436,formulaire025-equation051.png,42,25,1.68,formulaire025-equation051.png
208,83,2.5060240963855422,formulaire025-equation052.png,94,25,3.76,formulaire025-equation052.png
331,98,3.377551020408163,formulaire025-equation053.png,147,25,5.88,formulaire025-equation053.png
351,81,4.333333333333333,formulaire025-equation054.png,161,28,5.75,formulaire025-equation054.png
767,75,10.226666666666667,formulaire025-equation055.png,425,28,15.178571428571429,formulaire025-equation055.png
136,70,1.9428571428571428,formulaire025-equation056.png,64,19,3.3684210526315788,formulaire025-equation056.png
110,63,1.746031746031746,formulaire025-equation057.png,47,28,1.6785714285714286,formulaire025-equation057.png
1612,104,15.5,formulaire025-equation058.png,872,31,28.129032258064516,formulaire025-equation058.png
426,115,3.7043478260869565,formulaire025-equation059.png,108,19,5.684210526315789,formulaire025-equation059.png
485,68,7.132352941176471,formulaire025-equation060.png,211,22,9.590909090909092,formulaire025-equation060.png
322,66,4.878787878787879,formulaire025-equation061.png,119,28,4.25,formulaire025-equation061.png
169,101,1.6732673267326732,formulaire025-equation062.png,53,31,1.7096774193548387,formulaire025-equation062.png
101,63,1.6031746031746033,formulaire025-equation063.png,61,22,2.772727272727273,formulaire025-equation063.png
426,157,2.713375796178344,formulaire025-equation064.png,142,39,3.641025641025641,formulaire025-equation064.png
1109,94,11.797872340425531,formulaire025-equation065.png,564,28,20.142857142857142,formulaire025-equation065.png
175,95,1.8421052631578947,formulaire025-equation066.png,103,50,2.06,formulaire025-equation066.png
292,110,2.6545454545454548,formulaire025-equation067.png,94,28,3.357142857142857,formulaire025-equation067.png
743,97,7.65979381443299,formulaire025-equation068.png,375,28,13.392857142857142,formulaire025-equation068.png
626,82,7.634146341463414,formulaire025-equation070.png,222,22,10.090909090909092,formulaire025-equation070.png
187,105,1.7809523809523808,formulaire025-equation071.png,58,25,2.32,formulaire025-equation071.png
182,73,2.493150684931507,formulaire025-equation072.png,83,22,3.772727272727273,formulaire025-equation072.png
121,98,1.2346938775510203,formulaire025-equation073.png,22,17,1.2941176470588236,formulaire025-equation073.png
152,84,1.8095238095238095,formulaire025-equation074.png,58,25,2.32,formulaire025-equation074.png
504,75,6.72,formulaire026-equation000.png,342,28,12.214285714285714,formulaire026-equation000.png
208,161,1.2919254658385093,formulaire026-equation001.png,56,39,1.435897435897436,formulaire026-equation001.png
182,88,2.0681818181818183,formulaire026-equation002.png,75,28,2.6785714285714284,formulaire026-equation002.png
182,81,2.246913580246914,formulaire026-equation003.png,106,28,3.7857142857142856,formulaire026-equation003.png
388,110,3.5272727272727273,formulaire026-equation004.png,186,31,6.0,formulaire026-equation004.png
136,97,1.402061855670103,formulaire026-equation006.png,50,25,2.0,formulaire026-equation006.png
712,101,7.0495049504950495,formulaire026-equation007.png,392,33,11.878787878787879,formulaire026-equation007.png
1280,258,4.961240310077519,formulaire026-equation008.png,200,33,6.0606060606060606,formulaire026-equation008.png
857,89,9.629213483146067,formulaire026-equation010.png,519,28,18.535714285714285,formulaire026-equation010.png
719,116,6.198275862068965,formulaire026-equation011.png,114,17,6.705882352941177,formulaire026-equation011.png
357,104,3.4326923076923075,formulaire026-equation012.png,108,25,4.32,formulaire026-equation012.png
404,88,4.590909090909091,formulaire026-equation013.png,222,31,7.161290322580645,formulaire026-equation013.png
146,87,1.6781609195402298,formulaire026-equation014.png,61,31,1.967741935483871,formulaire026-equation014.png
512,85,6.023529411764706,formulaire026-equation015.png,194,22,8.818181818181818,formulaire026-equation015.png
868,206,4.213592233009709,formulaire026-equation016.png,172,33,5.212121212121212,formulaire026-equation016.png
305,78,3.91025641025641,formulaire026-equation017.png,178,28,6.357142857142857,formulaire026-equation017.png
157,62,2.532258064516129,formulaire026-equation018.png,83,28,2.9642857142857144,formulaire026-equation018.png
1325,124,10.685483870967742,formulaire026-equation019.png,769,28,27.464285714285715,formulaire026-equation019.png
122,174,0.7011494252873564,formulaire026-equation021.png,31,33,0.9393939393939394,formulaire026-equation021.png
1168,117,9.982905982905983,formulaire026-equation022.png,578,31,18.64516129032258,formulaire026-equation022.png
132,138,0.9565217391304348,formulaire026-equation023.png,17,31,0.5483870967741935,formulaire026-equation023.png
342,163,2.098159509202454,formulaire026-equation024.png,83,36,2.3055555555555554,formulaire026-equation024.png
686,87,7.885057471264368,formulaire026-equation025.png,439,28,15.678571428571429,formulaire026-equation025.png
232,91,2.5494505494505493,formulaire026-equation026.png,114,31,3.6774193548387095,formulaire026-equation026.png
224,91,2.4615384615384617,formulaire026-equation027.png,61,19,3.210526315789474,formulaire026-equation027.png
211,111,1.9009009009009008,formulaire026-equation028.png,72,36,2.0,formulaire026-equation028.png
766,113,6.778761061946903,formulaire026-equation029.png,386,31,12.451612903225806,formulaire026-equation029.png
690,72,9.583333333333334,formulaire026-equation030.png,425,28,15.178571428571429,formulaire026-equation030.png
494,129,3.8294573643410854,formulaire026-equation031.png,167,33,5.0606060606060606,formulaire026-equation031.png
968,131,7.3893129770992365,formulaire026-equation032.png,194,25,7.76,formulaire026-equation032.png
343,120,2.8583333333333334,formulaire026-equation033.png,81,25,3.24,formulaire026-equation033.png
242,82,2.951219512195122,formulaire026-equation034.png,81,28,2.892857142857143,formulaire026-equation034.png
237,104,2.2788461538461537,formulaire026-equation036.png,97,31,3.129032258064516,formulaire026-equation036.png
288,79,3.6455696202531644,formulaire026-equation037.png,133,25,5.32,formulaire026-equation037.png
226,77,2.935064935064935,formulaire026-equation038.png,125,28,4.464285714285714,formulaire026-equation038.png
79,71,1.1126760563380282,formulaire026-equation039.png,44,28,1.5714285714285714,formulaire026-equation039.png
665,90,7.388888888888889,formulaire026-equation040.png,278,28,9.928571428571429,formulaire026-equation040.png
352,108,3.259259259259259,formulaire026-equation041.png,147,25,5.88,formulaire026-equation041.png
223,86,2.5930232558139537,formulaire026-equation043.png,144,25,5.76,formulaire026-equation043.png
432,84,5.142857142857143,formulaire026-equation044.png,217,28,7.75,formulaire026-equation044.png
319,80,3.9875,formulaire026-equation046.png,64,19,3.3684210526315788,formulaire026-equation046.png
220,86,2.558139534883721,formulaire026-equation047.png,97,28,3.4642857142857144,formulaire026-equation047.png
278,81,3.432098765432099,formulaire026-equation048.png,89,25,3.56,formulaire026-equation048.png
1237,192,6.442708333333333,formulaire026-equation049.png,253,39,6.487179487179487,formulaire026-equation049.png
507,109,4.651376146788991,formulaire026-equation051.png,181,25,7.24,formulaire026-equation051.png
175,86,2.0348837209302326,formulaire026-equation052.png,108,28,3.857142857142857,formulaire026-equation052.png
210,87,2.413793103448276,formulaire026-equation053.png,64,28,2.2857142857142856,formulaire026-equation053.png
246,93,2.6451612903225805,formulaire026-equation054.png,125,28,4.464285714285714,formulaire026-equation054.png
510,80,6.375,formulaire026-equation055.png,222,22,10.090909090909092,formulaire026-equation055.png
549,94,5.840425531914893,formulaire026-equation056.png,319,31,10.290322580645162,formulaire026-equation056.png
352,101,3.485148514851485,formulaire026-equation057.png,103,28,3.6785714285714284,formulaire026-equation057.png
423,90,4.7,formulaire026-equation058.png,78,17,4.588235294117647,formulaire026-equation058.png
348,78,4.461538461538462,formulaire026-equation060.png,158,28,5.642857142857143,formulaire026-equation060.png
203,69,2.9420289855072466,formulaire026-equation061.png,61,22,2.772727272727273,formulaire026-equation061.png
153,160,0.95625,formulaire026-equation062.png,42,31,1.3548387096774193,formulaire026-equation062.png
766,90,8.511111111111111,formulaire026-equation063.png,117,22,5.318181818181818,formulaire026-equation063.png
166,117,1.4188034188034189,formulaire026-equation064.png,56,28,2.0,formulaire026-equation064.png
824,78,10.564102564102564,formulaire026-equation065.png,572,28,20.428571428571427,formulaire026-equation065.png
189,70,2.7,formulaire026-equation066.png,86,28,3.0714285714285716,formulaire026-equation066.png
533,84,6.345238095238095,formulaire026-equation068.png,114,22,5.181818181818182,formulaire026-equation068.png
111,80,1.3875,formulaire026-equation069.png,69,28,2.4642857142857144,formulaire026-equation069.png
516,76,6.7894736842105265,formulaire026-equation070.png,194,22,8.818181818181818,formulaire026-equation070.png
313,85,3.6823529411764704,formulaire026-equation071.png,169,28,6.035714285714286,formulaire026-equation071.png
255,86,2.9651162790697674,formulaire026-equation072.png,67,19,3.526315789473684,formulaire026-equation072.png
286,84,3.4047619047619047,formulaire026-equation074.png,131,28,4.678571428571429,formulaire026-equation074.png
107,157,0.6815286624203821,formulaire027-equation001.png,17,33,0.5151515151515151,formulaire027-equation001.png
757,157,4.821656050955414,formulaire027-equation002.png,239,53,4.509433962264151,formulaire027-equation002.png
230,106,2.169811320754717,formulaire027-equation003.png,61,25,2.44,formulaire027-equation003.png
718,120,5.983333333333333,formulaire027-equation004.png,242,47,5.148936170212766,formulaire027-equation004.png
711,95,7.484210526315789,formulaire027-equation005.png,411,28,14.678571428571429,formulaire027-equation005.png
301,103,2.9223300970873787,formulaire027-equation006.png,144,33,4.363636363636363,formulaire027-equation006.png
2009,183,10.978142076502733,formulaire027-equation007.png,439,36,12.194444444444445,formulaire027-equation007.png
663,102,6.5,formulaire027-equation008.png,336,33,10.181818181818182,formulaire027-equation008.png
310,83,3.7349397590361444,formulaire027-equation009.png,181,28,6.464285714285714,formulaire027-equation009.png
574,84,6.833333333333333,formulaire027-equation010.png,331,28,11.821428571428571,formulaire027-equation010.png
203,73,2.780821917808219,formulaire027-equation011.png,100,28,3.5714285714285716,formulaire027-equation011.png
432,128,3.375,formulaire027-equation012.png,203,64,3.171875,formulaire027-equation012.png
429,91,4.714285714285714,formulaire027-equation013.png,139,25,5.56,formulaire027-equation013.png
247,80,3.0875,formulaire027-equation014.png,89,25,3.56,formulaire027-equation014.png
719,82,8.768292682926829,formulaire027-equation015.png,397,28,14.178571428571429,formulaire027-equation015.png
232,79,2.9367088607594938,formulaire027-equation016.png,128,28,4.571428571428571,formulaire027-equation016.png
197,81,2.432098765432099,formulaire027-equation017.png,78,22,3.5454545454545454,formulaire027-equation017.png
190,76,2.5,formulaire027-equation018.png,78,25,3.12,formulaire027-equation018.png
227,86,2.63953488372093,formulaire027-equation019.png,89,28,3.1785714285714284,formulaire027-equation019.png
670,73,9.178082191780822,formulaire027-equation020.png,353,25,14.12,formulaire027-equation020.png
588,142,4.140845070422535,formulaire027-equation021.png,211,50,4.22,formulaire027-equation021.png
393,78,5.038461538461538,formulaire027-equation022.png,169,22,7.681818181818182,formulaire027-equation022.png
209,104,2.0096153846153846,formulaire027-equation023.png,64,28,2.2857142857142856,formulaire027-equation023.png
295,100,2.95,formulaire027-equation024.png,111,28,3.9642857142857144,formulaire027-equation024.png
393,78,5.038461538461538,formulaire027-equation025.png,169,22,7.681818181818182,formulaire027-equation025.png
395,98,4.030612244897959,formulaire027-equation026.png,144,25,5.76,formulaire027-equation026.png
184,73,2.5205479452054793,formulaire027-equation028.png,86,28,3.0714285714285716,formulaire027-equation028.png
103,65,1.5846153846153845,formulaire027-equation029.png,44,28,1.5714285714285714,formulaire027-equation029.png
469,111,4.225225225225225,formulaire027-equation031.png,139,25,5.56,formulaire027-equation031.png
206,84,2.4523809523809526,formulaire027-equation032.png,106,28,3.7857142857142856,formulaire027-equation032.png
266,80,3.325,formulaire027-equation033.png,75,22,3.409090909090909,formulaire027-equation033.png
579,138,4.195652173913044,formulaire027-equation034.png,186,53,3.509433962264151,formulaire027-equation034.png
263,108,2.435185185185185,formulaire027-equation036.png,108,33,3.272727272727273,formulaire027-equation036.png
835,158,5.284810126582278,formulaire027-equation037.png,256,36,7.111111111111111,formulaire027-equation037.png
177,110,1.6090909090909091,formulaire027-equation038.png,53,25,2.12,formulaire027-equation038.png
187,114,1.6403508771929824,formulaire027-equation039.png,69,39,1.7692307692307692,formulaire027-equation039.png
620,69,8.985507246376812,formulaire027-equation040.png,256,22,11.636363636363637,formulaire027-equation040.png
1272,76,16.736842105263158,formulaire027-equation041.png,542,22,24.636363636363637,formulaire027-equation041.png
156,75,2.08,formulaire027-equation042.png,81,28,2.892857142857143,formulaire027-equation042.png
583,85,6.858823529411764,formulaire027-equation043.png,161,28,5.75,formulaire027-equation043.png
625,157,3.9808917197452227,formulaire027-equation044.png,225,42,5.357142857142857,formulaire027-equation044.png
679,89,7.629213483146067,formulaire027-equation045.png,278,28,9.928571428571429,formulaire027-equation045.png
344,97,3.5463917525773194,formulaire027-equation046.png,117,25,4.68,formulaire027-equation046.png
618,205,3.0146341463414634,formulaire027-equation047.png,194,67,2.8955223880597014,formulaire027-equation047.png
855,89,9.606741573033707,formulaire027-equation048.png,614,31,19.806451612903224,formulaire027-equation048.png
450,73,6.164383561643835,formulaire027-equation049.png,189,28,6.75,formulaire027-equation049.png
439,71,6.183098591549296,formulaire027-equation050.png,178,22,8.090909090909092,formulaire027-equation050.png
256,91,2.8131868131868134,formulaire027-equation051.png,78,28,2.7857142857142856,formulaire027-equation051.png
254,111,2.2882882882882885,formulaire027-equation052.png,94,25,3.76,formulaire027-equation052.png
709,120,5.908333333333333,formulaire027-equation053.png,250,42,5.9523809523809526,formulaire027-equation053.png
605,147,4.115646258503402,formulaire027-equation054.png,125,36,3.4722222222222223,formulaire027-equation054.png
375,70,5.357142857142857,formulaire027-equation055.png,153,25,6.12,formulaire027-equation055.png
319,69,4.6231884057971016,formulaire027-equation056.png,119,22,5.409090909090909,formulaire027-equation056.png
250,82,3.048780487804878,formulaire027-equation057.png,106,28,3.7857142857142856,formulaire027-equation057.png
98,62,1.5806451612903225,formulaire027-equation058.png,50,28,1.7857142857142858,formulaire027-equation058.png
449,95,4.726315789473684,formulaire027-equation059.png,139,19,7.315789473684211,formulaire027-equation059.png
654,88,7.431818181818182,formulaire027-equation060.png,203,22,9.227272727272727,formulaire027-equation060.png
100,60,1.6666666666666667,formulaire027-equation061.png,53,28,1.8928571428571428,formulaire027-equation061.png
232,84,2.761904761904762,formulaire027-equation062.png,122,25,4.88,formulaire027-equation062.png
109,73,1.4931506849315068,formulaire027-equation063.png,33,17,1.9411764705882353,formulaire027-equation063.png
264,144,1.8333333333333333,formulaire027-equation064.png,42,33,1.2727272727272727,formulaire027-equation064.png
742,84,8.833333333333334,formulaire027-equation065.png,356,28,12.714285714285714,formulaire027-equation065.png
1046,89,11.752808988764045,formulaire027-equation066.png,486,33,14.727272727272727,formulaire027-equation066.png
312,124,2.5161290322580645,formulaire027-equation067.png,108,28,3.857142857142857,formulaire027-equation067.png
244,84,2.9047619047619047,formulaire027-equation068.png,78,25,3.12,formulaire027-equation068.png
327,91,3.5934065934065935,formulaire027-equation069.png,114,25,4.56,formulaire027-equation069.png
724,86,8.418604651162791,formulaire027-equation070.png,306,28,10.928571428571429,formulaire027-equation070.png
221,90,2.4555555555555557,formulaire027-equation071.png,94,33,2.8484848484848486,formulaire027-equation071.png
232,88,2.6363636363636362,formulaire027-equation072.png,78,19,4.105263157894737,formulaire027-equation072.png
227,92,2.467391304347826,formulaire027-equation073.png,83,31,2.6774193548387095,formulaire027-equation073.png
334,81,4.1234567901234565,formulaire027-equation074.png,197,28,7.035714285714286,formulaire027-equation074.png
886,80,11.075,formulaire028-equation000.png,633,28,22.607142857142858,formulaire028-equation000.png
232,86,2.697674418604651,formulaire028-equation002.png,92,28,3.2857142857142856,formulaire028-equation002.png
295,74,3.9864864864864864,formulaire028-equation003.png,83,17,4.882352941176471,formulaire028-equation003.png
406,97,4.185567010309279,formulaire028-equation004.png,164,28,5.857142857142857,formulaire028-equation004.png
490,70,7.0,formulaire028-equation005.png,217,25,8.68,formulaire028-equation005.png
303,150,2.02,formulaire028-equation006.png,58,25,2.32,formulaire028-equation006.png
425,95,4.473684210526316,formulaire028-equation007.png,114,19,6.0,formulaire028-equation007.png
74,70,1.0571428571428572,formulaire028-equation008.png,44,31,1.4193548387096775,formulaire028-equation008.png
445,115,3.869565217391304,formulaire028-equation009.png,139,31,4.483870967741935,formulaire028-equation009.png
448,79,5.670886075949367,formulaire028-equation010.png,178,22,8.090909090909092,formulaire028-equation010.png
205,78,2.628205128205128,formulaire028-equation011.png,81,25,3.24,formulaire028-equation011.png
429,95,4.515789473684211,formulaire028-equation013.png,75,25,3.0,formulaire028-equation013.png
334,138,2.420289855072464,formulaire028-equation014.png,83,36,2.3055555555555554,formulaire028-equation014.png
656,73,8.986301369863014,formulaire028-equation015.png,461,28,16.464285714285715,formulaire028-equation015.png
143,60,2.3833333333333333,formulaire028-equation016.png,64,19,3.3684210526315788,formulaire028-equation016.png
305,95,3.210526315789474,formulaire028-equation017.png,122,39,3.128205128205128,formulaire028-equation017.png
211,69,3.0579710144927534,formulaire028-equation018.png,75,25,3.0,formulaire028-equation018.png
437,73,5.986301369863014,formulaire028-equation020.png,178,22,8.090909090909092,formulaire028-equation020.png
424,110,3.8545454545454545,formulaire028-equation021.png,125,33,3.787878787878788,formulaire028-equation021.png
147,86,1.7093023255813953,formulaire028-equation022.png,64,28,2.2857142857142856,formulaire028-equation022.png
563,154,3.655844155844156,formulaire028-equation023.png,167,39,4.282051282051282,formulaire028-equation023.png
425,86,4.941860465116279,formulaire028-equation024.png,125,25,5.0,formulaire028-equation024.png
124,105,1.180952380952381,formulaire028-equation027.png,14,36,0.3888888888888889,formulaire028-equation027.png
221,81,2.728395061728395,formulaire028-equation028.png,58,19,3.0526315789473686,formulaire028-equation028.png
120,85,1.411764705882353,formulaire028-equation029.png,33,28,1.1785714285714286,formulaire028-equation029.png
102,78,1.3076923076923077,formulaire028-equation031.png,36,25,1.44,formulaire028-equation031.png
686,180,3.811111111111111,formulaire028-equation032.png,189,69,2.739130434782609,formulaire028-equation032.png
388,129,3.007751937984496,formulaire028-equation033.png,92,33,2.787878787878788,formulaire028-equation033.png
740,109,6.7889908256880735,formulaire028-equation037.png,331,31,10.67741935483871,formulaire028-equation037.png
228,81,2.814814814814815,formulaire028-equation038.png,108,25,4.32,formulaire028-equation038.png
856,199,4.301507537688442,formulaire028-equation041.png,208,39,5.333333333333333,formulaire028-equation041.png
591,97,6.092783505154639,formulaire028-equation042.png,161,22,7.318181818181818,formulaire028-equation042.png
405,79,5.1265822784810124,formulaire028-equation043.png,92,22,4.181818181818182,formulaire028-equation043.png
156,68,2.2941176470588234,formulaire028-equation044.png,44,25,1.76,formulaire028-equation044.png
562,81,6.938271604938271,formulaire028-equation045.png,350,28,12.5,formulaire028-equation045.png
411,91,4.516483516483516,formulaire028-equation046.png,86,25,3.44,formulaire028-equation046.png
117,80,1.4625,formulaire028-equation047.png,42,25,1.68,formulaire028-equation047.png
153,85,1.8,formulaire028-equation048.png,56,25,2.24,formulaire028-equation048.png
228,94,2.425531914893617,formulaire028-equation049.png,39,22,1.7727272727272727,formulaire028-equation049.png
495,74,6.6891891891891895,formulaire028-equation050.png,164,22,7.454545454545454,formulaire028-equation050.png
284,137,2.072992700729927,formulaire028-equation051.png,69,31,2.225806451612903,formulaire028-equation051.png
617,147,4.197278911564626,formulaire028-equation052.png,253,44,5.75,formulaire028-equation052.png
94,72,1.3055555555555556,formulaire028-equation053.png,47,28,1.6785714285714286,formulaire028-equation053.png
622,107,5.813084112149533,formulaire028-equation054.png,200,31,6.451612903225806,formulaire028-equation054.png
703,74,9.5,formulaire028-equation055.png,406,28,14.5,formulaire028-equation055.png
225,66,3.409090909090909,formulaire028-equation056.png,67,19,3.526315789473684,formulaire028-equation056.png
870,163,5.337423312883436,formulaire028-equation057.png,303,44,6.886363636363637,formulaire028-equation057.png
164,57,2.8771929824561404,formulaire028-equation058.png,64,19,3.3684210526315788,formulaire028-equation058.png
220,83,2.6506024096385543,formulaire028-equation059.png,81,28,2.892857142857143,formulaire028-equation059.png
441,78,5.653846153846154,formulaire028-equation060.png,253,28,9.035714285714286,formulaire028-equation060.png
121,145,0.8344827586206897,formulaire028-equation061.png,17,33,0.5151515151515151,formulaire028-equation061.png
243,85,2.8588235294117648,formulaire028-equation062.png,83,28,2.9642857142857144,formulaire028-equation062.png
256,74,3.4594594594594597,formulaire028-equation063.png,78,22,3.5454545454545454,formulaire028-equation063.png
465,72,6.458333333333333,formulaire028-equation065.png,181,22,8.227272727272727,formulaire028-equation065.png
226,88,2.5681818181818183,formulaire028-equation066.png,81,25,3.24,formulaire028-equation066.png
186,97,1.9175257731958764,formulaire028-equation067.png,64,25,2.56,formulaire028-equation067.png
373,67,5.567164179104478,formulaire028-equation068.png,69,19,3.6315789473684212,formulaire028-equation068.png
252,74,3.4054054054054053,formulaire028-equation069.png,89,25,3.56,formulaire028-equation069.png
940,72,13.055555555555555,formulaire028-equation070.png,522,28,18.642857142857142,formulaire028-equation070.png
282,87,3.2413793103448274,formulaire028-equation071.png,131,31,4.225806451612903,formulaire028-equation071.png
360,113,3.185840707964602,formulaire028-equation072.png,75,25,3.0,formulaire028-equation072.png
873,107,8.158878504672897,formulaire028-equation073.png,306,31,9.870967741935484,formulaire028-equation073.png
763,185,4.124324324324324,formulaire028-equation074.png,142,33,4.303030303030303,formulaire028-equation074.png
400,102,3.9215686274509802,formulaire029-equation001.png,81,22,3.6818181818181817,formulaire029-equation001.png
240,66,3.6363636363636362,formulaire029-equation002.png,81,19,4.2631578947368425,formulaire029-equation002.png
226,85,2.6588235294117646,formulaire029-equation003.png,78,19,4.105263157894737,formulaire029-equation003.png
836,79,10.582278481012658,formulaire029-equation005.png,489,28,17.464285714285715,formulaire029-equation005.png
352,83,4.240963855421687,formulaire029-equation006.png,67,19,3.526315789473684,formulaire029-equation006.png
684,121,5.652892561983471,formulaire029-equation007.png,139,19,7.315789473684211,formulaire029-equation007.png
542,102,5.313725490196078,formulaire029-equation008.png,244,31,7.870967741935484,formulaire029-equation008.png
438,155,2.825806451612903,formulaire029-equation009.png,194,69,2.8115942028985508,formulaire029-equation009.png
567,68,8.338235294117647,formulaire029-equation010.png,328,22,14.909090909090908,formulaire029-equation010.png
597,155,3.8516129032258064,formulaire029-equation011.png,250,69,3.6231884057971016,formulaire029-equation011.png
617,129,4.782945736434108,formulaire029-equation012.png,283,47,6.0212765957446805,formulaire029-equation012.png
200,72,2.7777777777777777,formulaire029-equation013.png,81,19,4.2631578947368425,formulaire029-equation013.png
329,75,4.386666666666667,formulaire029-equation014.png,117,28,4.178571428571429,formulaire029-equation014.png
435,71,6.126760563380282,formulaire029-equation015.png,181,22,8.227272727272727,formulaire029-equation015.png
428,90,4.7555555555555555,formulaire029-equation016.png,211,25,8.44,formulaire029-equation016.png
301,86,3.5,formulaire029-equation017.png,81,19,4.2631578947368425,formulaire029-equation017.png
110,82,1.3414634146341464,formulaire029-equation018.png,42,25,1.68,formulaire029-equation018.png
540,90,6.0,formulaire029-equation019.png,261,31,8.419354838709678,formulaire029-equation019.png
386,76,5.078947368421052,formulaire029-equation020.png,153,22,6.954545454545454,formulaire029-equation020.png
117,73,1.6027397260273972,formulaire029-equation021.png,50,28,1.7857142857142858,formulaire029-equation021.png
428,188,2.276595744680851,formulaire029-equation022.png,144,72,2.0,formulaire029-equation022.png
814,86,9.465116279069768,formulaire029-equation023.png,558,31,18.0,formulaire029-equation023.png
334,79,4.227848101265823,formulaire029-equation024.png,197,28,7.035714285714286,formulaire029-equation024.png
535,76,7.0394736842105265,formulaire029-equation025.png,269,22,12.227272727272727,formulaire029-equation025.png
296,142,2.084507042253521,formulaire029-equation026.png,117,69,1.6956521739130435,formulaire029-equation026.png
631,119,5.302521008403361,formulaire029-equation027.png,89,22,4.045454545454546,formulaire029-equation027.png
288,80,3.6,formulaire029-equation028.png,175,33,5.303030303030303,formulaire029-equation028.png
426,102,4.176470588235294,formulaire029-equation029.png,178,28,6.357142857142857,formulaire029-equation029.png
322,76,4.2368421052631575,formulaire029-equation031.png,67,19,3.526315789473684,formulaire029-equation031.png
135,72,1.875,formulaire029-equation032.png,64,28,2.2857142857142856,formulaire029-equation032.png
305,92,3.3152173913043477,formulaire029-equation033.png,144,31,4.645161290322581,formulaire029-equation033.png
279,82,3.402439024390244,formulaire029-equation034.png,125,28,4.464285714285714,formulaire029-equation034.png
590,75,7.866666666666666,formulaire029-equation035.png,289,22,13.136363636363637,formulaire029-equation035.png
97,129,0.751937984496124,formulaire029-equation036.png,31,39,0.7948717948717948,formulaire029-equation036.png
519,88,5.8977272727272725,formulaire029-equation037.png,197,31,6.354838709677419,formulaire029-equation037.png
116,76,1.5263157894736843,formulaire029-equation038.png,64,28,2.2857142857142856,formulaire029-equation038.png
665,83,8.012048192771084,formulaire029-equation040.png,411,28,14.678571428571429,formulaire029-equation040.png
105,96,1.09375,formulaire029-equation041.png,33,25,1.32,formulaire029-equation041.png
808,99,8.16161616161616,formulaire029-equation042.png,392,31,12.64516129032258,formulaire029-equation042.png
240,96,2.5,formulaire029-equation043.png,97,25,3.88,formulaire029-equation043.png
215,118,1.8220338983050848,formulaire029-equation044.png,44,22,2.0,formulaire029-equation044.png
969,84,11.535714285714286,formulaire029-equation045.png,550,28,19.642857142857142,formulaire029-equation045.png
184,73,2.5205479452054793,formulaire029-equation046.png,89,19,4.684210526315789,formulaire029-equation046.png
595,96,6.197916666666667,formulaire029-equation048.png,153,25,6.12,formulaire029-equation048.png
145,73,1.9863013698630136,formulaire029-equation049.png,50,28,1.7857142857142858,formulaire029-equation049.png
893,92,9.706521739130435,formulaire029-equation051.png,317,31,10.225806451612904,formulaire029-equation051.png
128,67,1.9104477611940298,formulaire029-equation052.png,50,28,1.7857142857142858,formulaire029-equation052.png
639,143,4.468531468531468,formulaire029-equation053.png,231,36,6.416666666666667,formulaire029-equation053.png
294,79,3.721518987341772,formulaire029-equation054.png,89,22,4.045454545454546,formulaire029-equation054.png
475,68,6.985294117647059,formulaire029-equation055.png,194,22,8.818181818181818,formulaire029-equation055.png
185,98,1.8877551020408163,formulaire029-equation056.png,67,28,2.392857142857143,formulaire029-equation056.png
1200,123,9.75609756097561,formulaire029-equation057.png,492,36,13.666666666666666,formulaire029-equation057.png
559,109,5.128440366972477,formulaire029-equation058.png,203,31,6.548387096774194,formulaire029-equation058.png
1000,79,12.658227848101266,formulaire029-equation060.png,744,28,26.571428571428573,formulaire029-equation060.png
224,84,2.6666666666666665,formulaire029-equation061.png,122,28,4.357142857142857,formulaire029-equation061.png
1595,153,10.42483660130719,formulaire029-equation062.png,478,31,15.419354838709678,formulaire029-equation062.png
433,76,5.697368421052632,formulaire029-equation063.png,197,25,7.88,formulaire029-equation063.png
79,130,0.6076923076923076,formulaire029-equation064.png,28,36,0.7777777777777778,formulaire029-equation064.png
730,80,9.125,formulaire029-equation065.png,433,28,15.464285714285714,formulaire029-equation065.png
301,82,3.6707317073170733,formulaire029-equation066.png,214,31,6.903225806451613,formulaire029-equation066.png
189,88,2.147727272727273,formulaire029-equation067.png,86,28,3.0714285714285716,formulaire029-equation067.png
609,140,4.35,formulaire029-equation068.png,103,25,4.12,formulaire029-equation068.png
176,88,2.0,formulaire029-equation069.png,97,31,3.129032258064516,formulaire029-equation069.png
448,91,4.923076923076923,formulaire029-equation071.png,186,28,6.642857142857143,formulaire029-equation071.png
105,56,1.875,formulaire029-equation073.png,67,19,3.526315789473684,formulaire029-equation073.png
341,119,2.865546218487395,formulaire029-equation074.png,125,31,4.032258064516129,formulaire029-equation074.png
522,76,6.868421052631579,formulaire030-equation000.png,183,22,8.318181818181818,formulaire030-equation000.png
302,121,2.4958677685950414,formulaire030-equation001.png,106,33,3.212121212121212,formulaire030-equation001.png
249,97,2.5670103092783507,formulaire030-equation002.png,114,28,4.071428571428571,formulaire030-equation002.png
932,130,7.1692307692307695,formulaire030-equation003.png,444,67,6.626865671641791,formulaire030-equation003.png
462,89,5.191011235955056,formulaire030-equation004.png,272,67,4.059701492537314,formulaire030-equation004.png
544,76,7.157894736842105,formulaire030-equation005.png,222,22,10.090909090909092,formulaire030-equation005.png
215,114,1.8859649122807018,formulaire030-equation006.png,69,33,2.090909090909091,formulaire030-equation006.png
461,155,2.9741935483870967,formulaire030-equation008.png,133,47,2.8297872340425534,formulaire030-equation008.png
153,72,2.125,formulaire030-equation009.png,103,28,3.6785714285714284,formulaire030-equation009.png
107,86,1.244186046511628,formulaire030-equation011.png,39,25,1.56,formulaire030-equation011.png
405,140,2.892857142857143,formulaire030-equation012.png,192,44,4.363636363636363,formulaire030-equation012.png
590,107,5.514018691588785,formulaire030-equation013.png,242,31,7.806451612903226,formulaire030-equation013.png
710,152,4.671052631578948,formulaire030-equation014.png,189,36,5.25,formulaire030-equation014.png
242,98,2.4693877551020407,formulaire030-equation016.png,106,25,4.24,formulaire030-equation016.png
879,130,6.7615384615384615,formulaire030-equation017.png,506,42,12.047619047619047,formulaire030-equation017.png
144,155,0.9290322580645162,formulaire030-equation018.png,47,33,1.4242424242424243,formulaire030-equation018.png
288,73,3.9452054794520546,formulaire030-equation019.png,158,28,5.642857142857143,formulaire030-equation019.png
527,79,6.670886075949367,formulaire030-equation020.png,272,28,9.714285714285714,formulaire030-equation020.png
147,80,1.8375,formulaire030-equation021.png,89,22,4.045454545454546,formulaire030-equation021.png
109,86,1.2674418604651163,formulaire030-equation022.png,64,28,2.2857142857142856,formulaire030-equation022.png
720,308,2.3376623376623376,formulaire030-equation023.png,189,53,3.5660377358490565,formulaire030-equation023.png
135,87,1.5517241379310345,formulaire030-equation024.png,61,31,1.967741935483871,formulaire030-equation024.png
553,84,6.583333333333333,formulaire030-equation025.png,233,28,8.321428571428571,formulaire030-equation025.png
72,88,0.8181818181818182,formulaire030-equation026.png,33,25,1.32,formulaire030-equation026.png
775,148,5.236486486486487,formulaire030-equation027.png,336,31,10.838709677419354,formulaire030-equation027.png
243,142,1.7112676056338028,formulaire030-equation028.png,81,39,2.076923076923077,formulaire030-equation028.png
518,126,4.111111111111111,formulaire030-equation029.png,186,25,7.44,formulaire030-equation029.png
376,80,4.7,formulaire030-equation030.png,144,28,5.142857142857143,formulaire030-equation030.png
199,86,2.313953488372093,formulaire030-equation031.png,106,28,3.7857142857142856,formulaire030-equation031.png
113,99,1.1414141414141414,formulaire030-equation033.png,53,33,1.606060606060606,formulaire030-equation033.png
74,73,1.0136986301369864,formulaire030-equation034.png,36,25,1.44,formulaire030-equation034.png
587,80,7.3375,formulaire030-equation035.png,261,28,9.321428571428571,formulaire030-equation035.png
366,98,3.7346938775510203,formulaire030-equation036.png,114,25,4.56,formulaire030-equation036.png
282,84,3.357142857142857,formulaire030-equation037.png,75,22,3.409090909090909,formulaire030-equation037.png
250,166,1.5060240963855422,formulaire030-equation038.png,119,64,1.859375,formulaire030-equation038.png
128,74,1.7297297297297298,formulaire030-equation039.png,53,28,1.8928571428571428,formulaire030-equation039.png
499,82,6.085365853658536,formulaire030-equation040.png,167,22,7.590909090909091,formulaire030-equation040.png
68,147,0.46258503401360546,formulaire030-equation041.png,17,31,0.5483870967741935,formulaire030-equation041.png
518,94,5.51063829787234,formulaire030-equation042.png,228,28,8.142857142857142,formulaire030-equation042.png
367,102,3.5980392156862746,formulaire030-equation043.png,144,25,5.76,formulaire030-equation043.png
444,165,2.690909090909091,formulaire030-equation044.png,131,39,3.358974358974359,formulaire030-equation044.png
475,71,6.690140845070423,formulaire030-equation045.png,222,22,10.090909090909092,formulaire030-equation045.png
485,87,5.574712643678161,formulaire030-equation046.png,289,28,10.321428571428571,formulaire030-equation046.png
348,149,2.335570469798658,formulaire030-equation047.png,75,25,3.0,formulaire030-equation047.png
269,115,2.3391304347826085,formulaire030-equation048.png,108,33,3.272727272727273,formulaire030-equation048.png
800,96,8.333333333333334,formulaire030-equation049.png,175,22,7.954545454545454,formulaire030-equation049.png
360,184,1.9565217391304348,formulaire030-equation051.png,128,33,3.878787878787879,formulaire030-equation051.png
147,75,1.96,formulaire030-equation052.png,61,19,3.210526315789474,formulaire030-equation052.png
87,65,1.3384615384615384,formulaire030-equation053.png,50,28,1.7857142857142858,formulaire030-equation053.png
396,118,3.3559322033898304,formulaire030-equation054.png,175,31,5.645161290322581,formulaire030-equation054.png
712,77,9.246753246753247,formulaire030-equation055.png,342,28,12.214285714285714,formulaire030-equation055.png
189,69,2.739130434782609,formulaire030-equation056.png,81,19,4.2631578947368425,formulaire030-equation056.png
271,110,2.463636363636364,formulaire030-equation057.png,75,22,3.409090909090909,formulaire030-equation057.png
592,114,5.192982456140351,formulaire030-equation058.png,200,25,8.0,formulaire030-equation058.png
230,83,2.7710843373493974,formulaire030-equation059.png,114,28,4.071428571428571,formulaire030-equation059.png
942,85,11.08235294117647,formulaire030-equation060.png,500,28,17.857142857142858,formulaire030-equation060.png
399,86,4.6395348837209305,formulaire030-equation061.png,136,22,6.181818181818182,formulaire030-equation061.png
158,87,1.8160919540229885,formulaire030-equation062.png,67,31,2.161290322580645,formulaire030-equation062.png
72,91,0.7912087912087912,formulaire030-equation063.png,33,31,1.064516129032258,formulaire030-equation063.png
509,112,4.544642857142857,formulaire030-equation064.png,239,28,8.535714285714286,formulaire030-equation064.png
1039,87,11.942528735632184,formulaire030-equation065.png,606,28,21.642857142857142,formulaire030-equation065.png
173,98,1.7653061224489797,formulaire030-equation066.png,61,22,2.772727272727273,formulaire030-equation066.png
573,146,3.9246575342465753,formulaire030-equation067.png,208,36,5.777777777777778,formulaire030-equation067.png
187,92,2.032608695652174,formulaire030-equation068.png,75,25,3.0,formulaire030-equation068.png
225,103,2.1844660194174756,formulaire030-equation069.png,83,25,3.32,formulaire030-equation069.png
94,59,1.5932203389830508,formulaire030-equation071.png,50,25,2.0,formulaire030-equation071.png
403,166,2.427710843373494,formulaire030-equation072.png,200,64,3.125,formulaire030-equation072.png
650,120,5.416666666666667,formulaire030-equation073.png,178,25,7.12,formulaire030-equation073.png
162,75,2.16,formulaire030-equation074.png,72,25,2.88,formulaire030-equation074.png
654,74,8.837837837837839,formulaire031-equation000.png,358,28,12.785714285714286,formulaire031-equation000.png
150,68,2.2058823529411766,formulaire031-equation001.png,75,25,3.0,formulaire031-equation001.png
413,140,2.95,formulaire031-equation002.png,131,42,3.119047619047619,formulaire031-equation002.png
666,100,6.66,formulaire031-equation003.png,228,25,9.12,formulaire031-equation003.png
194,88,2.2045454545454546,formulaire031-equation004.png,86,28,3.0714285714285716,formulaire031-equation004.png
481,74,6.5,formulaire031-equation005.png,292,28,10.428571428571429,formulaire031-equation005.png
402,169,2.378698224852071,formulaire031-equation006.png,161,44,3.659090909090909,formulaire031-equation006.png
391,92,4.25,formulaire031-equation007.png,214,31,6.903225806451613,formulaire031-equation007.png
145,64,2.265625,formulaire031-equation008.png,61,22,2.772727272727273,formulaire031-equation008.png
329,119,2.764705882352941,formulaire031-equation009.png,92,28,3.2857142857142856,formulaire031-equation009.png
557,77,7.233766233766234,formulaire031-equation010.png,306,28,10.928571428571429,formulaire031-equation010.png
281,78,3.6025641025641026,formulaire031-equation011.png,75,22,3.409090909090909,formulaire031-equation011.png
165,85,1.9411764705882353,formulaire031-equation012.png,69,25,2.76,formulaire031-equation012.png
271,74,3.6621621621621623,formulaire031-equation013.png,200,28,7.142857142857143,formulaire031-equation013.png
550,109,5.045871559633028,formulaire031-equation014.png,244,31,7.870967741935484,formulaire031-equation014.png
711,75,9.48,formulaire031-equation015.png,481,28,17.178571428571427,formulaire031-equation015.png
934,91,10.263736263736265,formulaire031-equation016.png,528,33,16.0,formulaire031-equation016.png
497,121,4.107438016528926,formulaire031-equation018.png,197,33,5.96969696969697,formulaire031-equation018.png
652,72,9.055555555555555,formulaire031-equation020.png,475,28,16.964285714285715,formulaire031-equation020.png
567,94,6.031914893617022,formulaire031-equation021.png,189,25,7.56,formulaire031-equation021.png
450,88,5.113636363636363,formulaire031-equation022.png,228,31,7.354838709677419,formulaire031-equation022.png
84,120,0.7,formulaire031-equation023.png,25,22,1.1363636363636365,formulaire031-equation023.png
553,82,6.7439024390243905,formulaire031-equation024.png,158,22,7.181818181818182,formulaire031-equation024.png
638,81,7.8765432098765435,formulaire031-equation025.png,353,28,12.607142857142858,formulaire031-equation025.png
184,107,1.719626168224299,formulaire031-equation026.png,64,28,2.2857142857142856,formulaire031-equation026.png
240,86,2.7906976744186047,formulaire031-equation027.png,119,25,4.76,formulaire031-equation027.png
99,73,1.356164383561644,formulaire031-equation028.png,44,28,1.5714285714285714,formulaire031-equation028.png
695,76,9.144736842105264,formulaire031-equation029.png,219,19,11.526315789473685,formulaire031-equation029.png
331,65,5.092307692307692,formulaire031-equation030.png,178,22,8.090909090909092,formulaire031-equation030.png
1599,142,11.26056338028169,formulaire031-equation031.png,600,28,21.428571428571427,formulaire031-equation031.png
645,87,7.413793103448276,formulaire031-equation032.png,392,33,11.878787878787879,formulaire031-equation032.png
215,89,2.4157303370786516,formulaire031-equation033.png,69,19,3.6315789473684212,formulaire031-equation033.png
679,72,9.430555555555555,formulaire031-equation035.png,372,28,13.285714285714286,formulaire031-equation035.png
353,90,3.922222222222222,formulaire031-equation036.png,139,25,5.56,formulaire031-equation036.png
789,117,6.743589743589744,formulaire031-equation037.png,297,28,10.607142857142858,formulaire031-equation037.png
213,77,2.7662337662337664,formulaire031-equation039.png,100,28,3.5714285714285716,formulaire031-equation039.png
233,73,3.191780821917808,formulaire031-equation041.png,125,22,5.681818181818182,formulaire031-equation041.png
89,83,1.072289156626506,formulaire031-equation042.png,42,28,1.5,formulaire031-equation042.png
330,103,3.203883495145631,formulaire031-equation043.png,178,31,5.741935483870968,formulaire031-equation043.png
700,78,8.974358974358974,formulaire031-equation045.png,442,28,15.785714285714286,formulaire031-equation045.png
184,149,1.2348993288590604,formulaire031-equation046.png,75,39,1.9230769230769231,formulaire031-equation046.png
178,68,2.6176470588235294,formulaire031-equation048.png,83,19,4.368421052631579,formulaire031-equation048.png
399,129,3.0930232558139537,formulaire031-equation051.png,142,31,4.580645161290323,formulaire031-equation051.png
346,118,2.9322033898305087,formulaire031-equation052.png,164,36,4.555555555555555,formulaire031-equation052.png
320,92,3.4782608695652173,formulaire031-equation053.png,186,28,6.642857142857143,formulaire031-equation053.png
297,79,3.759493670886076,formulaire031-equation054.png,128,22,5.818181818181818,formulaire031-equation054.png
354,68,5.205882352941177,formulaire031-equation055.png,178,22,8.090909090909092,formulaire031-equation055.png
143,89,1.6067415730337078,formulaire031-equation056.png,64,28,2.2857142857142856,formulaire031-equation056.png
128,81,1.5802469135802468,formulaire031-equation057.png,58,28,2.0714285714285716,formulaire031-equation057.png
139,83,1.6746987951807228,formulaire031-equation058.png,53,22,2.409090909090909,formulaire031-equation058.png
137,79,1.7341772151898733,formulaire031-equation059.png,78,28,2.7857142857142856,formulaire031-equation059.png
630,79,7.974683544303797,formulaire031-equation060.png,439,28,15.678571428571429,formulaire031-equation060.png
600,120,5.0,formulaire031-equation061.png,244,36,6.777777777777778,formulaire031-equation061.png
148,70,2.1142857142857143,formulaire031-equation062.png,94,28,3.357142857142857,formulaire031-equation062.png
398,95,4.189473684210526,formulaire031-equation066.png,178,25,7.12,formulaire031-equation066.png
87,73,1.1917808219178083,formulaire031-equation067.png,47,28,1.6785714285714286,formulaire031-equation067.png
181,69,2.6231884057971016,formulaire031-equation068.png,114,22,5.181818181818182,formulaire031-equation068.png
431,173,2.491329479768786,formulaire031-equation069.png,150,53,2.830188679245283,formulaire031-equation069.png
392,72,5.444444444444445,formulaire031-equation070.png,244,28,8.714285714285714,formulaire031-equation070.png
310,121,2.56198347107438,formulaire031-equation071.png,122,33,3.696969696969697,formulaire031-equation071.png
154,78,1.9743589743589745,formulaire031-equation072.png,81,28,2.892857142857143,formulaire031-equation072.png
170,66,2.5757575757575757,formulaire031-equation073.png,92,28,3.2857142857142856,formulaire031-equation073.png
308,70,4.4,formulaire031-equation074.png,208,28,7.428571428571429,formulaire031-equation074.png
606,67,9.044776119402986,formulaire032-equation000.png,397,28,14.178571428571429,formulaire032-equation000.png
331,82,4.036585365853658,formulaire032-equation001.png,117,25,4.68,formulaire032-equation001.png
468,152,3.0789473684210527,formulaire032-equation002.png,200,64,3.125,formulaire032-equation002.png
190,162,1.1728395061728396,formulaire032-equation003.png,44,39,1.1282051282051282,formulaire032-equation003.png
261,109,2.3944954128440368,formulaire032-equation004.png,128,31,4.129032258064516,formulaire032-equation004.png
830,92,9.021739130434783,formulaire032-equation006.png,447,25,17.88,formulaire032-equation006.png
236,91,2.5934065934065935,formulaire032-equation007.png,122,31,3.935483870967742,formulaire032-equation007.png
268,88,3.0454545454545454,formulaire032-equation008.png,139,28,4.964285714285714,formulaire032-equation008.png
303,67,4.522388059701493,formulaire032-equation010.png,153,22,6.954545454545454,formulaire032-equation010.png
87,78,1.1153846153846154,formulaire032-equation012.png,44,22,2.0,formulaire032-equation012.png
590,105,5.619047619047619,formulaire032-equation013.png,214,25,8.56,formulaire032-equation013.png
1277,165,7.739393939393939,formulaire032-equation014.png,639,64,9.984375,formulaire032-equation014.png
847,73,11.602739726027398,formulaire032-equation015.png,719,28,25.678571428571427,formulaire032-equation015.png
1013,117,8.658119658119658,formulaire032-equation016.png,478,33,14.484848484848484,formulaire032-equation016.png
105,78,1.3461538461538463,formulaire032-equation017.png,53,28,1.8928571428571428,formulaire032-equation017.png
1305,109,11.972477064220184,formulaire032-equation018.png,594,31,19.161290322580644,formulaire032-equation018.png
382,67,5.701492537313433,formulaire032-equation020.png,181,22,8.227272727272727,formulaire032-equation020.png
293,77,3.8051948051948052,formulaire032-equation021.png,108,19,5.684210526315789,formulaire032-equation021.png
357,82,4.353658536585366,formulaire032-equation022.png,219,31,7.064516129032258,formulaire032-equation022.png
113,72,1.5694444444444444,formulaire032-equation023.png,39,17,2.2941176470588234,formulaire032-equation023.png
371,72,5.152777777777778,formulaire032-equation025.png,169,22,7.681818181818182,formulaire032-equation025.png
155,91,1.7032967032967032,formulaire032-equation026.png,64,28,2.2857142857142856,formulaire032-equation026.png
426,95,4.484210526315789,formulaire032-equation027.png,239,31,7.709677419354839,formulaire032-equation027.png
242,89,2.7191011235955056,formulaire032-equation028.png,119,25,4.76,formulaire032-equation028.png
282,78,3.6153846153846154,formulaire032-equation029.png,117,28,4.178571428571429,formulaire032-equation029.png
493,77,6.402597402597403,formulaire032-equation030.png,264,25,10.56,formulaire032-equation030.png
385,82,4.695121951219512,formulaire032-equation031.png,236,28,8.428571428571429,formulaire032-equation031.png
100,130,0.7692307692307693,formulaire032-equation032.png,44,42,1.0476190476190477,formulaire032-equation032.png
100,66,1.5151515151515151,formulaire032-equation033.png,47,28,1.6785714285714286,formulaire032-equation033.png
99,102,0.9705882352941176,formulaire032-equation036.png,33,39,0.8461538461538461,formulaire032-equation036.png
233,80,2.9125,formulaire032-equation037.png,150,28,5.357142857142857,formulaire032-equation037.png
200,86,2.3255813953488373,formulaire032-equation038.png,75,25,3.0,formulaire032-equation038.png
175,82,2.1341463414634148,formulaire032-equation039.png,72,25,2.88,formulaire032-equation039.png
435,72,6.041666666666667,formulaire032-equation040.png,183,22,8.318181818181818,formulaire032-equation040.png
354,108,3.2777777777777777,formulaire032-equation041.png,128,25,5.12,formulaire032-equation041.png
301,187,1.6096256684491979,formulaire032-equation042.png,117,69,1.6956521739130435,formulaire032-equation042.png
772,72,10.722222222222221,formulaire032-equation045.png,550,28,19.642857142857142,formulaire032-equation045.png
354,82,4.317073170731708,formulaire032-equation046.png,139,28,4.964285714285714,formulaire032-equation046.png
202,84,2.4047619047619047,formulaire032-equation047.png,81,22,3.6818181818181817,formulaire032-equation047.png
175,73,2.3972602739726026,formulaire032-equation048.png,122,28,4.357142857142857,formulaire032-equation048.png
80,101,0.7920792079207921,formulaire032-equation049.png,17,31,0.5483870967741935,formulaire032-equation049.png
682,80,8.525,formulaire032-equation050.png,361,28,12.892857142857142,formulaire032-equation050.png
350,96,3.6458333333333335,formulaire032-equation051.png,206,31,6.645161290322581,formulaire032-equation051.png
743,113,6.575221238938053,formulaire032-equation052.png,250,25,10.0,formulaire032-equation052.png
638,155,4.116129032258065,formulaire032-equation053.png,178,33,5.393939393939394,formulaire032-equation053.png
147,71,2.0704225352112675,formulaire032-equation054.png,78,19,4.105263157894737,formulaire032-equation054.png
110,87,1.264367816091954,formulaire032-equation056.png,50,25,2.0,formulaire032-equation056.png
442,91,4.857142857142857,formulaire032-equation057.png,228,31,7.354838709677419,formulaire032-equation057.png
320,175,1.8285714285714285,formulaire032-equation058.png,78,33,2.3636363636363638,formulaire032-equation058.png
389,79,4.924050632911392,formulaire032-equation060.png,175,25,7.0,formulaire032-equation060.png
105,64,1.640625,formulaire032-equation061.png,50,28,1.7857142857142858,formulaire032-equation061.png
249,74,3.364864864864865,formulaire032-equation062.png,161,28,5.75,formulaire032-equation062.png
639,163,3.920245398773006,formulaire032-equation063.png,197,36,5.472222222222222,formulaire032-equation063.png
556,106,5.245283018867925,formulaire032-equation064.png,253,31,8.161290322580646,formulaire032-equation064.png
397,76,5.223684210526316,formulaire032-equation065.png,253,28,9.035714285714286,formulaire032-equation065.png
227,143,1.5874125874125875,formulaire032-equation066.png,83,39,2.128205128205128,formulaire032-equation066.png
720,95,7.578947368421052,formulaire032-equation067.png,272,19,14.31578947368421,formulaire032-equation067.png
358,76,4.7105263157894735,formulaire032-equation068.png,111,22,5.045454545454546,formulaire032-equation068.png
239,111,2.1531531531531534,formulaire032-equation069.png,58,17,3.411764705882353,formulaire032-equation069.png
437,72,6.069444444444445,formulaire032-equation070.png,203,22,9.227272727272727,formulaire032-equation070.png
588,121,4.859504132231405,formulaire032-equation071.png,214,28,7.642857142857143,formulaire032-equation071.png
256,161,1.5900621118012421,formulaire032-equation072.png,94,53,1.7735849056603774,formulaire032-equation072.png
495,106,4.669811320754717,formulaire032-equation074.png,244,28,8.714285714285714,formulaire032-equation074.png
816,88,9.272727272727273,formulaire033-equation000.png,494,28,17.642857142857142,formulaire033-equation000.png
1046,97,10.783505154639176,formulaire033-equation001.png,411,28,14.678571428571429,formulaire033-equation001.png
765,100,7.65,formulaire033-equation002.png,317,31,10.225806451612904,formulaire033-equation002.png
426,108,3.9444444444444446,formulaire033-equation003.png,194,39,4.9743589743589745,formulaire033-equation003.png
406,133,3.0526315789473686,formulaire033-equation004.png,156,64,2.4375,formulaire033-equation004.png
133,80,1.6625,formulaire033-equation006.png,58,28,2.0714285714285716,formulaire033-equation006.png
166,98,1.6938775510204083,formulaire033-equation008.png,56,25,2.24,formulaire033-equation008.png
300,84,3.5714285714285716,formulaire033-equation009.png,114,22,5.181818181818182,formulaire033-equation009.png
211,85,2.4823529411764707,formulaire033-equation011.png,119,28,4.25,formulaire033-equation011.png
199,72,2.763888888888889,formulaire033-equation012.png,89,25,3.56,formulaire033-equation012.png
318,108,2.9444444444444446,formulaire033-equation013.png,81,22,3.6818181818181817,formulaire033-equation013.png
197,81,2.432098765432099,formulaire033-equation014.png,111,28,3.9642857142857144,formulaire033-equation014.png
345,72,4.791666666666667,formulaire033-equation015.png,139,25,5.56,formulaire033-equation015.png
180,62,2.903225806451613,formulaire033-equation016.png,67,22,3.0454545454545454,formulaire033-equation016.png
81,62,1.3064516129032258,formulaire033-equation017.png,44,28,1.5714285714285714,formulaire033-equation017.png
535,90,5.944444444444445,formulaire033-equation018.png,253,33,7.666666666666667,formulaire033-equation018.png
279,91,3.065934065934066,formulaire033-equation019.png,108,28,3.857142857142857,formulaire033-equation019.png
898,94,9.553191489361701,formulaire033-equation020.png,667,28,23.821428571428573,formulaire033-equation020.png
238,88,2.7045454545454546,formulaire033-equation021.png,103,25,4.12,formulaire033-equation021.png
75,81,0.9259259259259259,formulaire033-equation022.png,44,28,1.5714285714285714,formulaire033-equation022.png
142,89,1.595505617977528,formulaire033-equation023.png,50,25,2.0,formulaire033-equation023.png
638,87,7.333333333333333,formulaire033-equation025.png,383,28,13.678571428571429,formulaire033-equation025.png
336,77,4.363636363636363,formulaire033-equation026.png,111,22,5.045454545454546,formulaire033-equation026.png
404,86,4.6976744186046515,formulaire033-equation027.png,111,25,4.44,formulaire033-equation027.png
223,86,2.5930232558139537,formulaire033-equation028.png,78,28,2.7857142857142856,formulaire033-equation028.png
183,93,1.967741935483871,formulaire033-equation029.png,47,25,1.88,formulaire033-equation029.png
943,101,9.336633663366337,formulaire033-equation030.png,719,28,25.678571428571427,formulaire033-equation030.png
85,88,0.9659090909090909,formulaire033-equation031.png,42,31,1.3548387096774193,formulaire033-equation031.png
290,70,4.142857142857143,formulaire033-equation032.png,81,17,4.764705882352941,formulaire033-equation032.png
462,138,3.347826086956522,formulaire033-equation033.png,150,31,4.838709677419355,formulaire033-equation033.png
307,92,3.3369565217391304,formulaire033-equation034.png,128,28,4.571428571428571,formulaire033-equation034.png
748,167,4.479041916167665,formulaire033-equation037.png,286,67,4.268656716417911,formulaire033-equation037.png
208,76,2.736842105263158,formulaire033-equation038.png,103,28,3.6785714285714284,formulaire033-equation038.png
221,80,2.7625,formulaire033-equation039.png,89,25,3.56,formulaire033-equation039.png
495,72,6.875,formulaire033-equation040.png,178,22,8.090909090909092,formulaire033-equation040.png
163,102,1.5980392156862746,formulaire033-equation041.png,50,25,2.0,formulaire033-equation041.png
259,95,2.7263157894736842,formulaire033-equation042.png,103,22,4.681818181818182,formulaire033-equation042.png
440,94,4.680851063829787,formulaire033-equation043.png,289,31,9.32258064516129,formulaire033-equation043.png
305,89,3.4269662921348316,formulaire033-equation044.png,108,25,4.32,formulaire033-equation044.png
642,75,8.56,formulaire033-equation045.png,264,25,10.56,formulaire033-equation045.png
345,95,3.6315789473684212,formulaire033-equation046.png,167,31,5.387096774193548,formulaire033-equation046.png
378,85,4.447058823529412,formulaire033-equation047.png,119,25,4.76,formulaire033-equation047.png
429,100,4.29,formulaire033-equation049.png,158,28,5.642857142857143,formulaire033-equation049.png
600,76,7.894736842105263,formulaire033-equation050.png,244,22,11.090909090909092,formulaire033-equation050.png
611,74,8.256756756756756,formulaire033-equation051.png,183,19,9.631578947368421,formulaire033-equation051.png
892,160,5.575,formulaire033-equation052.png,239,33,7.242424242424242,formulaire033-equation052.png
190,84,2.261904761904762,formulaire033-equation054.png,114,28,4.071428571428571,formulaire033-equation054.png
513,86,5.965116279069767,formulaire033-equation055.png,167,22,7.590909090909091,formulaire033-equation055.png
437,93,4.698924731182796,formulaire033-equation056.png,297,36,8.25,formulaire033-equation056.png
127,69,1.8405797101449275,formulaire033-equation057.png,64,25,2.56,formulaire033-equation057.png
155,90,1.7222222222222223,formulaire033-equation058.png,50,25,2.0,formulaire033-equation058.png
760,192,3.9583333333333335,formulaire033-equation059.png,181,39,4.641025641025641,formulaire033-equation059.png
385,102,3.7745098039215685,formulaire033-equation061.png,106,25,4.24,formulaire033-equation061.png
172,85,2.023529411764706,formulaire033-equation062.png,64,28,2.2857142857142856,formulaire033-equation062.png
240,69,3.4782608695652173,formulaire033-equation063.png,64,25,2.56,formulaire033-equation063.png
537,85,6.317647058823529,formulaire033-equation064.png,156,17,9.176470588235293,formulaire033-equation064.png
618,99,6.242424242424242,formulaire033-equation065.png,306,28,10.928571428571429,formulaire033-equation065.png
188,91,2.065934065934066,formulaire033-equation067.png,61,25,2.44,formulaire033-equation067.png
86,72,1.1944444444444444,formulaire033-equation068.png,53,28,1.8928571428571428,formulaire033-equation068.png
562,84,6.690476190476191,formulaire033-equation070.png,347,28,12.392857142857142,formulaire033-equation070.png
201,76,2.6447368421052633,formulaire033-equation071.png,111,28,3.9642857142857144,formulaire033-equation071.png
405,90,4.5,formulaire033-equation072.png,150,19,7.894736842105263,formulaire033-equation072.png
177,74,2.391891891891892,formulaire033-equation073.png,78,19,4.105263157894737,formulaire033-equation073.png
196,175,1.12,formulaire034-equation001.png,72,69,1.0434782608695652,formulaire034-equation001.png
230,134,1.7164179104477613,formulaire034-equation006.png,69,31,2.225806451612903,formulaire034-equation006.png
445,158,2.8164556962025316,formulaire034-equation007.png,131,64,2.046875,formulaire034-equation007.png
204,82,2.4878048780487805,formulaire034-equation008.png,100,28,3.5714285714285716,formulaire034-equation008.png
368,90,4.088888888888889,formulaire034-equation009.png,131,28,4.678571428571429,formulaire034-equation009.png
713,82,8.695121951219512,formulaire034-equation010.png,431,28,15.392857142857142,formulaire034-equation010.png
195,67,2.91044776119403,formulaire034-equation011.png,75,25,3.0,formulaire034-equation011.png
126,66,1.9090909090909092,formulaire034-equation012.png,47,19,2.473684210526316,formulaire034-equation012.png
297,69,4.304347826086956,formulaire034-equation014.png,139,25,5.56,formulaire034-equation014.png
609,79,7.708860759493671,formulaire034-equation015.png,361,28,12.892857142857142,formulaire034-equation015.png
140,151,0.9271523178807947,formulaire034-equation016.png,17,31,0.5483870967741935,formulaire034-equation016.png
161,93,1.7311827956989247,formulaire034-equation017.png,44,22,2.0,formulaire034-equation017.png
343,64,5.359375,formulaire034-equation018.png,175,22,7.954545454545454,formulaire034-equation018.png
223,76,2.9342105263157894,formulaire034-equation019.png,133,28,4.75,formulaire034-equation019.png
330,63,5.238095238095238,formulaire034-equation020.png,178,22,8.090909090909092,formulaire034-equation020.png
113,79,1.4303797468354431,formulaire034-equation021.png,50,28,1.7857142857142858,formulaire034-equation021.png
454,83,5.469879518072289,formulaire034-equation022.png,225,31,7.258064516129032,formulaire034-equation022.png
155,121,1.28099173553719,formulaire034-equation023.png,47,33,1.4242424242424243,formulaire034-equation023.png
156,76,2.0526315789473686,formulaire034-equation024.png,78,31,2.5161290322580645,formulaire034-equation024.png
664,86,7.72093023255814,formulaire034-equation025.png,458,28,16.357142857142858,formulaire034-equation025.png
121,75,1.6133333333333333,formulaire034-equation026.png,47,17,2.764705882352941,formulaire034-equation026.png
627,97,6.463917525773196,formulaire034-equation027.png,253,31,8.161290322580646,formulaire034-equation027.png
312,84,3.7142857142857144,formulaire034-equation028.png,81,25,3.24,formulaire034-equation028.png
151,81,1.8641975308641976,formulaire034-equation029.png,86,28,3.0714285714285716,formulaire034-equation029.png
560,82,6.829268292682927,formulaire034-equation030.png,306,28,10.928571428571429,formulaire034-equation030.png
254,76,3.3421052631578947,formulaire034-equation033.png,203,28,7.25,formulaire034-equation033.png
284,122,2.3278688524590163,formulaire034-equation034.png,106,42,2.5238095238095237,formulaire034-equation034.png
366,65,5.630769230769231,formulaire034-equation035.png,178,22,8.090909090909092,formulaire034-equation035.png
802,92,8.717391304347826,formulaire034-equation036.png,389,31,12.548387096774194,formulaire034-equation036.png
359,92,3.902173913043478,formulaire034-equation037.png,114,19,6.0,formulaire034-equation037.png
693,75,9.24,formulaire034-equation038.png,333,25,13.32,formulaire034-equation038.png
465,80,5.8125,formulaire034-equation039.png,322,31,10.387096774193548,formulaire034-equation039.png
341,79,4.3164556962025316,formulaire034-equation042.png,206,31,6.645161290322581,formulaire034-equation042.png
234,69,3.391304347826087,formulaire034-equation043.png,114,22,5.181818181818182,formulaire034-equation043.png
393,92,4.271739130434782,formulaire034-equation044.png,172,19,9.052631578947368,formulaire034-equation044.png
665,82,8.109756097560975,formulaire034-equation045.png,472,28,16.857142857142858,formulaire034-equation045.png
573,94,6.095744680851064,formulaire034-equation046.png,219,28,7.821428571428571,formulaire034-equation046.png
451,77,5.857142857142857,formulaire034-equation047.png,233,31,7.516129032258065,formulaire034-equation047.png
601,78,7.705128205128205,formulaire034-equation048.png,281,25,11.24,formulaire034-equation048.png
494,90,5.488888888888889,formulaire034-equation049.png,211,28,7.535714285714286,formulaire034-equation049.png
620,76,8.157894736842104,formulaire034-equation050.png,433,28,15.464285714285714,formulaire034-equation050.png
143,59,2.4237288135593222,formulaire034-equation051.png,75,22,3.409090909090909,formulaire034-equation051.png
214,78,2.7435897435897436,formulaire034-equation053.png,161,31,5.193548387096774,formulaire034-equation053.png
315,80,3.9375,formulaire034-equation054.png,189,28,6.75,formulaire034-equation054.png
740,79,9.367088607594937,formulaire034-equation055.png,597,28,21.321428571428573,formulaire034-equation055.png
1093,94,11.627659574468085,formulaire034-equation056.png,617,31,19.903225806451612,formulaire034-equation056.png
418,84,4.976190476190476,formulaire034-equation057.png,297,69,4.304347826086956,formulaire034-equation057.png
125,73,1.7123287671232876,formulaire034-equation058.png,64,33,1.9393939393939394,formulaire034-equation058.png
136,66,2.0606060606060606,formulaire034-equation059.png,97,28,3.4642857142857144,formulaire034-equation059.png
746,83,8.987951807228916,formulaire034-equation060.png,608,28,21.714285714285715,formulaire034-equation060.png
177,68,2.6029411764705883,formulaire034-equation061.png,142,28,5.071428571428571,formulaire034-equation061.png
258,75,3.44,formulaire034-equation063.png,89,25,3.56,formulaire034-equation063.png
265,77,3.4415584415584415,formulaire034-equation066.png,75,22,3.409090909090909,formulaire034-equation066.png
767,86,8.918604651162791,formulaire034-equation067.png,525,31,16.93548387096774,formulaire034-equation067.png
151,72,2.0972222222222223,formulaire034-equation068.png,75,28,2.6785714285714284,formulaire034-equation068.png
365,90,4.055555555555555,formulaire034-equation069.png,236,36,6.555555555555555,formulaire034-equation069.png
198,74,2.675675675675676,formulaire034-equation071.png,92,28,3.2857142857142856,formulaire034-equation071.png
436,147,2.9659863945578233,formulaire034-equation072.png,164,64,2.5625,formulaire034-equation072.png
867,102,8.5,formulaire034-equation073.png,294,25,11.76,formulaire034-equation073.png
211,80,2.6375,formulaire034-equation074.png,136,28,4.857142857142857,formulaire034-equation074.png
671,65,10.323076923076924,formulaire035-equation000.png,439,28,15.678571428571429,formulaire035-equation000.png
637,72,8.847222222222221,formulaire035-equation001.png,319,22,14.5,formulaire035-equation001.png
469,129,3.635658914728682,formulaire035-equation002.png,122,33,3.696969696969697,formulaire035-equation002.png
97,74,1.3108108108108107,formulaire035-equation003.png,50,28,1.7857142857142858,formulaire035-equation003.png
98,89,1.101123595505618,formulaire035-equation004.png,33,28,1.1785714285714286,formulaire035-equation004.png
517,69,7.492753623188406,formulaire035-equation005.png,311,28,11.107142857142858,formulaire035-equation005.png
192,77,2.4935064935064934,formulaire035-equation006.png,108,28,3.857142857142857,formulaire035-equation006.png
423,126,3.357142857142857,formulaire035-equation007.png,181,47,3.851063829787234,formulaire035-equation007.png
599,73,8.205479452054794,formulaire035-equation008.png,239,28,8.535714285714286,formulaire035-equation008.png
379,90,4.211111111111111,formulaire035-equation009.png,131,31,4.225806451612903,formulaire035-equation009.png
517,72,7.180555555555555,formulaire035-equation010.png,261,28,9.321428571428571,formulaire035-equation010.png
383,87,4.402298850574713,formulaire035-equation011.png,161,28,5.75,formulaire035-equation011.png
305,99,3.080808080808081,formulaire035-equation012.png,125,31,4.032258064516129,formulaire035-equation012.png
127,95,1.3368421052631578,formulaire035-equation013.png,67,28,2.392857142857143,formulaire035-equation013.png
304,81,3.753086419753086,formulaire035-equation016.png,78,22,3.5454545454545454,formulaire035-equation016.png
96,72,1.3333333333333333,formulaire035-equation017.png,31,22,1.4090909090909092,formulaire035-equation017.png
320,76,4.2105263157894735,formulaire035-equation018.png,117,19,6.157894736842105,formulaire035-equation018.png
195,85,2.2941176470588234,formulaire035-equation019.png,78,25,3.12,formulaire035-equation019.png
299,72,4.152777777777778,formulaire035-equation021.png,111,22,5.045454545454546,formulaire035-equation021.png
181,79,2.2911392405063293,formulaire035-equation022.png,75,28,2.6785714285714284,formulaire035-equation022.png
196,90,2.1777777777777776,formulaire035-equation023.png,117,31,3.774193548387097,formulaire035-equation023.png
227,117,1.9401709401709402,formulaire035-equation024.png,103,36,2.861111111111111,formulaire035-equation024.png
885,70,12.642857142857142,formulaire035-equation025.png,486,28,17.357142857142858,formulaire035-equation025.png
368,148,2.4864864864864864,formulaire035-equation026.png,128,44,2.909090909090909,formulaire035-equation026.png
280,92,3.0434782608695654,formulaire035-equation027.png,117,25,4.68,formulaire035-equation027.png
148,87,1.7011494252873562,formulaire035-equation028.png,44,25,1.76,formulaire035-equation028.png
413,105,3.933333333333333,formulaire035-equation029.png,133,25,5.32,formulaire035-equation029.png
941,75,12.546666666666667,formulaire035-equation030.png,597,28,21.321428571428573,formulaire035-equation030.png
101,109,0.926605504587156,formulaire035-equation031.png,28,19,1.4736842105263157,formulaire035-equation031.png
294,130,2.2615384615384615,formulaire035-equation033.png,147,50,2.94,formulaire035-equation033.png
657,152,4.322368421052632,formulaire035-equation034.png,203,39,5.205128205128205,formulaire035-equation034.png
420,74,5.675675675675675,formulaire035-equation035.png,156,22,7.090909090909091,formulaire035-equation035.png
185,65,2.8461538461538463,formulaire035-equation036.png,83,28,2.9642857142857144,formulaire035-equation036.png
247,128,1.9296875,formulaire035-equation037.png,78,36,2.1666666666666665,formulaire035-equation037.png
468,68,6.882352941176471,formulaire035-equation038.png,233,28,8.321428571428571,formulaire035-equation038.png
557,99,5.626262626262626,formulaire035-equation041.png,272,31,8.774193548387096,formulaire035-equation041.png
414,136,3.0441176470588234,formulaire035-equation042.png,158,42,3.761904761904762,formulaire035-equation042.png
893,95,9.4,formulaire035-equation043.png,389,31,12.548387096774194,formulaire035-equation043.png
278,92,3.0217391304347827,formulaire035-equation044.png,144,42,3.4285714285714284,formulaire035-equation044.png
604,89,6.786516853932584,formulaire035-equation046.png,267,25,10.68,formulaire035-equation046.png
544,198,2.7474747474747474,formulaire035-equation047.png,164,64,2.5625,formulaire035-equation047.png
235,73,3.219178082191781,formulaire035-equation048.png,111,31,3.5806451612903225,formulaire035-equation048.png
277,90,3.077777777777778,formulaire035-equation049.png,150,31,4.838709677419355,formulaire035-equation049.png
654,75,8.72,formulaire035-equation050.png,356,28,12.714285714285714,formulaire035-equation050.png
222,101,2.198019801980198,formulaire035-equation051.png,72,25,2.88,formulaire035-equation051.png
174,76,2.289473684210526,formulaire035-equation052.png,83,28,2.9642857142857144,formulaire035-equation052.png
980,267,3.6704119850187267,formulaire035-equation053.png,264,78,3.3846153846153846,formulaire035-equation053.png
282,116,2.4310344827586206,formulaire035-equation054.png,122,42,2.9047619047619047,formulaire035-equation054.png
264,218,1.2110091743119267,formulaire035-equation056.png,47,22,2.1363636363636362,formulaire035-equation056.png
306,83,3.6867469879518073,formulaire035-equation057.png,144,25,5.76,formulaire035-equation057.png
255,90,2.8333333333333335,formulaire035-equation058.png,117,28,4.178571428571429,formulaire035-equation058.png
80,75,1.0666666666666667,formulaire035-equation059.png,47,31,1.5161290322580645,formulaire035-equation059.png
307,65,4.723076923076923,formulaire035-equation060.png,147,28,5.25,formulaire035-equation060.png
367,77,4.766233766233766,formulaire035-equation061.png,114,19,6.0,formulaire035-equation061.png
303,124,2.443548387096774,formulaire035-equation063.png,83,25,3.32,formulaire035-equation063.png
446,160,2.7875,formulaire035-equation064.png,150,42,3.5714285714285716,formulaire035-equation064.png
329,125,2.632,formulaire035-equation066.png,100,33,3.0303030303030303,formulaire035-equation066.png
182,65,2.8,formulaire035-equation067.png,81,28,2.892857142857143,formulaire035-equation067.png
396,82,4.829268292682927,formulaire035-equation068.png,153,25,6.12,formulaire035-equation068.png
113,88,1.2840909090909092,formulaire035-equation069.png,36,31,1.1612903225806452,formulaire035-equation069.png
517,69,7.492753623188406,formulaire035-equation070.png,311,28,11.107142857142858,formulaire035-equation070.png
192,77,2.4935064935064934,formulaire035-equation071.png,108,28,3.857142857142857,formulaire035-equation071.png
423,126,3.357142857142857,formulaire035-equation072.png,181,47,3.851063829787234,formulaire035-equation072.png
599,73,8.205479452054794,formulaire035-equation073.png,239,28,8.535714285714286,formulaire035-equation073.png
379,90,4.211111111111111,formulaire035-equation074.png,131,31,4.225806451612903,formulaire035-equation074.png
207,89,2.3258426966292136,formulaire036-equation001.png,100,28,3.5714285714285716,formulaire036-equation001.png
501,95,5.273684210526316,formulaire036-equation002.png,264,28,9.428571428571429,formulaire036-equation002.png
95,89,1.0674157303370786,formulaire036-equation003.png,50,28,1.7857142857142858,formulaire036-equation003.png
425,66,6.4393939393939394,formulaire036-equation005.png,264,22,12.0,formulaire036-equation005.png
485,70,6.928571428571429,formulaire036-equation006.png,272,28,9.714285714285714,formulaire036-equation006.png
528,100,5.28,formulaire036-equation007.png,242,25,9.68,formulaire036-equation007.png
484,168,2.880952380952381,formulaire036-equation008.png,175,64,2.734375,formulaire036-equation008.png
328,135,2.4296296296296296,formulaire036-equation009.png,158,39,4.051282051282051,formulaire036-equation009.png
426,68,6.264705882352941,formulaire036-equation010.png,258,28,9.214285714285714,formulaire036-equation010.png
77,65,1.1846153846153846,formulaire036-equation011.png,50,28,1.7857142857142858,formulaire036-equation011.png
172,70,2.4571428571428573,formulaire036-equation012.png,100,25,4.0,formulaire036-equation012.png
779,118,6.601694915254237,formulaire036-equation013.png,381,33,11.545454545454545,formulaire036-equation013.png
262,85,3.0823529411764707,formulaire036-equation014.png,147,28,5.25,formulaire036-equation014.png
373,73,5.109589041095891,formulaire036-equation015.png,164,22,7.454545454545454,formulaire036-equation015.png
932,103,9.048543689320388,formulaire036-equation016.png,408,25,16.32,formulaire036-equation016.png
291,177,1.6440677966101696,formulaire036-equation017.png,78,39,2.0,formulaire036-equation017.png
153,94,1.627659574468085,formulaire036-equation018.png,56,19,2.9473684210526314,formulaire036-equation018.png
477,81,5.888888888888889,formulaire036-equation019.png,367,28,13.107142857142858,formulaire036-equation019.png
993,73,13.602739726027398,formulaire036-equation020.png,797,28,28.464285714285715,formulaire036-equation020.png
589,163,3.6134969325153374,formulaire036-equation021.png,181,42,4.309523809523809,formulaire036-equation021.png
295,89,3.3146067415730336,formulaire036-equation022.png,133,25,5.32,formulaire036-equation022.png
268,95,2.8210526315789473,formulaire036-equation023.png,164,31,5.290322580645161,formulaire036-equation023.png
93,75,1.24,formulaire036-equation024.png,56,28,2.0,formulaire036-equation024.png
270,69,3.9130434782608696,formulaire036-equation025.png,133,28,4.75,formulaire036-equation025.png
297,80,3.7125,formulaire036-equation026.png,192,28,6.857142857142857,formulaire036-equation026.png
299,77,3.883116883116883,formulaire036-equation027.png,200,28,7.142857142857143,formulaire036-equation027.png
255,134,1.9029850746268657,formulaire036-equation028.png,97,39,2.4871794871794872,formulaire036-equation028.png
242,95,2.5473684210526315,formulaire036-equation029.png,108,28,3.857142857142857,formulaire036-equation029.png
119,109,1.091743119266055,formulaire036-equation031.png,39,25,1.56,formulaire036-equation031.png
79,79,1.0,formulaire036-equation032.png,61,28,2.1785714285714284,formulaire036-equation032.png
569,82,6.939024390243903,formulaire036-equation033.png,289,25,11.56,formulaire036-equation033.png
219,84,2.607142857142857,formulaire036-equation034.png,100,28,3.5714285714285716,formulaire036-equation034.png
89,70,1.2714285714285714,formulaire036-equation036.png,44,17,2.588235294117647,formulaire036-equation036.png
88,122,0.7213114754098361,formulaire036-equation038.png,14,39,0.358974358974359,formulaire036-equation038.png
152,76,2.0,formulaire036-equation039.png,86,28,3.0714285714285716,formulaire036-equation039.png
353,67,5.268656716417911,formulaire036-equation040.png,275,28,9.821428571428571,formulaire036-equation040.png
423,106,3.990566037735849,formulaire036-equation041.png,206,31,6.645161290322581,formulaire036-equation041.png
251,71,3.535211267605634,formulaire036-equation043.png,172,25,6.88,formulaire036-equation043.png
569,120,4.741666666666666,formulaire036-equation044.png,275,39,7.051282051282051,formulaire036-equation044.png
366,76,4.815789473684211,formulaire036-equation045.png,181,25,7.24,formulaire036-equation045.png
265,73,3.6301369863013697,formulaire036-equation046.png,103,28,3.6785714285714284,formulaire036-equation046.png
273,94,2.904255319148936,formulaire036-equation047.png,153,28,5.464285714285714,formulaire036-equation047.png
309,157,1.9681528662420382,formulaire036-equation048.png,133,67,1.9850746268656716,formulaire036-equation048.png
588,77,7.636363636363637,formulaire036-equation050.png,347,28,12.392857142857142,formulaire036-equation050.png
260,141,1.8439716312056738,formulaire036-equation051.png,122,33,3.696969696969697,formulaire036-equation051.png
665,107,6.214953271028038,formulaire036-equation052.png,214,25,8.56,formulaire036-equation052.png
711,93,7.645161290322581,formulaire036-equation053.png,406,33,12.303030303030303,formulaire036-equation053.png
102,70,1.457142857142857,formulaire036-equation054.png,36,19,1.894736842105263,formulaire036-equation054.png
638,71,8.985915492957746,formulaire036-equation055.png,472,28,16.857142857142858,formulaire036-equation055.png
120,114,1.0526315789473684,formulaire036-equation056.png,44,19,2.3157894736842106,formulaire036-equation056.png
142,94,1.5106382978723405,formulaire036-equation057.png,64,25,2.56,formulaire036-equation057.png
156,67,2.328358208955224,formulaire036-equation058.png,86,28,3.0714285714285716,formulaire036-equation058.png
413,73,5.657534246575342,formulaire036-equation059.png,244,31,7.870967741935484,formulaire036-equation059.png
371,68,5.455882352941177,formulaire036-equation060.png,178,22,8.090909090909092,formulaire036-equation060.png
74,59,1.2542372881355932,formulaire036-equation061.png,61,28,2.1785714285714284,formulaire036-equation061.png
717,99,7.242424242424242,formulaire036-equation062.png,364,31,11.741935483870968,formulaire036-equation062.png
628,85,7.3882352941176475,formulaire036-equation063.png,300,25,12.0,formulaire036-equation063.png
302,112,2.6964285714285716,formulaire036-equation064.png,128,28,4.571428571428571,formulaire036-equation064.png
286,150,1.9066666666666667,formulaire036-equation066.png,119,64,1.859375,formulaire036-equation066.png
185,80,2.3125,formulaire036-equation068.png,72,22,3.272727272727273,formulaire036-equation068.png
451,156,2.891025641025641,formulaire036-equation069.png,167,33,5.0606060606060606,formulaire036-equation069.png
438,75,5.84,formulaire036-equation070.png,278,28,9.928571428571429,formulaire036-equation070.png
367,170,2.1588235294117646,formulaire036-equation071.png,133,47,2.8297872340425534,formulaire036-equation071.png
245,121,2.024793388429752,formulaire036-equation073.png,136,36,3.7777777777777777,formulaire036-equation073.png
461,168,2.744047619047619,formulaire036-equation074.png,156,39,4.0,formulaire036-equation074.png
339,127,2.6692913385826773,formulaire037-equation001.png,119,39,3.051282051282051,formulaire037-equation001.png
370,124,2.9838709677419355,formulaire037-equation002.png,164,64,2.5625,formulaire037-equation002.png
345,101,3.4158415841584158,formulaire037-equation003.png,78,19,4.105263157894737,formulaire037-equation003.png
370,67,5.522388059701493,formulaire037-equation005.png,139,22,6.318181818181818,formulaire037-equation005.png
557,115,4.843478260869565,formulaire037-equation006.png,242,31,7.806451612903226,formulaire037-equation006.png
414,87,4.758620689655173,formulaire037-equation007.png,125,25,5.0,formulaire037-equation007.png
209,75,2.7866666666666666,formulaire037-equation008.png,72,28,2.5714285714285716,formulaire037-equation008.png
508,89,5.707865168539326,formulaire037-equation009.png,119,17,7.0,formulaire037-equation009.png
595,75,7.933333333333334,formulaire037-equation011.png,222,22,10.090909090909092,formulaire037-equation011.png
275,116,2.3706896551724137,formulaire037-equation012.png,36,22,1.6363636363636365,formulaire037-equation012.png
553,89,6.213483146067416,formulaire037-equation013.png,167,28,5.964285714285714,formulaire037-equation013.png
231,107,2.1588785046728973,formulaire037-equation014.png,72,31,2.3225806451612905,formulaire037-equation014.png
637,73,8.726027397260275,formulaire037-equation015.png,369,28,13.178571428571429,formulaire037-equation015.png
175,79,2.2151898734177213,formulaire037-equation016.png,64,28,2.2857142857142856,formulaire037-equation016.png
65,117,0.5555555555555556,formulaire037-equation018.png,17,33,0.5151515151515151,formulaire037-equation018.png
384,82,4.682926829268292,formulaire037-equation019.png,119,28,4.25,formulaire037-equation019.png
553,93,5.946236559139785,formulaire037-equation020.png,203,22,9.227272727272727,formulaire037-equation020.png
409,110,3.7181818181818183,formulaire037-equation021.png,139,31,4.483870967741935,formulaire037-equation021.png
742,88,8.431818181818182,formulaire037-equation022.png,211,25,8.44,formulaire037-equation022.png
432,106,4.0754716981132075,formulaire037-equation023.png,178,31,5.741935483870968,formulaire037-equation023.png
240,64,3.75,formulaire037-equation024.png,64,17,3.764705882352941,formulaire037-equation024.png
615,71,8.661971830985916,formulaire037-equation025.png,322,28,11.5,formulaire037-equation025.png
591,166,3.5602409638554215,formulaire037-equation026.png,175,64,2.734375,formulaire037-equation026.png
576,87,6.620689655172414,formulaire037-equation028.png,117,22,5.318181818181818,formulaire037-equation028.png
423,88,4.806818181818182,formulaire037-equation029.png,139,25,5.56,formulaire037-equation029.png
130,148,0.8783783783783784,formulaire037-equation031.png,31,33,0.9393939393939394,formulaire037-equation031.png
91,61,1.4918032786885247,formulaire037-equation032.png,44,28,1.5714285714285714,formulaire037-equation032.png
316,143,2.2097902097902096,formulaire037-equation033.png,69,33,2.090909090909091,formulaire037-equation033.png
205,87,2.3563218390804597,formulaire037-equation034.png,72,31,2.3225806451612905,formulaire037-equation034.png
107,72,1.4861111111111112,formulaire037-equation036.png,39,25,1.56,formulaire037-equation036.png
349,167,2.089820359281437,formulaire037-equation037.png,119,64,1.859375,formulaire037-equation037.png
163,75,2.1733333333333333,formulaire037-equation038.png,61,22,2.772727272727273,formulaire037-equation038.png
214,70,3.057142857142857,formulaire037-equation041.png,103,28,3.6785714285714284,formulaire037-equation041.png
141,79,1.7848101265822784,formulaire037-equation042.png,36,17,2.1176470588235294,formulaire037-equation042.png
315,101,3.118811881188119,formulaire037-equation043.png,89,25,3.56,formulaire037-equation043.png
467,73,6.397260273972603,formulaire037-equation045.png,189,22,8.590909090909092,formulaire037-equation045.png
846,132,6.409090909090909,formulaire037-equation046.png,308,33,9.333333333333334,formulaire037-equation046.png
382,156,2.448717948717949,formulaire037-equation047.png,153,67,2.283582089552239,formulaire037-equation047.png
534,93,5.741935483870968,formulaire037-equation048.png,178,25,7.12,formulaire037-equation048.png
142,82,1.7317073170731707,formulaire037-equation049.png,58,28,2.0714285714285716,formulaire037-equation049.png
531,76,6.9868421052631575,formulaire037-equation050.png,217,22,9.863636363636363,formulaire037-equation050.png
251,78,3.217948717948718,formulaire037-equation051.png,50,22,2.272727272727273,formulaire037-equation051.png
173,76,2.276315789473684,formulaire037-equation052.png,64,28,2.2857142857142856,formulaire037-equation052.png
583,91,6.406593406593407,formulaire037-equation053.png,206,25,8.24,formulaire037-equation053.png
90,80,1.125,formulaire037-equation054.png,44,28,1.5714285714285714,formulaire037-equation054.png
833,78,10.679487179487179,formulaire037-equation055.png,514,28,18.357142857142858,formulaire037-equation055.png
255,81,3.1481481481481484,formulaire037-equation056.png,72,22,3.272727272727273,formulaire037-equation056.png
583,107,5.4485981308411215,formulaire037-equation057.png,128,25,5.12,formulaire037-equation057.png
146,83,1.7590361445783131,formulaire037-equation058.png,53,28,1.8928571428571428,formulaire037-equation058.png
138,73,1.8904109589041096,formulaire037-equation061.png,64,28,2.2857142857142856,formulaire037-equation061.png
95,74,1.2837837837837838,formulaire037-equation062.png,31,22,1.4090909090909092,formulaire037-equation062.png
196,73,2.684931506849315,formulaire037-equation063.png,75,25,3.0,formulaire037-equation063.png
101,98,1.030612244897959,formulaire037-equation064.png,33,28,1.1785714285714286,formulaire037-equation064.png
586,84,6.976190476190476,formulaire037-equation065.png,333,28,11.892857142857142,formulaire037-equation065.png
297,87,3.413793103448276,formulaire037-equation066.png,131,25,5.24,formulaire037-equation066.png
300,88,3.409090909090909,formulaire037-equation068.png,108,25,4.32,formulaire037-equation068.png
1040,80,13.0,formulaire037-equation070.png,744,28,26.571428571428573,formulaire037-equation070.png
217,67,3.2388059701492535,formulaire037-equation071.png,97,31,3.129032258064516,formulaire037-equation071.png
149,83,1.7951807228915662,formulaire037-equation072.png,47,28,1.6785714285714286,formulaire037-equation072.png
724,89,8.134831460674157,formulaire037-equation073.png,489,31,15.774193548387096,formulaire037-equation073.png
269,64,4.203125,formulaire038-equation000.png,153,22,6.954545454545454,formulaire038-equation000.png
483,99,4.878787878787879,formulaire038-equation001.png,186,28,6.642857142857143,formulaire038-equation001.png
195,75,2.6,formulaire038-equation003.png,75,25,3.0,formulaire038-equation003.png
76,80,0.95,formulaire038-equation004.png,36,28,1.2857142857142858,formulaire038-equation004.png
574,72,7.972222222222222,formulaire038-equation005.png,408,28,14.571428571428571,formulaire038-equation005.png
439,85,5.1647058823529415,formulaire038-equation006.png,203,25,8.12,formulaire038-equation006.png
141,78,1.8076923076923077,formulaire038-equation007.png,64,28,2.2857142857142856,formulaire038-equation007.png
110,140,0.7857142857142857,formulaire038-equation008.png,19,31,0.6129032258064516,formulaire038-equation008.png
304,81,3.753086419753086,formulaire038-equation009.png,158,28,5.642857142857143,formulaire038-equation009.png
396,64,6.1875,formulaire038-equation011.png,192,22,8.727272727272727,formulaire038-equation011.png
267,70,3.8142857142857145,formulaire038-equation012.png,142,22,6.454545454545454,formulaire038-equation012.png
129,85,1.5176470588235293,formulaire038-equation013.png,50,25,2.0,formulaire038-equation013.png
381,98,3.8877551020408165,formulaire038-equation014.png,142,28,5.071428571428571,formulaire038-equation014.png
261,65,4.015384615384615,formulaire038-equation016.png,150,28,5.357142857142857,formulaire038-equation016.png
231,74,3.1216216216216215,formulaire038-equation018.png,144,31,4.645161290322581,formulaire038-equation018.png
278,146,1.904109589041096,formulaire038-equation019.png,92,39,2.358974358974359,formulaire038-equation019.png
239,81,2.950617283950617,formulaire038-equation022.png,106,28,3.7857142857142856,formulaire038-equation022.png
204,86,2.372093023255814,formulaire038-equation023.png,92,28,3.2857142857142856,formulaire038-equation023.png
762,97,7.855670103092783,formulaire038-equation024.png,411,31,13.258064516129032,formulaire038-equation024.png
218,77,2.831168831168831,formulaire038-equation026.png,72,19,3.789473684210526,formulaire038-equation026.png
473,98,4.826530612244898,formulaire038-equation027.png,139,19,7.315789473684211,formulaire038-equation027.png
153,69,2.217391304347826,formulaire038-equation028.png,86,22,3.909090909090909,formulaire038-equation028.png
493,75,6.573333333333333,formulaire038-equation030.png,322,28,11.5,formulaire038-equation030.png
178,110,1.6181818181818182,formulaire038-equation031.png,56,25,2.24,formulaire038-equation031.png
190,87,2.1839080459770117,formulaire038-equation032.png,61,22,2.772727272727273,formulaire038-equation032.png
121,77,1.5714285714285714,formulaire038-equation033.png,64,28,2.2857142857142856,formulaire038-equation033.png
163,113,1.4424778761061947,formulaire038-equation036.png,56,28,2.0,formulaire038-equation036.png
229,75,3.0533333333333332,formulaire038-equation037.png,111,28,3.9642857142857144,formulaire038-equation037.png
216,83,2.602409638554217,formulaire038-equation038.png,111,33,3.3636363636363638,formulaire038-equation038.png
281,96,2.9270833333333335,formulaire038-equation039.png,114,25,4.56,formulaire038-equation039.png
364,77,4.7272727272727275,formulaire038-equation041.png,161,28,5.75,formulaire038-equation041.png
449,75,5.986666666666666,formulaire038-equation042.png,86,14,6.142857142857143,formulaire038-equation042.png
121,88,1.375,formulaire038-equation043.png,81,33,2.4545454545454546,formulaire038-equation043.png
383,124,3.088709677419355,formulaire038-equation044.png,214,50,4.28,formulaire038-equation044.png
246,71,3.464788732394366,formulaire038-equation046.png,100,28,3.5714285714285716,formulaire038-equation046.png
177,69,2.5652173913043477,formulaire038-equation047.png,61,19,3.210526315789474,formulaire038-equation047.png
101,70,1.4428571428571428,formulaire038-equation048.png,61,28,2.1785714285714284,formulaire038-equation048.png
259,110,2.3545454545454545,formulaire038-equation049.png,106,33,3.212121212121212,formulaire038-equation049.png
479,77,6.220779220779221,formulaire038-equation051.png,250,25,10.0,formulaire038-equation051.png
395,135,2.925925925925926,formulaire038-equation052.png,150,31,4.838709677419355,formulaire038-equation052.png
336,75,4.48,formulaire038-equation053.png,142,25,5.68,formulaire038-equation053.png
327,66,4.954545454545454,formulaire038-equation055.png,164,22,7.454545454545454,formulaire038-equation055.png
261,76,3.4342105263157894,formulaire038-equation056.png,147,25,5.88,formulaire038-equation056.png
303,84,3.607142857142857,formulaire038-equation057.png,92,25,3.68,formulaire038-equation057.png
621,94,6.6063829787234045,formulaire038-equation058.png,339,31,10.935483870967742,formulaire038-equation058.png
554,156,3.551282051282051,formulaire038-equation061.png,167,36,4.638888888888889,formulaire038-equation061.png
343,118,2.906779661016949,formulaire038-equation062.png,206,39,5.282051282051282,formulaire038-equation062.png
1267,111,11.414414414414415,formulaire038-equation063.png,594,31,19.161290322580644,formulaire038-equation063.png
111,64,1.734375,formulaire038-equation064.png,69,28,2.4642857142857144,formulaire038-equation064.png
518,68,7.617647058823529,formulaire038-equation065.png,322,28,11.5,formulaire038-equation065.png
456,189,2.4126984126984126,formulaire038-equation066.png,114,42,2.7142857142857144,formulaire038-equation066.png
485,90,5.388888888888889,formulaire038-equation067.png,261,28,9.321428571428571,formulaire038-equation067.png
172,130,1.323076923076923,formulaire038-equation068.png,58,39,1.4871794871794872,formulaire038-equation068.png
457,68,6.720588235294118,formulaire038-equation070.png,278,28,9.928571428571429,formulaire038-equation070.png
66,105,0.6285714285714286,formulaire038-equation071.png,28,36,0.7777777777777778,formulaire038-equation071.png
285,70,4.071428571428571,formulaire038-equation072.png,103,19,5.421052631578948,formulaire038-equation072.png
168,80,2.1,formulaire038-equation073.png,42,19,2.210526315789474,formulaire038-equation073.png
191,92,2.0760869565217392,formulaire038-equation074.png,97,28,3.4642857142857144,formulaire038-equation074.png
515,67,7.686567164179104,formulaire039-equation000.png,181,22,8.227272727272727,formulaire039-equation000.png
135,96,1.40625,formulaire039-equation001.png,36,25,1.44,formulaire039-equation001.png
391,73,5.3561643835616435,formulaire039-equation003.png,158,25,6.32,formulaire039-equation003.png
848,80,10.6,formulaire039-equation005.png,458,28,16.357142857142858,formulaire039-equation005.png
253,133,1.9022556390977443,formulaire039-equation006.png,69,39,1.7692307692307692,formulaire039-equation006.png
157,97,1.6185567010309279,formulaire039-equation007.png,53,25,2.12,formulaire039-equation007.png
348,86,4.046511627906977,formulaire039-equation008.png,161,31,5.193548387096774,formulaire039-equation008.png
407,97,4.195876288659794,formulaire039-equation011.png,142,25,5.68,formulaire039-equation011.png
132,97,1.3608247422680413,formulaire039-equation012.png,33,22,1.5,formulaire039-equation012.png
129,85,1.5176470588235293,formulaire039-equation013.png,47,25,1.88,formulaire039-equation013.png
148,100,1.48,formulaire039-equation016.png,36,25,1.44,formulaire039-equation016.png
598,74,8.08108108108108,formulaire039-equation017.png,300,28,10.714285714285714,formulaire039-equation017.png
633,149,4.248322147651007,formulaire039-equation018.png,161,36,4.472222222222222,formulaire039-equation018.png
515,78,6.602564102564102,formulaire039-equation019.png,117,17,6.882352941176471,formulaire039-equation019.png
825,76,10.855263157894736,formulaire039-equation020.png,550,28,19.642857142857142,formulaire039-equation020.png
113,70,1.6142857142857143,formulaire039-equation021.png,50,28,1.7857142857142858,formulaire039-equation021.png
264,84,3.142857142857143,formulaire039-equation022.png,67,19,3.526315789473684,formulaire039-equation022.png
543,78,6.961538461538462,formulaire039-equation024.png,336,36,9.333333333333334,formulaire039-equation024.png
714,88,8.113636363636363,formulaire039-equation025.png,383,28,13.678571428571429,formulaire039-equation025.png
142,79,1.7974683544303798,formulaire039-equation027.png,56,25,2.24,formulaire039-equation027.png
142,66,2.1515151515151514,formulaire039-equation028.png,81,28,2.892857142857143,formulaire039-equation028.png
701,84,8.345238095238095,formulaire039-equation030.png,389,28,13.892857142857142,formulaire039-equation030.png
462,97,4.762886597938144,formulaire039-equation031.png,136,25,5.44,formulaire039-equation031.png
437,78,5.602564102564102,formulaire039-equation033.png,86,22,3.909090909090909,formulaire039-equation033.png
152,85,1.7882352941176471,formulaire039-equation034.png,64,28,2.2857142857142856,formulaire039-equation034.png
655,78,8.397435897435898,formulaire039-equation036.png,142,22,6.454545454545454,formulaire039-equation036.png
393,100,3.93,formulaire039-equation037.png,136,31,4.387096774193548,formulaire039-equation037.png
224,69,3.246376811594203,formulaire039-equation038.png,86,25,3.44,formulaire039-equation038.png
1013,82,12.353658536585366,formulaire039-equation040.png,633,28,22.607142857142858,formulaire039-equation040.png
695,84,8.273809523809524,formulaire039-equation041.png,258,31,8.32258064516129,formulaire039-equation041.png
354,64,5.53125,formulaire039-equation042.png,189,28,6.75,formulaire039-equation042.png
113,71,1.591549295774648,formulaire039-equation043.png,44,28,1.5714285714285714,formulaire039-equation043.png
142,77,1.844155844155844,formulaire039-equation044.png,53,25,2.12,formulaire039-equation044.png
870,73,11.917808219178083,formulaire039-equation045.png,278,22,12.636363636363637,formulaire039-equation045.png
475,137,3.4671532846715327,formulaire039-equation046.png,189,42,4.5,formulaire039-equation046.png
452,158,2.8607594936708862,formulaire039-equation047.png,111,39,2.8461538461538463,formulaire039-equation047.png
302,83,3.63855421686747,formulaire039-equation048.png,103,28,3.6785714285714284,formulaire039-equation048.png
491,101,4.861386138613861,formulaire039-equation049.png,217,42,5.166666666666667,formulaire039-equation049.png
1029,92,11.184782608695652,formulaire039-equation050.png,622,28,22.214285714285715,formulaire039-equation050.png
129,87,1.4827586206896552,formulaire039-equation051.png,44,31,1.4193548387096775,formulaire039-equation051.png
281,77,3.6493506493506493,formulaire039-equation052.png,106,28,3.7857142857142856,formulaire039-equation052.png
224,59,3.7966101694915255,formulaire039-equation053.png,69,19,3.6315789473684212,formulaire039-equation053.png
207,108,1.9166666666666667,formulaire039-equation054.png,75,33,2.272727272727273,formulaire039-equation054.png
926,82,11.292682926829269,formulaire039-equation055.png,569,28,20.321428571428573,formulaire039-equation055.png
106,87,1.2183908045977012,formulaire039-equation056.png,47,25,1.88,formulaire039-equation056.png
172,107,1.6074766355140186,formulaire039-equation057.png,81,31,2.6129032258064515,formulaire039-equation057.png
203,80,2.5375,formulaire039-equation058.png,106,28,3.7857142857142856,formulaire039-equation058.png
306,72,4.25,formulaire039-equation061.png,106,25,4.24,formulaire039-equation061.png
152,61,2.4918032786885247,formulaire039-equation062.png,83,22,3.772727272727273,formulaire039-equation062.png
324,76,4.2631578947368425,formulaire039-equation063.png,172,31,5.548387096774194,formulaire039-equation063.png
836,79,10.582278481012658,formulaire039-equation065.png,431,28,15.392857142857142,formulaire039-equation065.png
390,75,5.2,formulaire039-equation066.png,167,31,5.387096774193548,formulaire039-equation066.png
994,98,10.142857142857142,formulaire039-equation067.png,203,25,8.12,formulaire039-equation067.png
111,130,0.8538461538461538,formulaire039-equation068.png,17,36,0.4722222222222222,formulaire039-equation068.png
460,67,6.865671641791045,formulaire039-equation070.png,253,28,9.035714285714286,formulaire039-equation070.png
584,76,7.684210526315789,formulaire039-equation071.png,231,28,8.25,formulaire039-equation071.png
157,68,2.3088235294117645,formulaire039-equation072.png,67,31,2.161290322580645,formulaire039-equation072.png
480,74,6.486486486486487,formulaire039-equation073.png,256,31,8.258064516129032,formulaire039-equation073.png
418,87,4.804597701149425,formulaire039-equation074.png,153,31,4.935483870967742,formulaire039-equation074.png
