IM2LATEX HME,IM2LATEX HME,IM2LATEX HME,IM2LATEX HME,IM2LATEX PME,IM2LATEX PME,IM2LATEX PME,IM2LATEX PME
width,height,aspect ratio,title,width,height,aspect ratio,title
600,100,6.0,100047.png,1028,102,10.07843137254902,100047.png
160,40,4.0,100096.png,224,62,3.6129032258064515,100096.png
360,60,6.0,100099.png,467,101,4.623762376237623,100099.png
200,40,5.0,10011.png,317,56,5.660714285714286,10011.png
360,60,6.0,10012.png,419,85,4.929411764705883,10012.png
320,40,8.0,100121.png,507,57,8.894736842105264,100121.png
200,40,5.0,100136.png,329,49,6.714285714285714,100136.png
160,40,4.0,100141.png,284,50,5.68,100141.png
120,50,2.4,100234.png,157,48,3.2708333333333335,100234.png
360,60,6.0,100237.png,152,89,1.7078651685393258,100237.png
360,60,6.0,100246.png,289,93,3.10752688172043,100246.png
280,40,7.0,100306.png,466,56,8.321428571428571,100306.png
800,100,8.0,100354.png,1095,93,11.774193548387096,100354.png
400,50,8.0,100394.png,666,56,11.892857142857142,100394.png
280,40,7.0,100396.png,437,62,7.048387096774194,100396.png
320,40,8.0,10043.png,548,58,9.448275862068966,10043.png
200,40,5.0,100555.png,309,56,5.517857142857143,100555.png
500,100,5.0,100571.png,737,87,8.471264367816092,100571.png
120,50,2.4,100596.png,70,50,1.4,100596.png
360,60,6.0,100610.png,446,94,4.74468085106383,100610.png
200,50,4.0,10067.png,327,87,3.7586206896551726,10067.png
320,40,8.0,100683.png,504,53,9.50943396226415,100683.png
360,60,6.0,100716.png,458,89,5.146067415730337,100716.png
500,100,5.0,100741.png,772,88,8.772727272727273,100741.png
360,60,6.0,10078.png,426,101,4.217821782178218,10078.png
320,40,8.0,100805.png,551,53,10.39622641509434,100805.png
360,60,6.0,100832.png,341,98,3.479591836734694,100832.png
200,50,4.0,100841.png,279,88,3.1704545454545454,100841.png
600,100,6.0,100848.png,967,57,16.964912280701753,100848.png
500,100,5.0,100876.png,734,111,6.612612612612613,100876.png
240,40,6.0,100947.png,352,81,4.345679012345679,100947.png
240,40,6.0,100977.png,369,49,7.530612244897959,100977.png
360,100,3.6,100980.png,320,104,3.076923076923077,100980.png
200,40,5.0,101005.png,349,48,7.270833333333333,101005.png
360,100,3.6,101011.png,573,116,4.939655172413793,101011.png
240,40,6.0,101052.png,365,56,6.517857142857143,101052.png
280,40,7.0,101093.png,469,54,8.685185185185185,101093.png
360,60,6.0,101174.png,367,100,3.67,101174.png
120,50,2.4,101291.png,161,87,1.8505747126436782,101291.png
280,40,7.0,101308.png,466,57,8.175438596491228,101308.png
360,100,3.6,101412.png,421,115,3.6608695652173915,101412.png
360,60,6.0,101533.png,402,88,4.568181818181818,101533.png
360,60,6.0,101649.png,330,94,3.5106382978723403,101649.png
360,60,6.0,101666.png,302,93,3.247311827956989,101666.png
360,60,6.0,101733.png,473,94,5.031914893617022,101733.png
240,40,6.0,101735.png,398,56,7.107142857142857,101735.png
360,60,6.0,101791.png,407,94,4.329787234042553,101791.png
360,100,3.6,101796.png,264,111,2.3783783783783785,101796.png
120,50,2.4,101804.png,150,59,2.542372881355932,101804.png
400,160,2.5,101811.png,671,98,6.846938775510204,101811.png
160,40,4.0,10184.png,220,45,4.888888888888889,10184.png
280,50,5.6,101850.png,468,88,5.318181818181818,101850.png
200,50,4.0,101870.png,335,92,3.641304347826087,101870.png
400,160,2.5,101915.png,658,93,7.075268817204301,101915.png
320,40,8.0,102050.png,514,56,9.178571428571429,102050.png
120,50,2.4,102078.png,132,94,1.4042553191489362,102078.png
360,60,6.0,102096.png,474,94,5.042553191489362,102096.png
200,50,4.0,102144.png,316,87,3.632183908045977,102144.png
280,50,5.6,102178.png,472,87,5.425287356321839,102178.png
280,40,7.0,102186.png,426,59,7.220338983050848,102186.png
240,40,6.0,102210.png,395,53,7.452830188679245,102210.png
360,60,6.0,102214.png,303,96,3.15625,102214.png
360,100,3.6,102225.png,404,104,3.8846153846153846,102225.png
200,40,5.0,10223.png,303,62,4.887096774193548,10223.png
280,40,7.0,102236.png,469,42,11.166666666666666,102236.png
120,50,2.4,102251.png,177,50,3.54,102251.png
360,60,6.0,10227.png,402,88,4.568181818181818,10227.png
240,40,6.0,102338.png,370,66,5.606060606060606,102338.png
120,50,2.4,102407.png,102,53,1.9245283018867925,102407.png
200,40,5.0,102427.png,333,50,6.66,102427.png
240,50,4.8,102431.png,402,86,4.674418604651163,102431.png
360,60,6.0,102505.png,513,99,5.181818181818182,102505.png
360,60,6.0,102637.png,261,100,2.61,102637.png
240,40,6.0,102830.png,378,53,7.132075471698113,102830.png
360,100,3.6,102851.png,233,99,2.3535353535353534,102851.png
360,60,6.0,102871.png,443,98,4.520408163265306,102871.png
120,50,2.4,102969.png,102,54,1.8888888888888888,102969.png
240,50,4.8,102993.png,370,81,4.567901234567901,102993.png
360,60,6.0,102994.png,409,91,4.4945054945054945,102994.png
360,100,3.6,103009.png,526,101,5.207920792079208,103009.png
360,60,6.0,103032.png,342,111,3.081081081081081,103032.png
240,40,6.0,103055.png,358,56,6.392857142857143,103055.png
360,60,6.0,103102.png,362,102,3.549019607843137,103102.png
280,40,7.0,103143.png,475,62,7.661290322580645,103143.png
240,40,6.0,103204.png,394,47,8.382978723404255,103204.png
360,60,6.0,103228.png,412,92,4.478260869565218,103228.png
600,100,6.0,103477.png,1036,85,12.188235294117646,103477.png
360,60,6.0,103504.png,276,95,2.905263157894737,103504.png
360,100,3.6,10401.png,182,105,1.7333333333333334,10401.png
240,50,4.8,1046.png,392,87,4.505747126436781,1046.png
320,40,8.0,1047.png,496,58,8.551724137931034,1047.png
360,100,3.6,1052.png,277,113,2.4513274336283186,1052.png
240,40,6.0,10535.png,219,130,1.6846153846153846,10535.png
400,50,8.0,10593.png,640,56,11.428571428571429,10593.png
360,60,6.0,10595.png,319,93,3.4301075268817205,10595.png
240,40,6.0,10637.png,374,59,6.338983050847458,10637.png
360,100,3.6,10667.png,126,102,1.2352941176470589,10667.png
120,50,2.4,10738.png,203,58,3.5,10738.png
280,50,5.6,10787.png,446,92,4.8478260869565215,10787.png
280,50,5.6,10826.png,446,88,5.068181818181818,10826.png
360,60,6.0,10898.png,372,101,3.6831683168316833,10898.png
360,60,6.0,10937.png,431,90,4.788888888888889,10937.png
360,60,6.0,1098.png,362,99,3.6565656565656566,1098.png
160,40,4.0,11051.png,273,54,5.055555555555555,11051.png
360,60,6.0,11060.png,451,98,4.6020408163265305,11060.png
280,40,7.0,11195.png,470,58,8.10344827586207,11195.png
240,40,6.0,1123.png,372,57,6.526315789473684,1123.png
200,40,5.0,11284.png,346,61,5.672131147540983,11284.png
240,40,6.0,11381.png,359,57,6.298245614035087,11381.png
360,40,9.0,11398.png,606,57,10.631578947368421,11398.png
120,50,2.4,11520.png,196,89,2.202247191011236,11520.png
280,40,7.0,11523.png,454,60,7.566666666666666,11523.png
360,60,6.0,11567.png,518,95,5.4526315789473685,11567.png
360,60,6.0,11573.png,259,100,2.59,11573.png
500,100,5.0,11665.png,737,102,7.2254901960784315,11665.png
360,60,6.0,11686.png,356,88,4.045454545454546,11686.png
160,40,4.0,11738.png,239,57,4.192982456140351,11738.png
200,40,5.0,11773.png,281,57,4.9298245614035086,11773.png
400,160,2.5,11817.png,631,88,7.170454545454546,11817.png
500,100,5.0,11916.png,742,93,7.978494623655914,11916.png
240,40,6.0,11927.png,401,56,7.160714285714286,11927.png
600,100,6.0,11970.png,915,56,16.339285714285715,11970.png
500,100,5.0,12027.png,701,106,6.613207547169812,12027.png
280,40,7.0,12161.png,478,59,8.101694915254237,12161.png
360,100,3.6,12164.png,300,108,2.7777777777777777,12164.png
160,40,4.0,12228.png,229,56,4.089285714285714,12228.png
360,60,6.0,12269.png,501,101,4.96039603960396,12269.png
360,100,3.6,12281.png,269,104,2.5865384615384617,12281.png
500,100,5.0,12316.png,801,57,14.052631578947368,12316.png
360,60,6.0,12343.png,270,89,3.033707865168539,12343.png
360,60,6.0,12365.png,171,94,1.8191489361702127,12365.png
360,60,6.0,12371.png,376,95,3.957894736842105,12371.png
360,40,9.0,12468.png,595,56,10.625,12468.png
360,40,9.0,12481.png,618,53,11.660377358490566,12481.png
280,40,7.0,12510.png,460,61,7.540983606557377,12510.png
360,100,3.6,12515.png,350,103,3.3980582524271843,12515.png
360,100,3.6,12525.png,491,104,4.721153846153846,12525.png
240,40,6.0,12558.png,387,53,7.30188679245283,12558.png
240,40,6.0,1256.png,407,60,6.783333333333333,1256.png
200,50,4.0,12564.png,326,78,4.17948717948718,12564.png
360,60,6.0,12648.png,463,99,4.6767676767676765,12648.png
360,60,6.0,12817.png,415,94,4.414893617021277,12817.png
240,50,4.8,12841.png,398,90,4.4222222222222225,12841.png
200,40,5.0,12863.png,300,53,5.660377358490566,12863.png
500,100,5.0,12922.png,769,53,14.50943396226415,12922.png
360,60,6.0,13011.png,209,92,2.2717391304347827,13011.png
600,100,6.0,13015.png,907,63,14.396825396825397,13015.png
360,60,6.0,1307.png,367,103,3.563106796116505,1307.png
240,40,6.0,13087.png,369,56,6.589285714285714,13087.png
400,50,8.0,1311.png,636,88,7.2272727272727275,1311.png
320,40,8.0,13214.png,496,54,9.185185185185185,13214.png
360,60,6.0,13216.png,288,94,3.0638297872340425,13216.png
360,60,6.0,13230.png,266,102,2.607843137254902,13230.png
360,60,6.0,13350.png,214,98,2.183673469387755,13350.png
240,50,4.8,13365.png,419,87,4.816091954022989,13365.png
500,100,5.0,13367.png,870,74,11.756756756756756,13367.png
600,100,6.0,13377.png,946,95,9.957894736842105,13377.png
360,60,6.0,1340.png,388,101,3.8415841584158414,1340.png
240,50,4.8,13417.png,378,80,4.725,13417.png
360,60,6.0,13450.png,476,100,4.76,13450.png
500,100,5.0,13464.png,767,87,8.816091954022989,13464.png
360,60,6.0,13488.png,297,103,2.883495145631068,13488.png
360,60,6.0,13598.png,435,88,4.943181818181818,13598.png
500,100,5.0,13626.png,705,104,6.778846153846154,13626.png
360,60,6.0,13668.png,522,96,5.4375,13668.png
360,60,6.0,13873.png,592,108,5.481481481481482,13873.png
240,40,6.0,13898.png,408,56,7.285714285714286,13898.png
600,100,6.0,13922.png,993,95,10.452631578947368,13922.png
280,40,7.0,13944.png,468,58,8.068965517241379,13944.png
500,100,5.0,14026.png,726,88,8.25,14026.png
360,60,6.0,14132.png,311,98,3.173469387755102,14132.png
360,40,9.0,14190.png,571,56,10.196428571428571,14190.png
120,50,2.4,14254.png,66,41,1.6097560975609757,14254.png
240,50,4.8,14298.png,380,87,4.367816091954023,14298.png
320,40,8.0,14301.png,529,56,9.446428571428571,14301.png
120,50,2.4,14416.png,161,55,2.9272727272727272,14416.png
160,40,4.0,14442.png,244,44,5.545454545454546,14442.png
500,100,5.0,14611.png,781,87,8.977011494252874,14611.png
400,50,8.0,14650.png,662,53,12.49056603773585,14650.png
280,50,5.6,14810.png,477,87,5.482758620689655,14810.png
360,60,6.0,14865.png,510,101,5.0495049504950495,14865.png
280,40,7.0,14943.png,433,53,8.169811320754716,14943.png
360,60,6.0,15051.png,420,93,4.516129032258065,15051.png
320,40,8.0,15054.png,554,59,9.389830508474576,15054.png
240,40,6.0,15058.png,358,54,6.62962962962963,15058.png
360,60,6.0,15075.png,517,99,5.222222222222222,15075.png
280,50,5.6,15098.png,444,87,5.103448275862069,15098.png
360,100,3.6,15185.png,556,116,4.793103448275862,15185.png
360,60,6.0,15206.png,376,88,4.2727272727272725,15206.png
360,60,6.0,15259.png,324,93,3.4838709677419355,15259.png
360,100,3.6,15260.png,268,99,2.707070707070707,15260.png
800,100,8.0,15269.png,1094,101,10.831683168316832,15269.png
600,100,6.0,15302.png,981,58,16.913793103448278,15302.png
280,40,7.0,15307.png,457,59,7.745762711864407,15307.png
280,40,7.0,15315.png,467,62,7.532258064516129,15315.png
240,40,6.0,15349.png,411,62,6.629032258064516,15349.png
500,100,5.0,15360.png,841,84,10.011904761904763,15360.png
360,60,6.0,15424.png,250,94,2.6595744680851063,15424.png
160,40,4.0,15491.png,211,54,3.9074074074074074,15491.png
320,40,8.0,15598.png,501,52,9.634615384615385,15598.png
360,60,6.0,15664.png,565,84,6.726190476190476,15664.png
500,100,5.0,15707.png,705,57,12.368421052631579,15707.png
360,60,6.0,15711.png,322,104,3.0961538461538463,15711.png
360,100,3.6,15816.png,503,119,4.226890756302521,15816.png
240,50,4.8,15879.png,359,82,4.378048780487805,15879.png
120,50,2.4,15893.png,50,42,1.1904761904761905,15893.png
240,50,4.8,15937.png,414,87,4.758620689655173,15937.png
400,50,8.0,16065.png,652,53,12.30188679245283,16065.png
280,40,7.0,16066.png,461,58,7.948275862068965,16066.png
400,50,8.0,16075.png,679,60,11.316666666666666,16075.png
360,60,6.0,16093.png,215,96,2.2395833333333335,16093.png
360,60,6.0,16213.png,463,101,4.584158415841584,16213.png
360,60,6.0,16263.png,569,101,5.633663366336633,16263.png
360,40,9.0,16296.png,565,56,10.089285714285714,16296.png
320,40,8.0,1635.png,530,56,9.464285714285714,1635.png
400,50,8.0,16384.png,651,55,11.836363636363636,16384.png
240,40,6.0,16403.png,376,57,6.5964912280701755,16403.png
240,50,4.8,16528.png,364,88,4.136363636363637,16528.png
200,40,5.0,16544.png,344,49,7.020408163265306,16544.png
200,40,5.0,16616.png,293,58,5.051724137931035,16616.png
360,60,6.0,16776.png,250,94,2.6595744680851063,16776.png
360,60,6.0,16784.png,521,104,5.009615384615385,16784.png
400,50,8.0,16787.png,638,63,10.126984126984127,16787.png
200,50,4.0,16820.png,256,89,2.8764044943820224,16820.png
240,40,6.0,16842.png,364,53,6.867924528301887,16842.png
500,100,5.0,16934.png,851,53,16.056603773584907,16934.png
200,40,5.0,16938.png,303,61,4.967213114754099,16938.png
240,40,6.0,1694.png,399,57,7.0,1694.png
360,60,6.0,16968.png,254,96,2.6458333333333335,16968.png
360,60,6.0,17064.png,486,101,4.811881188118812,17064.png
160,40,4.0,17089.png,246,54,4.555555555555555,17089.png
120,50,2.4,17367.png,179,56,3.1964285714285716,17367.png
360,60,6.0,17439.png,160,93,1.7204301075268817,17439.png
120,50,2.4,17476.png,185,53,3.490566037735849,17476.png
360,50,7.2,17577.png,625,88,7.1022727272727275,17577.png
360,60,6.0,17601.png,391,93,4.204301075268817,17601.png
360,60,6.0,17652.png,456,98,4.653061224489796,17652.png
360,60,6.0,17823.png,300,93,3.225806451612903,17823.png
320,40,8.0,17888.png,512,53,9.660377358490566,17888.png
360,100,3.6,17891.png,497,103,4.825242718446602,17891.png
120,50,2.4,17904.png,187,54,3.462962962962963,17904.png
120,50,2.4,17939.png,157,91,1.7252747252747254,17939.png
240,40,6.0,18009.png,359,53,6.773584905660377,18009.png
360,100,3.6,18065.png,290,105,2.761904761904762,18065.png
360,60,6.0,18091.png,300,93,3.225806451612903,18091.png
360,60,6.0,18132.png,552,94,5.872340425531915,18132.png
360,60,6.0,18142.png,215,102,2.107843137254902,18142.png
360,100,3.6,18241.png,264,119,2.2184873949579833,18241.png
360,60,6.0,18306.png,245,101,2.4257425742574257,18306.png
320,40,8.0,18307.png,561,53,10.584905660377359,18307.png
200,40,5.0,18557.png,348,57,6.105263157894737,18557.png
360,60,6.0,18575.png,350,93,3.763440860215054,18575.png
200,40,5.0,18579.png,337,67,5.029850746268656,18579.png
500,100,5.0,18585.png,806,54,14.925925925925926,18585.png
320,50,6.4,18588.png,547,88,6.215909090909091,18588.png
600,100,6.0,18594.png,843,92,9.16304347826087,18594.png
240,50,4.8,18612.png,358,88,4.068181818181818,18612.png
200,40,5.0,18636.png,317,62,5.112903225806452,18636.png
200,50,4.0,18651.png,220,88,2.5,18651.png
360,60,6.0,18668.png,480,98,4.8979591836734695,18668.png
200,40,5.0,18685.png,354,54,6.555555555555555,18685.png
200,40,5.0,18697.png,331,57,5.807017543859649,18697.png
500,100,5.0,18705.png,789,96,8.21875,18705.png
160,40,4.0,18748.png,279,49,5.6938775510204085,18748.png
360,60,6.0,18796.png,343,100,3.43,18796.png
360,100,3.6,18817.png,471,103,4.572815533980583,18817.png
240,40,6.0,1883.png,351,59,5.9491525423728815,1883.png
280,40,7.0,18866.png,483,53,9.11320754716981,18866.png
360,60,6.0,18889.png,613,83,7.385542168674699,18889.png
200,50,4.0,18893.png,321,78,4.115384615384615,18893.png
360,60,6.0,18932.png,494,95,5.2,18932.png
320,40,8.0,18942.png,517,64,8.078125,18942.png
360,60,6.0,19069.png,559,88,6.3522727272727275,19069.png
400,50,8.0,1910.png,689,54,12.75925925925926,1910.png
500,100,5.0,1918.png,743,102,7.284313725490196,1918.png
360,60,6.0,19214.png,353,99,3.5656565656565657,19214.png
240,40,6.0,19227.png,374,53,7.056603773584905,19227.png
280,40,7.0,19269.png,456,57,8.0,19269.png
500,100,5.0,19333.png,744,88,8.454545454545455,19333.png
500,100,5.0,19341.png,743,53,14.018867924528301,19341.png
500,100,5.0,19402.png,782,61,12.819672131147541,19402.png
280,40,7.0,19404.png,496,56,8.857142857142858,19404.png
360,60,6.0,19424.png,443,102,4.3431372549019605,19424.png
360,100,3.6,19466.png,299,123,2.430894308943089,19466.png
500,100,5.0,19478.png,791,56,14.125,19478.png
400,50,8.0,19527.png,688,63,10.920634920634921,19527.png
280,40,7.0,19536.png,496,53,9.358490566037736,19536.png
240,40,6.0,19539.png,415,53,7.830188679245283,19539.png
360,50,7.2,19561.png,598,88,6.795454545454546,19561.png
320,40,8.0,19569.png,540,57,9.473684210526315,19569.png
360,60,6.0,19657.png,309,101,3.0594059405940595,19657.png
600,100,6.0,19697.png,918,53,17.32075471698113,19697.png
400,50,8.0,1974.png,670,56,11.964285714285714,1974.png
600,100,6.0,19817.png,911,53,17.18867924528302,19817.png
360,60,6.0,19877.png,285,90,3.1666666666666665,19877.png
360,60,6.0,19907.png,244,101,2.4158415841584158,19907.png
360,60,6.0,19965.png,370,99,3.7373737373737375,19965.png
160,40,4.0,19978.png,269,59,4.559322033898305,19978.png
500,100,5.0,20125.png,801,88,9.102272727272727,20125.png
200,40,5.0,20131.png,336,53,6.339622641509434,20131.png
120,50,2.4,20155.png,50,43,1.1627906976744187,20155.png
240,40,6.0,20162.png,419,57,7.350877192982456,20162.png
360,60,6.0,2021.png,273,96,2.84375,2021.png
360,60,6.0,20216.png,628,101,6.217821782178218,20216.png
240,50,4.8,20262.png,369,66,5.590909090909091,20262.png
360,60,6.0,20270.png,233,94,2.478723404255319,20270.png
360,60,6.0,2029.png,355,96,3.6979166666666665,2029.png
360,100,3.6,20418.png,278,111,2.5045045045045047,20418.png
240,40,6.0,20427.png,387,57,6.7894736842105265,20427.png
500,100,5.0,2052.png,840,91,9.23076923076923,2052.png
240,40,6.0,20539.png,345,55,6.2727272727272725,20539.png
200,50,4.0,20548.png,241,85,2.835294117647059,20548.png
500,100,5.0,20566.png,728,53,13.735849056603774,20566.png
360,60,6.0,20685.png,591,108,5.472222222222222,20685.png
120,50,2.4,20742.png,186,89,2.0898876404494384,20742.png
400,50,8.0,20809.png,654,56,11.678571428571429,20809.png
320,40,8.0,20829.png,498,53,9.39622641509434,20829.png
120,50,2.4,2083.png,133,44,3.022727272727273,2083.png
280,40,7.0,20968.png,452,53,8.528301886792454,20968.png
360,50,7.2,20981.png,599,79,7.582278481012659,20981.png
360,60,6.0,20990.png,429,94,4.5638297872340425,20990.png
360,100,3.6,21039.png,253,103,2.4563106796116503,21039.png
120,50,2.4,21061.png,145,53,2.7358490566037736,21061.png
240,40,6.0,2114.png,360,57,6.315789473684211,2114.png
320,40,8.0,2116.png,523,56,9.339285714285714,2116.png
500,100,5.0,21160.png,766,50,15.32,21160.png
400,160,2.5,21167.png,626,108,5.796296296296297,21167.png
360,60,6.0,21230.png,454,96,4.729166666666667,21230.png
320,40,8.0,21392.png,517,53,9.754716981132075,21392.png
400,50,8.0,21430.png,676,56,12.071428571428571,21430.png
360,60,6.0,215.png,568,97,5.855670103092783,215.png
360,100,3.6,21517.png,607,105,5.780952380952381,21517.png
360,60,6.0,21619.png,131,100,1.31,21619.png
360,60,6.0,21638.png,147,100,1.47,21638.png
360,100,3.6,21720.png,515,108,4.768518518518518,21720.png
120,50,2.4,2174.png,185,50,3.7,2174.png
320,40,8.0,21755.png,555,56,9.910714285714286,21755.png
400,160,2.5,2178.png,686,96,7.145833333333333,2178.png
200,40,5.0,21849.png,344,70,4.914285714285715,21849.png
120,50,2.4,21889.png,199,53,3.7547169811320753,21889.png
500,100,5.0,2193.png,747,56,13.339285714285714,2193.png
360,100,3.6,21952.png,584,109,5.3577981651376145,21952.png
360,100,3.6,21976.png,413,109,3.7889908256880735,21976.png
160,40,4.0,22.png,216,57,3.789473684210526,22.png
360,60,6.0,22012.png,283,97,2.917525773195876,22012.png
360,60,6.0,22015.png,392,101,3.881188118811881,22015.png
400,50,8.0,2203.png,635,61,10.40983606557377,2203.png
360,40,9.0,22033.png,593,56,10.589285714285714,22033.png
360,50,7.2,22039.png,582,84,6.928571428571429,22039.png
800,100,8.0,22049.png,1094,66,16.575757575757574,22049.png
360,100,3.6,22058.png,300,108,2.7777777777777777,22058.png
360,60,6.0,22072.png,524,93,5.634408602150538,22072.png
500,100,5.0,22082.png,870,62,14.03225806451613,22082.png
360,100,3.6,22089.png,222,104,2.1346153846153846,22089.png
320,40,8.0,22090.png,519,54,9.61111111111111,22090.png
360,60,6.0,22131.png,465,90,5.166666666666667,22131.png
240,40,6.0,22132.png,387,57,6.7894736842105265,22132.png
360,100,3.6,22234.png,286,102,2.803921568627451,22234.png
160,40,4.0,2224.png,218,51,4.2745098039215685,2224.png
360,60,6.0,2233.png,367,100,3.67,2233.png
360,100,3.6,22389.png,311,122,2.5491803278688523,22389.png
360,60,6.0,22391.png,118,94,1.2553191489361701,22391.png
360,100,3.6,22447.png,340,99,3.4343434343434343,22447.png
360,60,6.0,22463.png,619,104,5.951923076923077,22463.png
360,60,6.0,22476.png,416,101,4.118811881188119,22476.png
360,60,6.0,22489.png,274,99,2.7676767676767677,22489.png
200,50,4.0,22505.png,252,88,2.8636363636363638,22505.png
320,40,8.0,22523.png,534,53,10.075471698113208,22523.png
200,40,5.0,22547.png,335,53,6.320754716981132,22547.png
200,40,5.0,22567.png,328,53,6.188679245283019,22567.png
160,40,4.0,22586.png,232,50,4.64,22586.png
240,40,6.0,22595.png,414,57,7.2631578947368425,22595.png
160,40,4.0,2261.png,248,56,4.428571428571429,2261.png
500,100,5.0,22722.png,735,98,7.5,22722.png
240,40,6.0,22770.png,355,54,6.574074074074074,22770.png
360,60,6.0,2285.png,344,93,3.6989247311827955,2285.png
600,100,6.0,22957.png,1012,93,10.881720430107526,22957.png
280,50,5.6,22958.png,479,87,5.505747126436781,22958.png
400,50,8.0,22966.png,653,70,9.32857142857143,22966.png
160,40,4.0,2297.png,242,56,4.321428571428571,2297.png
200,40,5.0,22986.png,288,53,5.433962264150943,22986.png
360,40,9.0,23050.png,601,53,11.339622641509434,23050.png
200,40,5.0,23080.png,336,57,5.894736842105263,23080.png
360,60,6.0,23198.png,338,101,3.3465346534653464,23198.png
400,160,2.5,23268.png,684,97,7.051546391752577,23268.png
320,50,6.4,2332.png,513,81,6.333333333333333,2332.png
600,100,6.0,23389.png,987,56,17.625,23389.png
360,50,7.2,23390.png,626,88,7.113636363636363,23390.png
360,60,6.0,23406.png,246,81,3.037037037037037,23406.png
360,60,6.0,23430.png,494,100,4.94,23430.png
160,40,4.0,23431.png,220,57,3.8596491228070176,23431.png
240,40,6.0,23436.png,366,56,6.535714285714286,23436.png
400,160,2.5,23452.png,656,94,6.9787234042553195,23452.png
280,40,7.0,23468.png,476,67,7.104477611940299,23468.png
360,60,6.0,23484.png,560,99,5.656565656565657,23484.png
400,160,2.5,23497.png,680,102,6.666666666666667,23497.png
320,50,6.4,23598.png,550,88,6.25,23598.png
240,40,6.0,23655.png,415,57,7.280701754385965,23655.png
360,60,6.0,23697.png,317,102,3.107843137254902,23697.png
500,100,5.0,23737.png,855,53,16.132075471698112,23737.png
360,60,6.0,23747.png,193,99,1.9494949494949494,23747.png
200,40,5.0,23774.png,333,57,5.842105263157895,23774.png
160,40,4.0,23803.png,262,56,4.678571428571429,23803.png
360,100,3.6,23810.png,268,110,2.4363636363636365,23810.png
360,40,9.0,23863.png,593,59,10.05084745762712,23863.png
360,60,6.0,23955.png,306,101,3.0297029702970297,23955.png
360,60,6.0,23970.png,242,96,2.5208333333333335,23970.png
500,100,5.0,240.png,834,107,7.794392523364486,240.png
240,40,6.0,2400.png,388,56,6.928571428571429,2400.png
360,60,6.0,24017.png,425,88,4.829545454545454,24017.png
500,100,5.0,24087.png,854,95,8.989473684210527,24087.png
360,60,6.0,24106.png,310,97,3.195876288659794,24106.png
600,100,6.0,24185.png,1048,53,19.77358490566038,24185.png
240,40,6.0,24186.png,404,54,7.481481481481482,24186.png
400,50,8.0,24302.png,624,80,7.8,24302.png
360,60,6.0,24325.png,516,96,5.375,24325.png
160,40,4.0,24337.png,228,54,4.222222222222222,24337.png
120,50,2.4,24344.png,111,87,1.2758620689655173,24344.png
160,40,4.0,24355.png,240,54,4.444444444444445,24355.png
360,60,6.0,24372.png,174,96,1.8125,24372.png
360,50,7.2,24392.png,587,87,6.747126436781609,24392.png
800,100,8.0,24455.png,1135,69,16.44927536231884,24455.png
160,40,4.0,24465.png,280,53,5.283018867924528,24465.png
240,40,6.0,24489.png,351,53,6.622641509433962,24489.png
360,60,6.0,24559.png,533,93,5.731182795698925,24559.png
200,50,4.0,2462.png,311,87,3.574712643678161,2462.png
500,100,5.0,24635.png,755,58,13.017241379310345,24635.png
360,60,6.0,24659.png,318,96,3.3125,24659.png
360,60,6.0,24831.png,562,98,5.73469387755102,24831.png
360,60,6.0,24858.png,270,96,2.8125,24858.png
240,40,6.0,24897.png,366,51,7.176470588235294,24897.png
360,60,6.0,24899.png,361,99,3.6464646464646466,24899.png
160,40,4.0,24956.png,258,58,4.448275862068965,24956.png
360,60,6.0,24969.png,210,95,2.210526315789474,24969.png
320,40,8.0,2505.png,542,53,10.226415094339623,2505.png
240,40,6.0,25068.png,367,63,5.825396825396825,25068.png
500,100,5.0,25077.png,785,57,13.771929824561404,25077.png
320,40,8.0,2517.png,500,57,8.771929824561404,2517.png
200,40,5.0,25249.png,333,57,5.842105263157895,25249.png
360,40,9.0,25276.png,563,56,10.053571428571429,25276.png
500,100,5.0,25315.png,784,101,7.762376237623762,25315.png
240,40,6.0,25351.png,399,63,6.333333333333333,25351.png
500,100,5.0,25364.png,845,99,8.535353535353535,25364.png
280,40,7.0,2542.png,432,54,8.0,2542.png
360,60,6.0,25445.png,235,99,2.3737373737373737,25445.png
360,60,6.0,25463.png,517,84,6.154761904761905,25463.png
160,40,4.0,25516.png,254,63,4.031746031746032,25516.png
320,40,8.0,25521.png,527,59,8.932203389830509,25521.png
320,40,8.0,25547.png,522,50,10.44,25547.png
280,40,7.0,25551.png,447,56,7.982142857142857,25551.png
360,40,9.0,25563.png,574,57,10.070175438596491,25563.png
360,60,6.0,25574.png,407,93,4.376344086021505,25574.png
360,60,6.0,25579.png,372,98,3.795918367346939,25579.png
500,100,5.0,25650.png,820,53,15.471698113207546,25650.png
600,100,6.0,25656.png,961,69,13.927536231884059,25656.png
360,100,3.6,25659.png,417,112,3.7232142857142856,25659.png
200,50,4.0,25671.png,242,88,2.75,25671.png
280,40,7.0,25710.png,451,58,7.775862068965517,25710.png
360,60,6.0,25721.png,291,93,3.129032258064516,25721.png
360,60,6.0,25755.png,463,87,5.32183908045977,25755.png
280,50,5.6,25855.png,442,87,5.080459770114943,25855.png
320,40,8.0,25857.png,550,56,9.821428571428571,25857.png
600,100,6.0,25861.png,906,88,10.295454545454545,25861.png
200,40,5.0,25932.png,303,63,4.809523809523809,25932.png
320,40,8.0,25933.png,487,53,9.18867924528302,25933.png
120,50,2.4,26093.png,196,53,3.69811320754717,26093.png
360,60,6.0,2623.png,271,88,3.0795454545454546,2623.png
800,100,8.0,26237.png,1097,53,20.69811320754717,26237.png
240,40,6.0,26238.png,402,56,7.178571428571429,26238.png
200,40,5.0,26264.png,303,56,5.410714285714286,26264.png
500,100,5.0,263.png,672,88,7.636363636363637,263.png
360,60,6.0,26314.png,366,94,3.893617021276596,26314.png
360,60,6.0,26382.png,578,100,5.78,26382.png
360,60,6.0,26428.png,279,95,2.9368421052631577,26428.png
160,40,4.0,26504.png,234,55,4.254545454545455,26504.png
360,60,6.0,26554.png,364,93,3.913978494623656,26554.png
200,50,4.0,26569.png,290,81,3.580246913580247,26569.png
160,40,4.0,26602.png,245,61,4.016393442622951,26602.png
280,40,7.0,26640.png,465,53,8.773584905660377,26640.png
240,50,4.8,26663.png,381,80,4.7625,26663.png
360,60,6.0,26771.png,216,95,2.2736842105263158,26771.png
240,40,6.0,26772.png,367,49,7.489795918367347,26772.png
360,50,7.2,26831.png,625,82,7.621951219512195,26831.png
600,100,6.0,26891.png,927,53,17.49056603773585,26891.png
320,50,6.4,26894.png,479,87,5.505747126436781,26894.png
160,40,4.0,26908.png,253,62,4.080645161290323,26908.png
360,60,6.0,2691.png,364,99,3.676767676767677,2691.png
280,40,7.0,26985.png,449,63,7.126984126984127,26985.png
500,100,5.0,27066.png,829,101,8.207920792079207,27066.png
600,100,6.0,27078.png,935,105,8.904761904761905,27078.png
400,50,8.0,27090.png,664,57,11.649122807017545,27090.png
600,100,6.0,27122.png,906,96,9.4375,27122.png
360,100,3.6,27151.png,341,108,3.1574074074074074,27151.png
160,40,4.0,27170.png,272,53,5.132075471698113,27170.png
120,50,2.4,27189.png,118,47,2.5106382978723403,27189.png
500,100,5.0,27217.png,762,103,7.398058252427185,27217.png
400,50,8.0,27237.png,650,53,12.264150943396226,27237.png
240,40,6.0,27244.png,419,56,7.482142857142857,27244.png
360,100,3.6,27293.png,577,119,4.848739495798319,27293.png
360,60,6.0,27337.png,264,96,2.75,27337.png
240,50,4.8,27363.png,370,87,4.252873563218391,27363.png
500,100,5.0,27441.png,816,100,8.16,27441.png
160,40,4.0,27584.png,231,64,3.609375,27584.png
160,40,4.0,2764.png,270,48,5.625,2764.png
240,40,6.0,27678.png,363,58,6.258620689655173,27678.png
360,60,6.0,27693.png,246,98,2.510204081632653,27693.png
360,40,9.0,27750.png,627,56,11.196428571428571,27750.png
120,50,2.4,2781.png,182,56,3.25,2781.png
120,50,2.4,27822.png,199,52,3.826923076923077,27822.png
360,60,6.0,27862.png,302,89,3.393258426966292,27862.png
160,40,4.0,27891.png,231,55,4.2,27891.png
160,40,4.0,27924.png,241,62,3.8870967741935485,27924.png
360,60,6.0,27931.png,378,93,4.064516129032258,27931.png
360,60,6.0,27968.png,517,111,4.657657657657658,27968.png
320,50,6.4,28003.png,534,81,6.592592592592593,28003.png
360,60,6.0,28044.png,154,94,1.6382978723404256,28044.png
160,40,4.0,2809.png,273,58,4.706896551724138,2809.png
500,100,5.0,2816.png,884,61,14.491803278688524,2816.png
120,50,2.4,28200.png,196,56,3.5,28200.png
120,50,2.4,28259.png,190,87,2.1839080459770117,28259.png
800,100,8.0,28298.png,1063,58,18.32758620689655,28298.png
240,40,6.0,28442.png,411,58,7.086206896551724,28442.png
360,60,6.0,28443.png,319,94,3.393617021276596,28443.png
360,60,6.0,28463.png,302,90,3.3555555555555556,28463.png
360,60,6.0,2851.png,383,93,4.118279569892473,2851.png
360,100,3.6,28550.png,317,103,3.0776699029126213,28550.png
360,60,6.0,28591.png,413,99,4.171717171717172,28591.png
360,60,6.0,28606.png,135,88,1.5340909090909092,28606.png
280,40,7.0,28647.png,442,55,8.036363636363637,28647.png
320,50,6.4,2873.png,526,92,5.717391304347826,2873.png
280,50,5.6,28798.png,442,88,5.0227272727272725,28798.png
360,60,6.0,28863.png,507,93,5.451612903225806,28863.png
320,40,8.0,28944.png,509,60,8.483333333333333,28944.png
360,100,3.6,28946.png,511,105,4.866666666666666,28946.png
360,100,3.6,28984.png,359,107,3.3551401869158877,28984.png
120,50,2.4,29038.png,164,50,3.28,29038.png
280,40,7.0,29119.png,442,56,7.892857142857143,29119.png
360,100,3.6,29129.png,346,95,3.642105263157895,29129.png
360,60,6.0,29171.png,569,102,5.578431372549019,29171.png
320,40,8.0,29179.png,546,53,10.30188679245283,29179.png
280,40,7.0,29193.png,432,61,7.081967213114754,29193.png
320,40,8.0,29197.png,516,54,9.555555555555555,29197.png
400,50,8.0,29229.png,650,50,13.0,29229.png
360,60,6.0,29269.png,295,99,2.9797979797979797,29269.png
360,40,9.0,29472.png,618,55,11.236363636363636,29472.png
280,40,7.0,29540.png,447,58,7.706896551724138,29540.png
320,40,8.0,29561.png,521,57,9.140350877192983,29561.png
200,50,4.0,29581.png,276,89,3.101123595505618,29581.png
400,50,8.0,2963.png,710,53,13.39622641509434,2963.png
200,50,4.0,2971.png,317,88,3.602272727272727,2971.png
120,50,2.4,29763.png,193,53,3.641509433962264,29763.png
320,40,8.0,29800.png,515,53,9.716981132075471,29800.png
800,100,8.0,29822.png,1094,53,20.641509433962263,29822.png
240,40,6.0,29859.png,418,50,8.36,29859.png
280,40,7.0,29882.png,459,56,8.196428571428571,29882.png
320,40,8.0,29901.png,498,53,9.39622641509434,29901.png
280,50,5.6,29910.png,441,81,5.444444444444445,29910.png
360,60,6.0,29950.png,165,88,1.875,29950.png
360,60,6.0,29954.png,514,103,4.990291262135922,29954.png
400,50,8.0,30041.png,687,88,7.806818181818182,30041.png
360,50,7.2,30043.png,608,78,7.794871794871795,30043.png
360,60,6.0,30090.png,233,112,2.080357142857143,30090.png
500,100,5.0,3010.png,772,56,13.785714285714286,3010.png
200,50,4.0,30166.png,290,87,3.3333333333333335,30166.png
200,50,4.0,30239.png,267,87,3.0689655172413794,30239.png
360,60,6.0,30266.png,321,89,3.606741573033708,30266.png
320,50,6.4,30268.png,529,87,6.080459770114943,30268.png
200,50,4.0,30270.png,258,88,2.9318181818181817,30270.png
200,50,4.0,30284.png,303,88,3.4431818181818183,30284.png
160,40,4.0,30341.png,228,55,4.1454545454545455,30341.png
360,60,6.0,30365.png,540,80,6.75,30365.png
120,50,2.4,3046.png,35,36,0.9722222222222222,3046.png
360,60,6.0,30492.png,300,99,3.0303030303030303,30492.png
400,50,8.0,30574.png,699,58,12.051724137931034,30574.png
160,40,4.0,30578.png,231,68,3.3970588235294117,30578.png
160,40,4.0,30616.png,264,53,4.981132075471698,30616.png
360,100,3.6,3063.png,469,109,4.302752293577981,3063.png
360,60,6.0,30662.png,500,88,5.681818181818182,30662.png
120,50,2.4,30666.png,156,59,2.6440677966101696,30666.png
200,50,4.0,30728.png,304,80,3.8,30728.png
160,40,4.0,30733.png,244,53,4.60377358490566,30733.png
500,100,5.0,30759.png,798,59,13.525423728813559,30759.png
200,40,5.0,30781.png,294,61,4.819672131147541,30781.png
200,50,4.0,30790.png,291,88,3.3068181818181817,30790.png
360,60,6.0,3081.png,322,101,3.1881188118811883,3081.png
320,40,8.0,30888.png,502,57,8.807017543859649,30888.png
500,100,5.0,30912.png,807,55,14.672727272727272,30912.png
200,40,5.0,30977.png,309,62,4.983870967741935,30977.png
360,60,6.0,31042.png,270,101,2.6732673267326734,31042.png
360,100,3.6,31194.png,342,105,3.257142857142857,31194.png
200,40,5.0,31203.png,291,61,4.770491803278689,31203.png
280,50,5.6,31226.png,455,88,5.170454545454546,31226.png
360,60,6.0,31233.png,503,98,5.13265306122449,31233.png
320,40,8.0,31266.png,526,59,8.915254237288135,31266.png
360,60,6.0,31301.png,299,99,3.0202020202020203,31301.png
360,100,3.6,31407.png,526,102,5.1568627450980395,31407.png
360,40,9.0,31421.png,618,54,11.444444444444445,31421.png
160,40,4.0,31429.png,248,53,4.679245283018868,31429.png
240,40,6.0,31441.png,388,53,7.320754716981132,31441.png
160,40,4.0,31523.png,253,61,4.147540983606557,31523.png
400,50,8.0,31581.png,695,56,12.410714285714286,31581.png
360,60,6.0,31625.png,238,84,2.8333333333333335,31625.png
200,50,4.0,31628.png,259,83,3.1204819277108435,31628.png
120,50,2.4,31644.png,158,88,1.7954545454545454,31644.png
360,60,6.0,31721.png,523,101,5.178217821782178,31721.png
200,50,4.0,31760.png,226,92,2.4565217391304346,31760.png
360,60,6.0,31826.png,344,98,3.510204081632653,31826.png
360,60,6.0,31832.png,451,96,4.697916666666667,31832.png
280,40,7.0,31846.png,442,60,7.366666666666666,31846.png
240,40,6.0,31851.png,372,58,6.413793103448276,31851.png
400,50,8.0,31898.png,622,88,7.068181818181818,31898.png
360,100,3.6,31964.png,489,112,4.366071428571429,31964.png
240,40,6.0,3199.png,360,56,6.428571428571429,3199.png
240,40,6.0,32003.png,356,58,6.137931034482759,32003.png
500,100,5.0,32005.png,389,209,1.861244019138756,32005.png
200,50,4.0,32013.png,259,88,2.9431818181818183,32013.png
360,100,3.6,32044.png,324,110,2.9454545454545453,32044.png
200,40,5.0,32058.png,324,58,5.586206896551724,32058.png
200,40,5.0,32118.png,325,61,5.327868852459017,32118.png
360,60,6.0,32124.png,273,103,2.650485436893204,32124.png
360,100,3.6,32130.png,409,109,3.7522935779816513,32130.png
360,60,6.0,32144.png,548,102,5.372549019607843,32144.png
360,60,6.0,32156.png,235,99,2.3737373737373737,32156.png
280,40,7.0,32168.png,430,63,6.825396825396825,32168.png
360,100,3.6,32195.png,368,100,3.68,32195.png
800,100,8.0,32222.png,1113,53,21.0,32222.png
600,100,6.0,32296.png,886,53,16.71698113207547,32296.png
400,160,2.5,32337.png,643,101,6.366336633663367,32337.png
200,40,5.0,32388.png,284,57,4.982456140350878,32388.png
200,50,4.0,32394.png,235,88,2.6704545454545454,32394.png
280,50,5.6,32428.png,431,89,4.842696629213483,32428.png
800,100,8.0,32436.png,1097,54,20.314814814814813,32436.png
120,50,2.4,32462.png,215,56,3.8392857142857144,32462.png
320,40,8.0,32472.png,548,57,9.614035087719298,32472.png
240,40,6.0,32494.png,417,57,7.315789473684211,32494.png
800,100,8.0,32505.png,1069,53,20.169811320754718,32505.png
360,60,6.0,32605.png,333,93,3.5806451612903225,32605.png
120,50,2.4,32641.png,49,42,1.1666666666666667,32641.png
160,40,4.0,32651.png,273,53,5.150943396226415,32651.png
280,40,7.0,32666.png,442,53,8.339622641509434,32666.png
400,50,8.0,32737.png,650,59,11.016949152542374,32737.png
360,60,6.0,3286.png,364,94,3.872340425531915,3286.png
280,40,7.0,32869.png,477,62,7.693548387096774,32869.png
280,40,7.0,32889.png,440,57,7.719298245614035,32889.png
400,50,8.0,32890.png,666,86,7.744186046511628,32890.png
360,60,6.0,32896.png,325,99,3.282828282828283,32896.png
240,40,6.0,32910.png,373,56,6.660714285714286,32910.png
320,40,8.0,3294.png,518,66,7.848484848484849,3294.png
320,40,8.0,32954.png,523,52,10.057692307692308,32954.png
360,40,9.0,32981.png,619,53,11.679245283018869,32981.png
360,60,6.0,32985.png,542,113,4.79646017699115,32985.png
320,40,8.0,33000.png,534,56,9.535714285714286,33000.png
500,100,5.0,33028.png,724,88,8.227272727272727,33028.png
120,50,2.4,33029.png,51,43,1.186046511627907,33029.png
120,50,2.4,33046.png,48,42,1.1428571428571428,33046.png
360,60,6.0,33069.png,240,100,2.4,33069.png
500,100,5.0,33073.png,772,54,14.296296296296296,33073.png
320,40,8.0,33090.png,493,62,7.951612903225806,33090.png
360,100,3.6,33137.png,313,100,3.13,33137.png
360,60,6.0,33184.png,333,99,3.3636363636363638,33184.png
360,60,6.0,33198.png,620,101,6.138613861386139,33198.png
120,50,2.4,33228.png,186,53,3.509433962264151,33228.png
360,60,6.0,33230.png,280,98,2.857142857142857,33230.png
120,50,2.4,33273.png,149,54,2.759259259259259,33273.png
360,100,3.6,33291.png,402,100,4.02,33291.png
200,50,4.0,33294.png,326,84,3.880952380952381,33294.png
360,60,6.0,33309.png,333,94,3.5425531914893615,33309.png
600,100,6.0,3347.png,910,88,10.340909090909092,3347.png
360,60,6.0,33480.png,336,95,3.536842105263158,33480.png
120,50,2.4,33507.png,23,23,1.0,33507.png
400,50,8.0,33563.png,612,53,11.547169811320755,33563.png
360,60,6.0,33579.png,542,93,5.827956989247312,33579.png
360,60,6.0,33638.png,442,101,4.376237623762377,33638.png
360,60,6.0,3369.png,181,102,1.7745098039215685,3369.png
360,60,6.0,33712.png,396,93,4.258064516129032,33712.png
400,50,8.0,33718.png,641,57,11.24561403508772,33718.png
360,60,6.0,33741.png,151,101,1.495049504950495,33741.png
360,60,6.0,33754.png,382,93,4.10752688172043,33754.png
280,40,7.0,33840.png,462,56,8.25,33840.png
200,40,5.0,33924.png,325,50,6.5,33924.png
320,40,8.0,3394.png,502,61,8.229508196721312,3394.png
160,40,4.0,34005.png,248,63,3.9365079365079363,34005.png
500,100,5.0,34036.png,754,101,7.465346534653466,34036.png
280,40,7.0,34049.png,429,54,7.944444444444445,34049.png
360,60,6.0,34085.png,190,95,2.0,34085.png
240,40,6.0,34096.png,357,48,7.4375,34096.png
200,50,4.0,34100.png,317,87,3.6436781609195403,34100.png
200,50,4.0,34117.png,246,82,3.0,34117.png
120,50,2.4,34140.png,215,62,3.467741935483871,34140.png
200,50,4.0,34155.png,352,80,4.4,34155.png
360,60,6.0,34207.png,250,94,2.6595744680851063,34207.png
360,40,9.0,34240.png,573,54,10.61111111111111,34240.png
360,60,6.0,34351.png,308,96,3.2083333333333335,34351.png
240,50,4.8,34379.png,387,80,4.8375,34379.png
200,40,5.0,34435.png,344,58,5.931034482758621,34435.png
360,60,6.0,34473.png,322,98,3.2857142857142856,34473.png
200,50,4.0,34481.png,218,88,2.477272727272727,34481.png
500,100,5.0,34514.png,741,53,13.981132075471699,34514.png
320,40,8.0,34532.png,535,53,10.09433962264151,34532.png
120,50,2.4,34536.png,136,49,2.7755102040816326,34536.png
240,40,6.0,34624.png,393,62,6.338709677419355,34624.png
360,100,3.6,34637.png,214,105,2.038095238095238,34637.png
200,40,5.0,3464.png,286,58,4.931034482758621,3464.png
320,50,6.4,34641.png,508,80,6.35,34641.png
280,50,5.6,34670.png,466,88,5.295454545454546,34670.png
200,40,5.0,34685.png,316,58,5.448275862068965,34685.png
360,60,6.0,34708.png,208,92,2.260869565217391,34708.png
240,40,6.0,34716.png,394,54,7.296296296296297,34716.png
240,40,6.0,34750.png,408,52,7.846153846153846,34750.png
800,100,8.0,34888.png,1134,56,20.25,34888.png
240,40,6.0,349.png,401,59,6.796610169491525,349.png
120,50,2.4,35078.png,206,48,4.291666666666667,35078.png
240,40,6.0,3517.png,421,56,7.517857142857143,3517.png
360,60,6.0,35187.png,455,99,4.595959595959596,35187.png
360,40,9.0,35189.png,589,56,10.517857142857142,35189.png
500,100,5.0,352.png,896,109,8.220183486238533,352.png
360,60,6.0,35245.png,144,99,1.4545454545454546,35245.png
360,60,6.0,35313.png,436,88,4.954545454545454,35313.png
600,100,6.0,35330.png,919,53,17.339622641509433,35330.png
120,50,2.4,3540.png,213,57,3.736842105263158,3540.png
280,50,5.6,35403.png,483,87,5.551724137931035,35403.png
400,50,8.0,35439.png,640,87,7.35632183908046,35439.png
320,40,8.0,35444.png,513,56,9.160714285714286,35444.png
240,40,6.0,35448.png,390,54,7.222222222222222,35448.png
320,40,8.0,35458.png,547,63,8.682539682539682,35458.png
360,60,6.0,35499.png,324,94,3.4468085106382977,35499.png
500,100,5.0,35508.png,770,56,13.75,35508.png
600,100,6.0,35523.png,959,57,16.82456140350877,35523.png
360,60,6.0,35621.png,201,96,2.09375,35621.png
240,40,6.0,35812.png,352,59,5.966101694915254,35812.png
200,40,5.0,35819.png,332,58,5.724137931034483,35819.png
360,100,3.6,35846.png,316,109,2.8990825688073394,35846.png
600,100,6.0,35947.png,925,64,14.453125,35947.png
360,100,3.6,35965.png,308,109,2.8256880733944953,35965.png
120,50,2.4,35966.png,219,66,3.3181818181818183,35966.png
200,40,5.0,36102.png,307,43,7.1395348837209305,36102.png
120,50,2.4,36137.png,205,88,2.3295454545454546,36137.png
360,60,6.0,36143.png,320,93,3.4408602150537635,36143.png
500,100,5.0,36150.png,772,57,13.543859649122806,36150.png
360,60,6.0,36172.png,122,90,1.3555555555555556,36172.png
200,40,5.0,36218.png,351,58,6.051724137931035,36218.png
320,40,8.0,36231.png,544,54,10.074074074074074,36231.png
360,100,3.6,36266.png,579,119,4.8655462184873945,36266.png
320,40,8.0,36338.png,524,46,11.391304347826088,36338.png
200,40,5.0,36378.png,295,65,4.538461538461538,36378.png
360,100,3.6,36408.png,336,111,3.027027027027027,36408.png
200,50,4.0,36420.png,276,88,3.1363636363636362,36420.png
400,50,8.0,36437.png,663,56,11.839285714285714,36437.png
120,50,2.4,36478.png,176,93,1.89247311827957,36478.png
600,100,6.0,36539.png,907,59,15.372881355932204,36539.png
200,40,5.0,36630.png,340,51,6.666666666666667,36630.png
360,60,6.0,36679.png,396,93,4.258064516129032,36679.png
360,100,3.6,36766.png,516,106,4.867924528301887,36766.png
500,100,5.0,36793.png,764,53,14.415094339622641,36793.png
360,60,6.0,36843.png,525,89,5.898876404494382,36843.png
400,50,8.0,36849.png,632,89,7.101123595505618,36849.png
320,40,8.0,36910.png,558,49,11.387755102040817,36910.png
360,60,6.0,36924.png,527,92,5.728260869565218,36924.png
360,60,6.0,36937.png,449,93,4.827956989247312,36937.png
360,60,6.0,36952.png,311,94,3.3085106382978724,36952.png
320,40,8.0,3697.png,555,56,9.910714285714286,3697.png
240,40,6.0,36970.png,360,53,6.7924528301886795,36970.png
240,50,4.8,37009.png,352,88,4.0,37009.png
600,100,6.0,37109.png,993,95,10.452631578947368,37109.png
280,40,7.0,37150.png,475,53,8.962264150943396,37150.png
360,60,6.0,37166.png,387,99,3.909090909090909,37166.png
360,60,6.0,3722.png,393,95,4.136842105263158,3722.png
120,50,2.4,37235.png,50,42,1.1904761904761905,37235.png
200,40,5.0,37241.png,343,57,6.017543859649122,37241.png
360,60,6.0,37296.png,416,98,4.244897959183674,37296.png
200,40,5.0,37306.png,304,45,6.7555555555555555,37306.png
280,50,5.6,37315.png,450,87,5.172413793103448,37315.png
360,60,6.0,37360.png,590,106,5.566037735849057,37360.png
360,100,3.6,37380.png,450,108,4.166666666666667,37380.png
320,40,8.0,37486.png,495,63,7.857142857142857,37486.png
400,50,8.0,37685.png,688,53,12.981132075471699,37685.png
360,60,6.0,37728.png,614,84,7.309523809523809,37728.png
360,40,9.0,37736.png,623,69,9.028985507246377,37736.png
360,60,6.0,37757.png,611,98,6.23469387755102,37757.png
240,40,6.0,37832.png,357,52,6.865384615384615,37832.png
500,100,5.0,37917.png,792,49,16.163265306122447,37917.png
320,40,8.0,37972.png,507,60,8.45,37972.png
360,60,6.0,37997.png,552,102,5.411764705882353,37997.png
120,50,2.4,38000.png,188,57,3.2982456140350878,38000.png
160,40,4.0,3809.png,255,56,4.553571428571429,3809.png
800,100,8.0,3816.png,1175,53,22.169811320754718,3816.png
500,100,5.0,38202.png,721,87,8.28735632183908,38202.png
360,60,6.0,38248.png,379,88,4.306818181818182,38248.png
360,100,3.6,38252.png,372,104,3.576923076923077,38252.png
360,60,6.0,38418.png,380,103,3.6893203883495147,38418.png
360,100,3.6,38440.png,303,99,3.0606060606060606,38440.png
320,40,8.0,38443.png,542,58,9.344827586206897,38443.png
240,50,4.8,38461.png,350,88,3.977272727272727,38461.png
600,100,6.0,38500.png,854,94,9.085106382978724,38500.png
320,50,6.4,38550.png,547,87,6.287356321839081,38550.png
280,40,7.0,38601.png,462,56,8.25,38601.png
280,50,5.6,38625.png,453,79,5.734177215189874,38625.png
160,40,4.0,3864.png,264,53,4.981132075471698,3864.png
120,50,2.4,38705.png,119,49,2.4285714285714284,38705.png
360,60,6.0,3871.png,163,88,1.8522727272727273,3871.png
500,100,5.0,38713.png,796,96,8.291666666666666,38713.png
800,100,8.0,38743.png,1095,56,19.553571428571427,38743.png
240,40,6.0,38797.png,393,59,6.661016949152542,38797.png
360,60,6.0,38864.png,168,86,1.9534883720930232,38864.png
360,40,9.0,38874.png,588,56,10.5,38874.png
160,40,4.0,38877.png,265,53,5.0,38877.png
120,50,2.4,38932.png,125,48,2.6041666666666665,38932.png
200,50,4.0,38974.png,325,88,3.6931818181818183,38974.png
360,100,3.6,39117.png,298,101,2.9504950495049505,39117.png
200,50,4.0,39121.png,267,88,3.034090909090909,39121.png
120,50,2.4,39233.png,200,48,4.166666666666667,39233.png
360,60,6.0,39336.png,568,94,6.042553191489362,39336.png
360,60,6.0,39364.png,239,93,2.5698924731182795,39364.png
360,100,3.6,39368.png,457,105,4.352380952380952,39368.png
240,40,6.0,39382.png,363,50,7.26,39382.png
360,100,3.6,39389.png,304,100,3.04,39389.png
320,40,8.0,3959.png,508,57,8.912280701754385,3959.png
400,50,8.0,39596.png,664,58,11.448275862068966,39596.png
320,50,6.4,39612.png,515,64,8.046875,39612.png
280,40,7.0,3962.png,454,63,7.2063492063492065,3962.png
120,50,2.4,39629.png,181,58,3.1206896551724137,39629.png
360,60,6.0,39689.png,565,88,6.420454545454546,39689.png
600,100,6.0,3969.png,901,88,10.238636363636363,3969.png
200,40,5.0,39693.png,333,58,5.741379310344827,39693.png
120,50,2.4,39778.png,159,88,1.8068181818181819,39778.png
360,60,6.0,39790.png,185,97,1.907216494845361,39790.png
360,60,6.0,39901.png,420,91,4.615384615384615,39901.png
200,40,5.0,39918.png,321,56,5.732142857142857,39918.png
280,40,7.0,40018.png,493,54,9.12962962962963,40018.png
280,40,7.0,40067.png,427,53,8.056603773584905,40067.png
320,40,8.0,40107.png,527,54,9.75925925925926,40107.png
500,100,5.0,40124.png,787,56,14.053571428571429,40124.png
360,60,6.0,40132.png,396,105,3.7714285714285714,40132.png
360,40,9.0,40188.png,570,50,11.4,40188.png
360,60,6.0,40225.png,172,97,1.7731958762886597,40225.png
500,100,5.0,40226.png,690,87,7.931034482758621,40226.png
320,40,8.0,40308.png,469,63,7.444444444444445,40308.png
360,60,6.0,40369.png,191,94,2.0319148936170213,40369.png
160,40,4.0,40448.png,259,56,4.625,40448.png
400,50,8.0,40474.png,649,54,12.018518518518519,40474.png
360,60,6.0,40482.png,492,91,5.406593406593407,40482.png
500,100,5.0,40529.png,825,88,9.375,40529.png
120,50,2.4,4053.png,202,87,2.32183908045977,4053.png
240,40,6.0,40540.png,353,54,6.537037037037037,40540.png
360,60,6.0,40544.png,358,95,3.768421052631579,40544.png
280,50,5.6,40638.png,484,87,5.563218390804598,40638.png
240,50,4.8,4073.png,380,88,4.318181818181818,4073.png
200,40,5.0,40733.png,293,53,5.528301886792453,40733.png
360,100,3.6,40759.png,363,115,3.1565217391304348,40759.png
200,40,5.0,4076.png,352,58,6.068965517241379,4076.png
360,60,6.0,40769.png,621,103,6.029126213592233,40769.png
200,40,5.0,40830.png,298,57,5.228070175438597,40830.png
200,50,4.0,40837.png,252,87,2.896551724137931,40837.png
200,50,4.0,40883.png,284,87,3.264367816091954,40883.png
360,100,3.6,40899.png,446,116,3.8448275862068964,40899.png
160,40,4.0,409.png,222,59,3.76271186440678,409.png
280,50,5.6,40908.png,436,88,4.954545454545454,40908.png
500,100,5.0,40925.png,764,53,14.415094339622641,40925.png
200,50,4.0,40955.png,306,87,3.5172413793103448,40955.png
500,100,5.0,40959.png,782,87,8.988505747126437,40959.png
360,60,6.0,41078.png,472,101,4.673267326732673,41078.png
360,60,6.0,4109.png,366,101,3.623762376237624,4109.png
360,60,6.0,41096.png,351,93,3.774193548387097,41096.png
200,50,4.0,4118.png,271,89,3.044943820224719,4118.png
320,50,6.4,41181.png,542,81,6.691358024691358,41181.png
360,60,6.0,41186.png,285,94,3.0319148936170213,41186.png
320,40,8.0,41199.png,516,58,8.89655172413793,41199.png
240,40,6.0,41229.png,389,56,6.946428571428571,41229.png
800,100,8.0,41403.png,1102,57,19.333333333333332,41403.png
400,50,8.0,41404.png,648,56,11.571428571428571,41404.png
360,60,6.0,41411.png,253,97,2.6082474226804124,41411.png
360,60,6.0,41421.png,334,88,3.7954545454545454,41421.png
400,160,2.5,41486.png,643,96,6.697916666666667,41486.png
360,60,6.0,41509.png,274,97,2.8247422680412373,41509.png
500,100,5.0,41564.png,806,81,9.950617283950617,41564.png
360,60,6.0,41600.png,436,99,4.404040404040404,41600.png
360,60,6.0,41740.png,336,102,3.2941176470588234,41740.png
360,60,6.0,41820.png,472,94,5.0212765957446805,41820.png
400,50,8.0,41829.png,664,61,10.885245901639344,41829.png
600,100,6.0,41926.png,942,109,8.642201834862385,41926.png
600,100,6.0,42026.png,1009,101,9.990099009900991,42026.png
240,40,6.0,42073.png,392,55,7.127272727272727,42073.png
280,40,7.0,42084.png,444,62,7.161290322580645,42084.png
160,40,4.0,42154.png,246,62,3.967741935483871,42154.png
240,40,6.0,42164.png,400,59,6.779661016949152,42164.png
200,50,4.0,42210.png,322,88,3.659090909090909,42210.png
500,100,5.0,42256.png,852,101,8.435643564356436,42256.png
600,100,6.0,42290.png,1038,88,11.795454545454545,42290.png
160,40,4.0,42391.png,220,57,3.8596491228070176,42391.png
280,50,5.6,42408.png,459,87,5.275862068965517,42408.png
240,50,4.8,42512.png,354,88,4.0227272727272725,42512.png
600,100,6.0,42555.png,957,106,9.028301886792454,42555.png
360,60,6.0,42599.png,214,90,2.3777777777777778,42599.png
360,60,6.0,42672.png,273,93,2.935483870967742,42672.png
200,50,4.0,42678.png,299,92,3.25,42678.png
200,40,5.0,42735.png,302,55,5.490909090909091,42735.png
240,50,4.8,42770.png,365,88,4.1477272727272725,42770.png
360,60,6.0,42873.png,458,101,4.534653465346534,42873.png
320,40,8.0,42880.png,525,49,10.714285714285714,42880.png
400,50,8.0,42925.png,626,94,6.659574468085107,42925.png
160,40,4.0,42981.png,281,57,4.9298245614035086,42981.png
360,60,6.0,43016.png,497,99,5.02020202020202,43016.png
360,60,6.0,43066.png,416,93,4.473118279569892,43066.png
320,40,8.0,43100.png,518,55,9.418181818181818,43100.png
120,50,2.4,43150.png,110,53,2.0754716981132075,43150.png
400,50,8.0,43284.png,671,56,11.982142857142858,43284.png
320,50,6.4,43295.png,505,88,5.738636363636363,43295.png
120,50,2.4,43358.png,199,94,2.117021276595745,43358.png
240,50,4.8,43407.png,366,79,4.632911392405063,43407.png
360,60,6.0,43471.png,398,93,4.279569892473118,43471.png
500,100,5.0,43606.png,756,53,14.264150943396226,43606.png
320,40,8.0,43688.png,537,54,9.944444444444445,43688.png
360,100,3.6,43702.png,434,101,4.297029702970297,43702.png
360,100,3.6,43853.png,475,105,4.523809523809524,43853.png
360,60,6.0,43892.png,395,95,4.157894736842105,43892.png
240,40,6.0,43923.png,374,63,5.936507936507937,43923.png
500,100,5.0,44033.png,851,87,9.781609195402298,44033.png
280,40,7.0,44079.png,459,58,7.913793103448276,44079.png
240,50,4.8,44081.png,410,87,4.712643678160919,44081.png
360,100,3.6,44133.png,268,105,2.552380952380952,44133.png
200,40,5.0,44164.png,304,57,5.333333333333333,44164.png
160,40,4.0,44167.png,273,56,4.875,44167.png
280,40,7.0,44169.png,426,61,6.983606557377049,44169.png
280,40,7.0,44181.png,455,54,8.425925925925926,44181.png
160,40,4.0,44183.png,216,54,4.0,44183.png
360,60,6.0,44227.png,213,96,2.21875,44227.png
200,40,5.0,44255.png,301,69,4.36231884057971,44255.png
360,60,6.0,44316.png,316,96,3.2916666666666665,44316.png
360,60,6.0,44332.png,337,87,3.8735632183908044,44332.png
360,60,6.0,44346.png,332,96,3.4583333333333335,44346.png
360,100,3.6,44395.png,253,101,2.504950495049505,44395.png
600,100,6.0,44433.png,816,92,8.869565217391305,44433.png
600,100,6.0,44449.png,925,56,16.517857142857142,44449.png
500,100,5.0,44476.png,804,56,14.357142857142858,44476.png
200,40,5.0,445.png,281,57,4.9298245614035086,445.png
320,40,8.0,44524.png,530,57,9.298245614035087,44524.png
400,50,8.0,44536.png,653,58,11.258620689655173,44536.png
500,100,5.0,44559.png,775,56,13.839285714285714,44559.png
360,60,6.0,44574.png,244,93,2.6236559139784945,44574.png
240,40,6.0,44604.png,394,53,7.433962264150943,44604.png
360,60,6.0,44637.png,256,94,2.723404255319149,44637.png
120,50,2.4,44754.png,155,87,1.7816091954022988,44754.png
200,50,4.0,44800.png,334,88,3.7954545454545454,44800.png
360,50,7.2,44809.png,618,87,7.103448275862069,44809.png
360,60,6.0,44906.png,226,100,2.26,44906.png
200,50,4.0,44907.png,338,88,3.840909090909091,44907.png
240,40,6.0,44911.png,390,57,6.842105263157895,44911.png
240,50,4.8,44958.png,388,95,4.08421052631579,44958.png
160,40,4.0,4507.png,278,69,4.028985507246377,4507.png
360,100,3.6,45075.png,224,108,2.074074074074074,45075.png
120,50,2.4,45115.png,144,62,2.3225806451612905,45115.png
160,40,4.0,45185.png,263,62,4.241935483870968,45185.png
360,60,6.0,45193.png,400,99,4.040404040404041,45193.png
360,60,6.0,45195.png,473,95,4.978947368421053,45195.png
200,40,5.0,45211.png,330,54,6.111111111111111,45211.png
200,50,4.0,45225.png,273,87,3.1379310344827585,45225.png
240,40,6.0,45278.png,375,54,6.944444444444445,45278.png
400,50,8.0,45312.png,697,61,11.426229508196721,45312.png
120,50,2.4,45392.png,34,43,0.7906976744186046,45392.png
120,50,2.4,45487.png,185,57,3.245614035087719,45487.png
160,40,4.0,455.png,276,61,4.524590163934426,455.png
280,40,7.0,45516.png,480,56,8.571428571428571,45516.png
500,100,5.0,45529.png,784,89,8.808988764044944,45529.png
500,100,5.0,45550.png,754,72,10.472222222222221,45550.png
360,60,6.0,45580.png,302,94,3.2127659574468086,45580.png
200,40,5.0,45586.png,342,61,5.60655737704918,45586.png
400,50,8.0,45602.png,695,49,14.183673469387756,45602.png
120,50,2.4,45733.png,158,88,1.7954545454545454,45733.png
360,100,3.6,45734.png,238,106,2.2452830188679247,45734.png
360,60,6.0,4578.png,184,96,1.9166666666666667,4578.png
600,100,6.0,45808.png,909,57,15.947368421052632,45808.png
360,60,6.0,4582.png,295,101,2.9207920792079207,4582.png
360,60,6.0,45847.png,411,102,4.029411764705882,45847.png
360,60,6.0,45862.png,299,102,2.9313725490196076,45862.png
500,100,5.0,45879.png,740,102,7.254901960784314,45879.png
360,100,3.6,45881.png,329,102,3.2254901960784315,45881.png
240,50,4.8,4594.png,387,90,4.3,4594.png
360,60,6.0,45955.png,399,99,4.03030303030303,45955.png
280,50,5.6,46037.png,420,88,4.7727272727272725,46037.png
360,60,6.0,46044.png,543,101,5.376237623762377,46044.png
200,40,5.0,46065.png,314,57,5.508771929824562,46065.png
500,100,5.0,46115.png,843,79,10.670886075949367,46115.png
120,50,2.4,4613.png,197,57,3.456140350877193,4613.png
280,40,7.0,46155.png,491,57,8.614035087719298,46155.png
600,100,6.0,4618.png,929,56,16.589285714285715,4618.png
360,60,6.0,46189.png,436,104,4.1923076923076925,46189.png
160,40,4.0,46204.png,230,69,3.3333333333333335,46204.png
360,60,6.0,46235.png,190,95,2.0,46235.png
240,50,4.8,46312.png,408,87,4.689655172413793,46312.png
500,100,5.0,46441.png,765,53,14.433962264150944,46441.png
280,50,5.6,46447.png,468,87,5.379310344827586,46447.png
400,50,8.0,46554.png,657,55,11.945454545454545,46554.png
500,100,5.0,46570.png,856,53,16.150943396226417,46570.png
360,100,3.6,46658.png,222,108,2.0555555555555554,46658.png
360,60,6.0,4668.png,207,91,2.2747252747252746,4668.png
360,60,6.0,46706.png,455,92,4.945652173913044,46706.png
360,60,6.0,46777.png,395,89,4.438202247191011,46777.png
240,40,6.0,46789.png,420,59,7.11864406779661,46789.png
500,100,5.0,46797.png,743,59,12.59322033898305,46797.png
160,40,4.0,46868.png,270,61,4.426229508196721,46868.png
500,100,5.0,46890.png,830,56,14.821428571428571,46890.png
280,40,7.0,46895.png,446,27,16.51851851851852,46895.png
320,50,6.4,4701.png,487,85,5.729411764705882,4701.png
360,60,6.0,47041.png,160,98,1.6326530612244898,47041.png
360,60,6.0,47140.png,296,105,2.8190476190476192,47140.png
360,100,3.6,47208.png,313,104,3.0096153846153846,47208.png
360,100,3.6,47259.png,433,104,4.163461538461538,47259.png
280,40,7.0,47287.png,478,53,9.018867924528301,47287.png
400,50,8.0,47337.png,660,53,12.452830188679245,47337.png
200,40,5.0,47350.png,320,53,6.037735849056604,47350.png
200,50,4.0,47386.png,308,88,3.5,47386.png
400,50,8.0,47406.png,627,57,11.0,47406.png
240,40,6.0,47441.png,367,57,6.43859649122807,47441.png
200,50,4.0,47560.png,336,94,3.574468085106383,47560.png
360,60,6.0,47614.png,314,105,2.9904761904761905,47614.png
360,60,6.0,47633.png,310,92,3.369565217391304,47633.png
240,50,4.8,47641.png,375,88,4.261363636363637,47641.png
500,100,5.0,47726.png,730,57,12.807017543859649,47726.png
400,50,8.0,47756.png,644,88,7.318181818181818,47756.png
360,60,6.0,47796.png,259,100,2.59,47796.png
120,50,2.4,4786.png,196,50,3.92,4786.png
200,50,4.0,47996.png,302,88,3.4318181818181817,47996.png
200,50,4.0,48025.png,284,93,3.053763440860215,48025.png
360,50,7.2,48095.png,626,88,7.113636363636363,48095.png
360,100,3.6,48178.png,261,105,2.4857142857142858,48178.png
360,60,6.0,48279.png,361,92,3.9239130434782608,48279.png
200,50,4.0,48307.png,296,81,3.654320987654321,48307.png
360,60,6.0,4831.png,350,96,3.6458333333333335,4831.png
240,40,6.0,48342.png,375,61,6.147540983606557,48342.png
360,100,3.6,48362.png,291,103,2.825242718446602,48362.png
360,100,3.6,48395.png,402,106,3.792452830188679,48395.png
240,40,6.0,484.png,373,57,6.543859649122807,484.png
160,40,4.0,48416.png,219,58,3.7758620689655173,48416.png
500,100,5.0,48491.png,736,90,8.177777777777777,48491.png
600,100,6.0,48615.png,1007,106,9.5,48615.png
240,40,6.0,48634.png,363,53,6.849056603773585,48634.png
240,40,6.0,48768.png,381,50,7.62,48768.png
200,50,4.0,48775.png,342,87,3.9310344827586206,48775.png
160,40,4.0,48787.png,228,57,4.0,48787.png
500,100,5.0,4881.png,718,87,8.25287356321839,4881.png
240,40,6.0,48826.png,389,54,7.203703703703703,48826.png
280,40,7.0,48884.png,473,69,6.855072463768116,48884.png
360,60,6.0,49015.png,294,101,2.910891089108911,49015.png
200,50,4.0,49016.png,296,87,3.4022988505747125,49016.png
320,40,8.0,49066.png,535,64,8.359375,49066.png
400,50,8.0,49081.png,668,56,11.928571428571429,49081.png
240,40,6.0,49089.png,389,53,7.339622641509434,49089.png
240,40,6.0,49120.png,392,52,7.538461538461538,49120.png
360,60,6.0,49124.png,304,99,3.0707070707070705,49124.png
360,100,3.6,492.png,583,99,5.888888888888889,492.png
120,50,2.4,49205.png,164,49,3.3469387755102042,49205.png
200,50,4.0,49255.png,316,88,3.590909090909091,49255.png
280,40,7.0,49266.png,468,57,8.210526315789474,49266.png
120,50,2.4,49295.png,176,63,2.7936507936507935,49295.png
360,100,3.6,49300.png,454,102,4.450980392156863,49300.png
240,40,6.0,49324.png,371,54,6.87037037037037,49324.png
240,50,4.8,4940.png,362,89,4.067415730337078,4940.png
600,100,6.0,49434.png,899,105,8.561904761904762,49434.png
200,40,5.0,4947.png,292,53,5.509433962264151,4947.png
360,60,6.0,4958.png,457,105,4.352380952380952,4958.png
160,40,4.0,4960.png,242,69,3.5072463768115942,4960.png
360,60,6.0,4965.png,235,99,2.3737373737373737,4965.png
160,40,4.0,49651.png,282,55,5.127272727272727,49651.png
360,100,3.6,49654.png,267,100,2.67,49654.png
320,50,6.4,4966.png,502,87,5.7701149425287355,4966.png
600,100,6.0,49791.png,928,56,16.571428571428573,49791.png
360,60,6.0,49809.png,563,96,5.864583333333333,49809.png
200,40,5.0,4981.png,294,58,5.068965517241379,4981.png
360,60,6.0,49811.png,184,99,1.8585858585858586,49811.png
280,40,7.0,49823.png,483,50,9.66,49823.png
360,60,6.0,49839.png,520,93,5.591397849462366,49839.png
240,40,6.0,49910.png,358,56,6.392857142857143,49910.png
160,40,4.0,49945.png,228,45,5.066666666666666,49945.png
320,40,8.0,49964.png,552,57,9.68421052631579,49964.png
360,60,6.0,49968.png,282,86,3.2790697674418605,49968.png
240,40,6.0,49991.png,371,63,5.888888888888889,49991.png
360,60,6.0,50022.png,296,93,3.182795698924731,50022.png
500,100,5.0,50081.png,812,56,14.5,50081.png
360,60,6.0,50110.png,243,101,2.405940594059406,50110.png
200,40,5.0,50158.png,340,57,5.964912280701754,50158.png
500,100,5.0,50160.png,771,56,13.767857142857142,50160.png
240,40,6.0,50288.png,424,57,7.43859649122807,50288.png
240,40,6.0,50316.png,365,57,6.4035087719298245,50316.png
120,50,2.4,50392.png,184,53,3.4716981132075473,50392.png
360,60,6.0,50405.png,316,99,3.191919191919192,50405.png
280,40,7.0,50448.png,463,48,9.645833333333334,50448.png
320,40,8.0,5058.png,534,64,8.34375,5058.png
200,50,4.0,50625.png,305,89,3.4269662921348316,50625.png
360,60,6.0,50768.png,286,99,2.888888888888889,50768.png
200,40,5.0,50780.png,324,59,5.491525423728813,50780.png
360,60,6.0,50820.png,266,98,2.7142857142857144,50820.png
120,50,2.4,50838.png,112,44,2.5454545454545454,50838.png
400,160,2.5,50885.png,667,104,6.413461538461538,50885.png
360,100,3.6,50978.png,374,101,3.702970297029703,50978.png
120,50,2.4,51039.png,194,80,2.425,51039.png
360,40,9.0,5112.png,613,59,10.389830508474576,5112.png
360,60,6.0,51140.png,241,94,2.5638297872340425,51140.png
360,40,9.0,51357.png,624,53,11.773584905660377,51357.png
400,160,2.5,51398.png,658,88,7.4772727272727275,51398.png
400,160,2.5,51413.png,641,113,5.672566371681416,51413.png
360,60,6.0,51443.png,307,99,3.101010101010101,51443.png
360,60,6.0,51449.png,236,96,2.4583333333333335,51449.png
240,40,6.0,51507.png,378,57,6.631578947368421,51507.png
360,60,6.0,51523.png,591,99,5.96969696969697,51523.png
320,40,8.0,51589.png,563,52,10.826923076923077,51589.png
360,60,6.0,51718.png,306,99,3.090909090909091,51718.png
320,40,8.0,51938.png,537,56,9.589285714285714,51938.png
360,60,6.0,51991.png,340,100,3.4,51991.png
120,50,2.4,5204.png,98,53,1.849056603773585,5204.png
500,100,5.0,52046.png,766,99,7.737373737373737,52046.png
200,50,4.0,52089.png,249,88,2.8295454545454546,52089.png
360,60,6.0,52100.png,561,99,5.666666666666667,52100.png
120,50,2.4,52110.png,216,40,5.4,52110.png
400,50,8.0,52144.png,665,56,11.875,52144.png
240,40,6.0,52181.png,364,51,7.137254901960785,52181.png
500,100,5.0,52244.png,754,53,14.226415094339623,52244.png
320,40,8.0,52250.png,539,53,10.169811320754716,52250.png
320,40,8.0,52280.png,533,53,10.056603773584905,52280.png
360,60,6.0,52384.png,152,89,1.7078651685393258,52384.png
120,50,2.4,52402.png,162,87,1.8620689655172413,52402.png
360,60,6.0,52457.png,304,99,3.0707070707070705,52457.png
160,40,4.0,52458.png,269,53,5.0754716981132075,52458.png
500,100,5.0,52516.png,822,87,9.448275862068966,52516.png
500,100,5.0,52559.png,869,53,16.39622641509434,52559.png
360,50,7.2,5256.png,564,80,7.05,5256.png
280,40,7.0,5257.png,442,53,8.339622641509434,5257.png
240,40,6.0,52596.png,388,50,7.76,52596.png
400,50,8.0,5262.png,696,54,12.88888888888889,5262.png
120,50,2.4,52660.png,155,54,2.8703703703703702,52660.png
200,50,4.0,52671.png,260,87,2.9885057471264367,52671.png
600,100,6.0,52695.png,883,87,10.149425287356323,52695.png
200,40,5.0,52722.png,302,62,4.870967741935484,52722.png
280,40,7.0,52762.png,447,56,7.982142857142857,52762.png
400,50,8.0,52777.png,674,56,12.035714285714286,52777.png
360,60,6.0,52821.png,426,93,4.580645161290323,52821.png
240,50,4.8,5283.png,396,87,4.551724137931035,5283.png
160,40,4.0,52886.png,272,56,4.857142857142857,52886.png
801,31,25.838709677419356,52932.png,1184,56,21.142857142857142,52932.png
120,50,2.4,53102.png,164,87,1.8850574712643677,53102.png
240,40,6.0,53157.png,417,53,7.867924528301887,53157.png
240,40,6.0,53172.png,395,56,7.053571428571429,53172.png
400,50,8.0,53177.png,638,53,12.037735849056604,53177.png
500,100,5.0,53258.png,747,56,13.339285714285714,53258.png
320,40,8.0,5328.png,502,54,9.296296296296296,5328.png
280,50,5.6,53291.png,435,87,5.0,53291.png
360,100,3.6,53356.png,592,111,5.333333333333333,53356.png
200,40,5.0,53360.png,336,44,7.636363636363637,53360.png
360,60,6.0,53375.png,622,101,6.158415841584159,53375.png
400,50,8.0,53423.png,640,65,9.846153846153847,53423.png
200,50,4.0,5346.png,242,87,2.781609195402299,5346.png
500,100,5.0,53499.png,780,49,15.918367346938776,53499.png
120,50,2.4,53579.png,50,42,1.1904761904761905,53579.png
160,40,4.0,53597.png,234,57,4.105263157894737,53597.png
200,50,4.0,5371.png,257,78,3.2948717948717947,5371.png
280,40,7.0,53736.png,476,57,8.350877192982455,53736.png
160,40,4.0,53861.png,239,56,4.267857142857143,53861.png
360,60,6.0,53881.png,595,108,5.5092592592592595,53881.png
200,40,5.0,53889.png,297,59,5.033898305084746,53889.png
360,60,6.0,53896.png,534,98,5.448979591836735,53896.png
280,40,7.0,539.png,453,56,8.089285714285714,539.png
280,40,7.0,53930.png,453,53,8.547169811320755,53930.png
280,40,7.0,54027.png,493,54,9.12962962962963,54027.png
360,60,6.0,54041.png,340,90,3.7777777777777777,54041.png
360,60,6.0,54216.png,362,98,3.693877551020408,54216.png
360,100,3.6,54249.png,509,105,4.847619047619047,54249.png
360,60,6.0,54349.png,437,98,4.459183673469388,54349.png
360,60,6.0,54362.png,208,96,2.1666666666666665,54362.png
200,50,4.0,54442.png,276,87,3.1724137931034484,54442.png
360,60,6.0,54479.png,333,93,3.5806451612903225,54479.png
600,100,6.0,54521.png,946,52,18.192307692307693,54521.png
200,40,5.0,54646.png,321,56,5.732142857142857,54646.png
360,60,6.0,54664.png,439,99,4.434343434343434,54664.png
200,50,4.0,54703.png,272,86,3.1627906976744184,54703.png
360,60,6.0,54705.png,288,98,2.938775510204082,54705.png
200,40,5.0,54729.png,293,56,5.232142857142857,54729.png
360,60,6.0,54755.png,253,98,2.5816326530612246,54755.png
360,60,6.0,54758.png,285,99,2.878787878787879,54758.png
280,40,7.0,54802.png,480,57,8.421052631578947,54802.png
360,60,6.0,54810.png,381,87,4.379310344827586,54810.png
360,40,9.0,54836.png,616,60,10.266666666666667,54836.png
360,60,6.0,54839.png,580,98,5.918367346938775,54839.png
320,50,6.4,54857.png,540,88,6.136363636363637,54857.png
280,40,7.0,54860.png,482,57,8.456140350877194,54860.png
360,40,9.0,54998.png,596,58,10.275862068965518,54998.png
360,60,6.0,55021.png,194,96,2.0208333333333335,55021.png
360,60,6.0,55040.png,472,81,5.827160493827161,55040.png
360,60,6.0,55104.png,279,95,2.9368421052631577,55104.png
200,50,4.0,55131.png,321,94,3.4148936170212765,55131.png
500,100,5.0,55156.png,752,65,11.569230769230769,55156.png
160,40,4.0,5519.png,258,53,4.867924528301887,5519.png
120,50,2.4,55214.png,49,43,1.1395348837209303,55214.png
360,60,6.0,55373.png,573,98,5.846938775510204,55373.png
800,100,8.0,5543.png,1192,53,22.49056603773585,5543.png
280,40,7.0,55442.png,442,53,8.339622641509434,55442.png
600,100,6.0,55463.png,886,54,16.40740740740741,55463.png
360,100,3.6,55495.png,600,109,5.504587155963303,55495.png
200,40,5.0,55529.png,339,56,6.053571428571429,55529.png
360,60,6.0,55582.png,269,99,2.717171717171717,55582.png
600,100,6.0,55628.png,935,87,10.74712643678161,55628.png
360,60,6.0,55734.png,381,101,3.772277227722772,55734.png
120,50,2.4,55738.png,192,63,3.0476190476190474,55738.png
200,40,5.0,55741.png,326,49,6.653061224489796,55741.png
500,100,5.0,55878.png,738,53,13.924528301886792,55878.png
400,50,8.0,55959.png,671,62,10.82258064516129,55959.png
400,50,8.0,55965.png,642,71,9.04225352112676,55965.png
240,40,6.0,55986.png,414,57,7.2631578947368425,55986.png
360,60,6.0,56022.png,548,93,5.89247311827957,56022.png
360,50,7.2,56036.png,614,87,7.057471264367816,56036.png
360,50,7.2,56094.png,616,87,7.080459770114943,56094.png
360,60,6.0,5610.png,372,99,3.757575757575758,5610.png
160,40,4.0,56159.png,237,57,4.157894736842105,56159.png
280,40,7.0,5618.png,424,70,6.057142857142857,5618.png
400,160,2.5,56277.png,652,96,6.791666666666667,56277.png
360,60,6.0,56357.png,344,99,3.474747474747475,56357.png
360,60,6.0,56359.png,437,94,4.648936170212766,56359.png
200,50,4.0,56377.png,342,88,3.8863636363636362,56377.png
360,60,6.0,56425.png,593,107,5.542056074766355,56425.png
120,50,2.4,56441.png,98,50,1.96,56441.png
800,100,8.0,56452.png,1083,53,20.433962264150942,56452.png
500,100,5.0,56462.png,710,108,6.574074074074074,56462.png
240,50,4.8,56557.png,383,87,4.402298850574713,56557.png
360,60,6.0,5658.png,530,98,5.408163265306122,5658.png
240,40,6.0,56722.png,363,61,5.950819672131147,56722.png
120,50,2.4,56728.png,172,49,3.510204081632653,56728.png
360,60,6.0,56745.png,419,101,4.148514851485149,56745.png
280,40,7.0,56837.png,441,57,7.7368421052631575,56837.png
360,60,6.0,56915.png,418,84,4.976190476190476,56915.png
360,100,3.6,56943.png,142,120,1.1833333333333333,56943.png
160,40,4.0,56949.png,220,53,4.150943396226415,56949.png
160,40,4.0,56980.png,284,53,5.3584905660377355,56980.png
360,40,9.0,56984.png,612,56,10.928571428571429,56984.png
120,50,2.4,56995.png,124,53,2.339622641509434,56995.png
400,50,8.0,57032.png,679,53,12.81132075471698,57032.png
200,50,4.0,57034.png,343,89,3.853932584269663,57034.png
160,40,4.0,57096.png,228,59,3.864406779661017,57096.png
360,60,6.0,57127.png,538,101,5.326732673267327,57127.png
360,60,6.0,57167.png,533,100,5.33,57167.png
360,60,6.0,57171.png,572,93,6.150537634408602,57171.png
360,100,3.6,57187.png,228,105,2.1714285714285713,57187.png
320,40,8.0,57241.png,541,57,9.491228070175438,57241.png
200,40,5.0,57267.png,314,53,5.9245283018867925,57267.png
200,50,4.0,57294.png,297,94,3.1595744680851063,57294.png
200,40,5.0,57369.png,292,57,5.12280701754386,57369.png
120,50,2.4,57371.png,167,54,3.0925925925925926,57371.png
240,50,4.8,57414.png,393,88,4.465909090909091,57414.png
200,50,4.0,57422.png,311,87,3.574712643678161,57422.png
500,100,5.0,57522.png,724,104,6.961538461538462,57522.png
280,50,5.6,57586.png,480,87,5.517241379310345,57586.png
360,60,6.0,57600.png,324,96,3.375,57600.png
320,40,8.0,57605.png,548,53,10.339622641509434,57605.png
360,60,6.0,57650.png,402,88,4.568181818181818,57650.png
200,50,4.0,5775.png,232,89,2.606741573033708,5775.png
240,40,6.0,57762.png,405,57,7.105263157894737,57762.png
280,40,7.0,57775.png,451,59,7.6440677966101696,57775.png
240,40,6.0,578.png,412,54,7.62962962962963,578.png
200,40,5.0,57848.png,299,57,5.245614035087719,57848.png
500,100,5.0,57893.png,735,58,12.672413793103448,57893.png
500,100,5.0,5790.png,793,59,13.440677966101696,5790.png
160,40,4.0,57936.png,248,49,5.061224489795919,57936.png
200,40,5.0,5798.png,313,62,5.048387096774194,5798.png
280,50,5.6,58071.png,469,88,5.329545454545454,58071.png
200,50,4.0,58261.png,261,80,3.2625,58261.png
280,40,7.0,58348.png,421,53,7.943396226415095,58348.png
360,40,9.0,58410.png,568,63,9.015873015873016,58410.png
160,40,4.0,58433.png,235,65,3.6153846153846154,58433.png
160,40,4.0,58470.png,239,57,4.192982456140351,58470.png
360,100,3.6,5850.png,469,108,4.342592592592593,5850.png
120,50,2.4,58508.png,181,51,3.549019607843137,58508.png
320,40,8.0,58641.png,503,57,8.824561403508772,58641.png
240,50,4.8,5869.png,366,92,3.9782608695652173,5869.png
800,100,8.0,58705.png,1065,59,18.050847457627118,58705.png
360,100,3.6,58743.png,228,104,2.1923076923076925,58743.png
320,40,8.0,58826.png,498,53,9.39622641509434,58826.png
360,100,3.6,58837.png,317,110,2.881818181818182,58837.png
500,100,5.0,58908.png,784,54,14.518518518518519,58908.png
360,60,6.0,58929.png,197,94,2.095744680851064,58929.png
360,60,6.0,59004.png,491,96,5.114583333333333,59004.png
360,60,6.0,59087.png,313,97,3.2268041237113403,59087.png
320,50,6.4,59089.png,488,79,6.177215189873418,59089.png
240,40,6.0,59103.png,368,63,5.841269841269841,59103.png
240,40,6.0,59106.png,365,53,6.886792452830188,59106.png
400,160,2.5,59238.png,626,99,6.3232323232323235,59238.png
280,40,7.0,59251.png,477,57,8.368421052631579,59251.png
280,50,5.6,59264.png,430,87,4.942528735632184,59264.png
200,50,4.0,5934.png,317,87,3.6436781609195403,5934.png
200,50,4.0,59353.png,237,87,2.7241379310344827,59353.png
400,50,8.0,59354.png,645,61,10.573770491803279,59354.png
360,60,6.0,59401.png,212,93,2.2795698924731185,59401.png
360,60,6.0,59414.png,216,94,2.297872340425532,59414.png
280,50,5.6,59462.png,468,88,5.318181818181818,59462.png
800,100,8.0,59509.png,1200,56,21.428571428571427,59509.png
360,40,9.0,59537.png,630,63,10.0,59537.png
280,40,7.0,59553.png,458,59,7.762711864406779,59553.png
320,40,8.0,59585.png,528,57,9.263157894736842,59585.png
200,40,5.0,59597.png,295,62,4.758064516129032,59597.png
120,50,2.4,59625.png,36,50,0.72,59625.png
200,40,5.0,59655.png,346,58,5.9655172413793105,59655.png
200,40,5.0,59660.png,320,57,5.614035087719298,59660.png
360,100,3.6,59742.png,297,104,2.855769230769231,59742.png
280,40,7.0,59767.png,440,56,7.857142857142857,59767.png
400,160,2.5,59918.png,621,102,6.088235294117647,59918.png
320,40,8.0,59930.png,528,53,9.962264150943396,59930.png
500,100,5.0,59955.png,742,116,6.396551724137931,59955.png
120,50,2.4,60004.png,204,80,2.55,60004.png
200,50,4.0,60022.png,228,88,2.590909090909091,60022.png
280,40,7.0,60047.png,455,66,6.893939393939394,60047.png
240,50,4.8,60054.png,371,88,4.215909090909091,60054.png
500,100,5.0,60153.png,840,56,15.0,60153.png
360,100,3.6,60209.png,270,105,2.5714285714285716,60209.png
320,40,8.0,6021.png,527,58,9.086206896551724,6021.png
200,50,4.0,60249.png,329,87,3.781609195402299,60249.png
400,50,8.0,60254.png,617,56,11.017857142857142,60254.png
360,40,9.0,60282.png,607,52,11.673076923076923,60282.png
200,40,5.0,60305.png,349,63,5.5396825396825395,60305.png
360,40,9.0,60325.png,563,57,9.87719298245614,60325.png
120,50,2.4,60398.png,50,42,1.1904761904761905,60398.png
360,60,6.0,60439.png,206,100,2.06,60439.png
500,100,5.0,60446.png,820,56,14.642857142857142,60446.png
500,100,5.0,60453.png,831,58,14.327586206896552,60453.png
320,40,8.0,60472.png,553,58,9.53448275862069,60472.png
240,50,4.8,60557.png,354,87,4.068965517241379,60557.png
280,40,7.0,60605.png,476,58,8.206896551724139,60605.png
360,60,6.0,60625.png,523,91,5.747252747252747,60625.png
280,50,5.6,60651.png,426,87,4.896551724137931,60651.png
360,100,3.6,60680.png,308,106,2.9056603773584904,60680.png
800,100,8.0,60799.png,1093,94,11.627659574468085,60799.png
280,40,7.0,60810.png,429,58,7.396551724137931,60810.png
320,40,8.0,60861.png,528,56,9.428571428571429,60861.png
200,50,4.0,60900.png,250,87,2.8735632183908044,60900.png
360,100,3.6,60948.png,419,108,3.8796296296296298,60948.png
360,60,6.0,6097.png,310,98,3.163265306122449,6097.png
120,50,2.4,61027.png,183,88,2.0795454545454546,61027.png
360,100,3.6,61059.png,386,104,3.7115384615384617,61059.png
360,40,9.0,61062.png,578,56,10.321428571428571,61062.png
360,60,6.0,61116.png,311,93,3.3440860215053765,61116.png
320,40,8.0,61128.png,514,53,9.69811320754717,61128.png
400,50,8.0,61167.png,671,87,7.712643678160919,61167.png
360,60,6.0,61208.png,481,96,5.010416666666667,61208.png
400,50,8.0,61224.png,647,69,9.376811594202898,61224.png
240,40,6.0,61262.png,408,59,6.915254237288136,61262.png
200,50,4.0,61289.png,266,87,3.057471264367816,61289.png
240,40,6.0,61307.png,397,64,6.203125,61307.png
400,50,8.0,61353.png,630,56,11.25,61353.png
320,40,8.0,61360.png,509,64,7.953125,61360.png
320,40,8.0,61393.png,544,58,9.379310344827585,61393.png
200,40,5.0,614.png,317,53,5.981132075471698,614.png
200,50,4.0,61472.png,300,88,3.409090909090909,61472.png
360,60,6.0,61476.png,359,106,3.3867924528301887,61476.png
120,50,2.4,61503.png,201,57,3.526315789473684,61503.png
200,50,4.0,61590.png,300,79,3.7974683544303796,61590.png
360,60,6.0,61604.png,582,98,5.938775510204081,61604.png
360,60,6.0,6168.png,468,105,4.457142857142857,6168.png
240,40,6.0,61755.png,400,53,7.547169811320755,61755.png
360,60,6.0,61835.png,387,104,3.7211538461538463,61835.png
320,40,8.0,61861.png,537,56,9.589285714285714,61861.png
280,40,7.0,61945.png,488,54,9.037037037037036,61945.png
240,40,6.0,62029.png,379,54,7.018518518518518,62029.png
360,60,6.0,62057.png,428,93,4.602150537634409,62057.png
200,40,5.0,62077.png,295,53,5.566037735849057,62077.png
360,60,6.0,62232.png,578,101,5.7227722772277225,62232.png
160,40,4.0,62239.png,252,54,4.666666666666667,62239.png
200,40,5.0,62247.png,336,53,6.339622641509434,62247.png
280,40,7.0,62259.png,447,61,7.327868852459017,62259.png
360,60,6.0,62316.png,199,88,2.2613636363636362,62316.png
600,100,6.0,62345.png,884,104,8.5,62345.png
360,40,9.0,62394.png,603,62,9.725806451612904,62394.png
360,60,6.0,62431.png,218,99,2.202020202020202,62431.png
360,60,6.0,62526.png,477,98,4.86734693877551,62526.png
360,60,6.0,62557.png,379,91,4.164835164835165,62557.png
360,60,6.0,62559.png,311,84,3.7023809523809526,62559.png
360,60,6.0,62563.png,272,93,2.924731182795699,62563.png
500,100,5.0,62647.png,844,89,9.48314606741573,62647.png
360,40,9.0,62656.png,561,60,9.35,62656.png
360,60,6.0,62708.png,389,99,3.9292929292929295,62708.png
360,60,6.0,62900.png,396,89,4.449438202247191,62900.png
240,50,4.8,62915.png,411,87,4.724137931034483,62915.png
800,100,8.0,6292.png,1181,84,14.05952380952381,6292.png
800,100,8.0,6294.png,1154,50,23.08,6294.png
160,40,4.0,6297.png,269,49,5.489795918367347,6297.png
360,60,6.0,63014.png,340,89,3.8202247191011236,63014.png
280,40,7.0,63038.png,480,56,8.571428571428571,63038.png
120,50,2.4,63050.png,50,43,1.1627906976744187,63050.png
320,50,6.4,63071.png,548,92,5.956521739130435,63071.png
360,100,3.6,63083.png,341,99,3.4444444444444446,63083.png
400,50,8.0,63093.png,641,56,11.446428571428571,63093.png
400,50,8.0,6312.png,684,53,12.90566037735849,6312.png
120,50,2.4,6314.png,50,42,1.1904761904761905,6314.png
160,40,4.0,63146.png,217,55,3.9454545454545453,63146.png
200,40,5.0,63154.png,334,56,5.964285714285714,63154.png
240,40,6.0,63156.png,377,57,6.614035087719298,63156.png
360,60,6.0,6319.png,562,98,5.73469387755102,6319.png
360,100,3.6,63191.png,317,105,3.019047619047619,63191.png
160,40,4.0,63192.png,283,49,5.775510204081633,63192.png
320,40,8.0,63203.png,534,56,9.535714285714286,63203.png
360,60,6.0,63280.png,154,87,1.7701149425287357,63280.png
360,40,9.0,63388.png,614,59,10.40677966101695,63388.png
200,50,4.0,63391.png,305,88,3.465909090909091,63391.png
600,100,6.0,6341.png,1027,57,18.017543859649123,6341.png
240,50,4.8,63420.png,387,76,5.092105263157895,63420.png
360,100,3.6,63446.png,559,104,5.375,63446.png
400,50,8.0,63561.png,625,87,7.183908045977011,63561.png
240,40,6.0,63573.png,366,49,7.469387755102041,63573.png
360,40,9.0,636.png,561,58,9.672413793103448,636.png
360,100,3.6,63618.png,318,104,3.0576923076923075,63618.png
200,50,4.0,63630.png,302,88,3.4318181818181817,63630.png
120,50,2.4,63638.png,118,53,2.2264150943396226,63638.png
360,60,6.0,63642.png,241,97,2.484536082474227,63642.png
200,40,5.0,63679.png,362,50,7.24,63679.png
360,40,9.0,63710.png,627,58,10.810344827586206,63710.png
120,50,2.4,6377.png,117,53,2.207547169811321,6377.png
240,50,4.8,63843.png,400,88,4.545454545454546,63843.png
160,40,4.0,63905.png,255,61,4.180327868852459,63905.png
200,50,4.0,63926.png,322,88,3.659090909090909,63926.png
360,40,9.0,63968.png,600,56,10.714285714285714,63968.png
500,100,5.0,6401.png,754,96,7.854166666666667,6401.png
360,60,6.0,64078.png,275,97,2.8350515463917527,64078.png
360,60,6.0,64107.png,457,100,4.57,64107.png
320,40,8.0,64122.png,495,60,8.25,64122.png
500,100,5.0,64126.png,826,57,14.491228070175438,64126.png
320,40,8.0,64153.png,494,70,7.057142857142857,64153.png
360,100,3.6,64207.png,238,104,2.2884615384615383,64207.png
200,40,5.0,6423.png,293,49,5.979591836734694,6423.png
500,100,5.0,64263.png,739,93,7.946236559139785,64263.png
360,60,6.0,64352.png,276,93,2.967741935483871,64352.png
360,100,3.6,64431.png,421,110,3.827272727272727,64431.png
240,50,4.8,64455.png,409,87,4.7011494252873565,64455.png
120,50,2.4,64482.png,167,79,2.1139240506329116,64482.png
200,40,5.0,64493.png,329,56,5.875,64493.png
360,60,6.0,64537.png,486,99,4.909090909090909,64537.png
240,50,4.8,64581.png,407,87,4.67816091954023,64581.png
360,40,9.0,64596.png,576,59,9.76271186440678,64596.png
360,60,6.0,64608.png,254,95,2.6736842105263157,64608.png
160,40,4.0,64642.png,216,52,4.153846153846154,64642.png
240,50,4.8,64658.png,360,87,4.137931034482759,64658.png
360,100,3.6,64692.png,534,116,4.603448275862069,64692.png
360,40,9.0,64797.png,629,69,9.115942028985508,64797.png
360,60,6.0,64856.png,529,93,5.688172043010753,64856.png
360,60,6.0,64927.png,324,100,3.24,64927.png
360,60,6.0,64931.png,210,98,2.142857142857143,64931.png
600,100,6.0,65002.png,967,109,8.871559633027523,65002.png
120,50,2.4,65081.png,159,88,1.8068181818181819,65081.png
120,50,2.4,65232.png,185,86,2.1511627906976742,65232.png
360,60,6.0,6525.png,154,101,1.5247524752475248,6525.png
240,40,6.0,65268.png,397,56,7.089285714285714,65268.png
280,40,7.0,65287.png,421,56,7.517857142857143,65287.png
160,40,4.0,65335.png,280,53,5.283018867924528,65335.png
160,40,4.0,6535.png,226,61,3.7049180327868854,6535.png
360,60,6.0,65381.png,454,94,4.829787234042553,65381.png
280,40,7.0,65393.png,445,51,8.72549019607843,65393.png
200,40,5.0,65421.png,335,69,4.855072463768116,65421.png
240,50,4.8,65614.png,373,69,5.405797101449275,65614.png
200,40,5.0,65683.png,337,47,7.170212765957447,65683.png
280,40,7.0,65736.png,425,54,7.87037037037037,65736.png
160,40,4.0,65779.png,234,62,3.774193548387097,65779.png
320,40,8.0,65856.png,500,49,10.204081632653061,65856.png
360,60,6.0,65932.png,418,104,4.019230769230769,65932.png
200,40,5.0,65978.png,327,57,5.7368421052631575,65978.png
360,60,6.0,66012.png,226,93,2.4301075268817205,66012.png
240,50,4.8,66049.png,405,88,4.6022727272727275,66049.png
500,100,5.0,6607.png,826,104,7.9423076923076925,6607.png
360,60,6.0,66086.png,354,99,3.5757575757575757,66086.png
500,100,5.0,66120.png,802,59,13.59322033898305,66120.png
360,40,9.0,66217.png,585,53,11.037735849056604,66217.png
320,40,8.0,66228.png,500,57,8.771929824561404,66228.png
280,50,5.6,66231.png,443,84,5.273809523809524,66231.png
360,100,3.6,66314.png,410,101,4.0594059405940595,66314.png
320,40,8.0,66389.png,494,59,8.372881355932204,66389.png
360,60,6.0,66482.png,260,88,2.9545454545454546,66482.png
360,60,6.0,66523.png,577,99,5.828282828282828,66523.png
360,60,6.0,66764.png,362,85,4.258823529411765,66764.png
320,40,8.0,66785.png,528,54,9.777777777777779,66785.png
280,40,7.0,66813.png,483,56,8.625,66813.png
240,50,4.8,66832.png,364,87,4.183908045977011,66832.png
240,50,4.8,66849.png,345,86,4.011627906976744,66849.png
240,40,6.0,66850.png,408,53,7.69811320754717,66850.png
120,50,2.4,66860.png,33,42,0.7857142857142857,66860.png
360,60,6.0,66961.png,450,100,4.5,66961.png
240,40,6.0,67039.png,361,50,7.22,67039.png
400,50,8.0,67069.png,643,88,7.306818181818182,67069.png
320,50,6.4,67163.png,505,87,5.804597701149425,67163.png
360,60,6.0,67173.png,294,101,2.910891089108911,67173.png
240,50,4.8,67180.png,396,80,4.95,67180.png
360,60,6.0,67196.png,458,89,5.146067415730337,67196.png
200,50,4.0,67206.png,232,88,2.6363636363636362,67206.png
360,60,6.0,67267.png,350,104,3.3653846153846154,67267.png
360,60,6.0,67328.png,573,93,6.161290322580645,67328.png
360,40,9.0,67329.png,623,56,11.125,67329.png
360,60,6.0,67365.png,548,91,6.021978021978022,67365.png
360,60,6.0,67379.png,202,94,2.148936170212766,67379.png
500,100,5.0,67402.png,760,109,6.972477064220183,67402.png
320,40,8.0,67404.png,502,53,9.471698113207546,67404.png
200,50,4.0,67446.png,321,87,3.689655172413793,67446.png
360,60,6.0,67558.png,454,93,4.881720430107527,67558.png
200,40,5.0,6765.png,324,49,6.612244897959184,6765.png
200,40,5.0,67662.png,317,51,6.215686274509804,67662.png
320,40,8.0,67797.png,545,56,9.732142857142858,67797.png
240,40,6.0,67806.png,348,56,6.214285714285714,67806.png
360,60,6.0,67863.png,488,98,4.979591836734694,67863.png
280,40,7.0,67876.png,454,53,8.566037735849056,67876.png
360,60,6.0,67879.png,603,85,7.094117647058823,67879.png
360,60,6.0,68060.png,357,97,3.6804123711340204,68060.png
160,40,4.0,68108.png,250,56,4.464285714285714,68108.png
240,40,6.0,68148.png,412,63,6.5396825396825395,68148.png
200,40,5.0,68157.png,353,54,6.537037037037037,68157.png
360,60,6.0,6826.png,302,100,3.02,6826.png
280,50,5.6,68433.png,434,87,4.988505747126437,68433.png
360,100,3.6,68439.png,400,99,4.040404040404041,68439.png
500,100,5.0,68523.png,829,116,7.146551724137931,68523.png
360,100,3.6,68529.png,262,104,2.519230769230769,68529.png
360,40,9.0,68550.png,608,53,11.471698113207546,68550.png
360,60,6.0,68623.png,189,103,1.8349514563106797,68623.png
360,40,9.0,68674.png,614,61,10.065573770491802,68674.png
360,50,7.2,68677.png,565,87,6.494252873563219,68677.png
360,60,6.0,6875.png,341,87,3.9195402298850577,6875.png
360,100,3.6,68769.png,457,105,4.352380952380952,68769.png
360,60,6.0,68808.png,291,89,3.269662921348315,68808.png
280,50,5.6,68864.png,446,80,5.575,68864.png
500,100,5.0,68928.png,804,94,8.553191489361701,68928.png
360,100,3.6,68935.png,502,100,5.02,68935.png
200,40,5.0,68984.png,319,53,6.018867924528302,68984.png
160,40,4.0,69009.png,281,49,5.73469387755102,69009.png
360,60,6.0,69013.png,352,98,3.5918367346938775,69013.png
120,50,2.4,69134.png,170,53,3.207547169811321,69134.png
240,40,6.0,69218.png,382,53,7.2075471698113205,69218.png
280,40,7.0,69249.png,486,48,10.125,69249.png
240,40,6.0,69381.png,409,53,7.716981132075472,69381.png
360,60,6.0,69444.png,412,93,4.43010752688172,69444.png
120,50,2.4,69491.png,112,50,2.24,69491.png
360,60,6.0,69498.png,369,83,4.445783132530121,69498.png
160,40,4.0,69502.png,283,58,4.879310344827586,69502.png
240,40,6.0,69504.png,379,62,6.112903225806452,69504.png
200,40,5.0,6953.png,304,81,3.753086419753086,6953.png
280,40,7.0,69609.png,426,53,8.037735849056604,69609.png
280,40,7.0,69623.png,494,62,7.967741935483871,69623.png
400,160,2.5,69703.png,634,105,6.038095238095238,69703.png
360,100,3.6,69753.png,448,103,4.349514563106796,69753.png
280,40,7.0,69756.png,476,53,8.981132075471699,69756.png
280,50,5.6,69761.png,472,87,5.425287356321839,69761.png
360,60,6.0,69811.png,320,99,3.2323232323232323,69811.png
200,40,5.0,69817.png,342,56,6.107142857142857,69817.png
400,50,8.0,69889.png,641,62,10.338709677419354,69889.png
200,40,5.0,69907.png,317,53,5.981132075471698,69907.png
500,100,5.0,69920.png,778,53,14.679245283018869,69920.png
120,50,2.4,69922.png,162,53,3.056603773584906,69922.png
240,40,6.0,69926.png,371,54,6.87037037037037,69926.png
800,100,8.0,6996.png,1095,97,11.288659793814434,6996.png
160,40,4.0,70040.png,248,67,3.701492537313433,70040.png
200,50,4.0,70154.png,299,68,4.397058823529412,70154.png
320,40,8.0,7020.png,500,59,8.474576271186441,7020.png
360,60,6.0,70202.png,361,81,4.45679012345679,70202.png
160,40,4.0,70207.png,265,52,5.096153846153846,70207.png
360,100,3.6,70226.png,319,102,3.127450980392157,70226.png
360,60,6.0,70342.png,351,104,3.375,70342.png
800,100,8.0,70388.png,1161,54,21.5,70388.png
400,50,8.0,70402.png,658,55,11.963636363636363,70402.png
360,60,6.0,7041.png,515,93,5.537634408602151,7041.png
360,50,7.2,70442.png,572,89,6.426966292134831,70442.png
500,100,5.0,70496.png,856,95,9.010526315789473,70496.png
160,40,4.0,70537.png,233,57,4.087719298245614,70537.png
360,100,3.6,70572.png,240,104,2.3076923076923075,70572.png
360,60,6.0,70658.png,350,88,3.977272727272727,70658.png
360,60,6.0,70682.png,252,90,2.8,70682.png
240,40,6.0,70755.png,412,68,6.0588235294117645,70755.png
500,100,5.0,70795.png,707,100,7.07,70795.png
360,60,6.0,70805.png,265,95,2.789473684210526,70805.png
360,40,9.0,7081.png,602,53,11.358490566037736,7081.png
360,60,6.0,70859.png,311,84,3.7023809523809526,70859.png
280,50,5.6,70897.png,434,93,4.666666666666667,70897.png
400,50,8.0,7091.png,677,57,11.87719298245614,7091.png
280,40,7.0,70910.png,468,54,8.666666666666666,70910.png
200,40,5.0,71006.png,298,59,5.0508474576271185,71006.png
360,100,3.6,71039.png,279,100,2.79,71039.png
360,40,9.0,71041.png,630,56,11.25,71041.png
400,50,8.0,71049.png,685,57,12.017543859649123,71049.png
240,40,6.0,7108.png,350,59,5.932203389830509,7108.png
200,50,4.0,71143.png,301,66,4.5606060606060606,71143.png
800,100,8.0,71164.png,1096,56,19.571428571428573,71164.png
360,60,6.0,71165.png,190,99,1.9191919191919191,71165.png
160,40,4.0,71198.png,240,57,4.2105263157894735,71198.png
360,60,6.0,71233.png,281,97,2.8969072164948453,71233.png
400,50,8.0,71249.png,658,57,11.543859649122806,71249.png
120,50,2.4,71265.png,190,88,2.159090909090909,71265.png
400,50,8.0,71317.png,687,56,12.267857142857142,71317.png
360,60,6.0,71468.png,369,101,3.6534653465346536,71468.png
360,40,9.0,7151.png,630,63,10.0,7151.png
500,100,5.0,71512.png,714,53,13.471698113207546,71512.png
500,100,5.0,71576.png,821,56,14.660714285714286,71576.png
280,40,7.0,71613.png,461,48,9.604166666666666,71613.png
320,40,8.0,71642.png,515,54,9.537037037037036,71642.png
160,40,4.0,71724.png,280,56,5.0,71724.png
200,50,4.0,71726.png,258,82,3.1463414634146343,71726.png
360,60,6.0,71778.png,312,88,3.5454545454545454,71778.png
240,50,4.8,71782.png,351,71,4.943661971830986,71782.png
360,50,7.2,71784.png,582,87,6.689655172413793,71784.png
360,60,6.0,71796.png,516,97,5.319587628865979,71796.png
360,60,6.0,71802.png,271,93,2.913978494623656,71802.png
360,60,6.0,71865.png,266,101,2.633663366336634,71865.png
360,40,9.0,71874.png,559,56,9.982142857142858,71874.png
360,40,9.0,7190.png,614,57,10.771929824561404,7190.png
360,100,3.6,71905.png,331,109,3.036697247706422,71905.png
240,50,4.8,7194.png,347,87,3.9885057471264367,7194.png
280,50,5.6,71959.png,471,81,5.814814814814815,71959.png
120,50,2.4,71978.png,194,59,3.288135593220339,71978.png
320,40,8.0,71992.png,523,53,9.867924528301886,71992.png
360,40,9.0,71994.png,623,55,11.327272727272728,71994.png
160,40,4.0,72020.png,243,57,4.2631578947368425,72020.png
200,40,5.0,72051.png,312,56,5.571428571428571,72051.png
360,100,3.6,72092.png,288,108,2.6666666666666665,72092.png
320,40,8.0,72104.png,560,59,9.491525423728813,72104.png
360,60,6.0,72232.png,278,98,2.836734693877551,72232.png
160,40,4.0,72357.png,266,56,4.75,72357.png
360,40,9.0,72374.png,603,54,11.166666666666666,72374.png
360,60,6.0,72424.png,251,103,2.436893203883495,72424.png
200,40,5.0,72438.png,341,58,5.879310344827586,72438.png
500,100,5.0,72464.png,754,53,14.226415094339623,72464.png
360,60,6.0,72543.png,220,100,2.2,72543.png
160,40,4.0,72554.png,239,60,3.9833333333333334,72554.png
200,40,5.0,72566.png,350,53,6.60377358490566,72566.png
360,100,3.6,72571.png,475,102,4.6568627450980395,72571.png
360,60,6.0,72595.png,457,90,5.0777777777777775,72595.png
240,40,6.0,72619.png,367,49,7.489795918367347,72619.png
800,100,8.0,7262.png,1095,53,20.660377358490567,7262.png
360,60,6.0,72624.png,277,94,2.9468085106382977,72624.png
360,60,6.0,72815.png,399,99,4.03030303030303,72815.png
360,60,6.0,72916.png,246,92,2.6739130434782608,72916.png
120,50,2.4,7292.png,196,59,3.3220338983050848,7292.png
360,60,6.0,72937.png,425,99,4.292929292929293,72937.png
240,40,6.0,72938.png,383,53,7.226415094339623,72938.png
280,40,7.0,73087.png,437,58,7.5344827586206895,73087.png
360,40,9.0,73131.png,618,54,11.444444444444445,73131.png
160,40,4.0,73163.png,294,53,5.547169811320755,73163.png
360,60,6.0,73197.png,314,88,3.5681818181818183,73197.png
320,40,8.0,73208.png,548,58,9.448275862068966,73208.png
240,50,4.8,73289.png,412,89,4.629213483146067,73289.png
360,60,6.0,73300.png,479,89,5.382022471910112,73300.png
500,100,5.0,73321.png,761,54,14.092592592592593,73321.png
120,50,2.4,73356.png,137,87,1.5747126436781609,73356.png
200,40,5.0,73470.png,337,54,6.2407407407407405,73470.png
240,40,6.0,73512.png,370,50,7.4,73512.png
360,60,6.0,73628.png,235,90,2.611111111111111,73628.png
360,60,6.0,73640.png,271,96,2.8229166666666665,73640.png
500,100,5.0,73742.png,737,62,11.887096774193548,73742.png
240,40,6.0,73826.png,374,56,6.678571428571429,73826.png
240,40,6.0,73829.png,401,64,6.265625,73829.png
240,40,6.0,73899.png,408,57,7.157894736842105,73899.png
120,50,2.4,7393.png,178,53,3.358490566037736,7393.png
360,60,6.0,74005.png,234,104,2.25,74005.png
240,50,4.8,74042.png,376,87,4.32183908045977,74042.png
280,40,7.0,74105.png,441,55,8.018181818181818,74105.png
400,50,8.0,7418.png,679,53,12.81132075471698,7418.png
600,100,6.0,74280.png,971,106,9.160377358490566,74280.png
360,60,6.0,74291.png,341,99,3.4444444444444446,74291.png
360,60,6.0,74300.png,368,93,3.956989247311828,74300.png
240,50,4.8,74320.png,380,81,4.691358024691358,74320.png
800,100,8.0,74441.png,1222,53,23.056603773584907,74441.png
400,50,8.0,74480.png,659,53,12.433962264150944,74480.png
500,100,5.0,74518.png,814,53,15.358490566037736,74518.png
280,40,7.0,74561.png,424,56,7.571428571428571,74561.png
200,50,4.0,74574.png,311,93,3.3440860215053765,74574.png
240,40,6.0,74581.png,398,51,7.803921568627451,74581.png
240,50,4.8,74669.png,349,88,3.965909090909091,74669.png
360,100,3.6,74680.png,439,104,4.221153846153846,74680.png
280,40,7.0,74684.png,425,58,7.327586206896552,74684.png
320,50,6.4,74716.png,554,81,6.839506172839506,74716.png
400,50,8.0,74822.png,675,57,11.842105263157896,74822.png
360,60,6.0,74838.png,566,93,6.086021505376344,74838.png
160,40,4.0,7487.png,266,53,5.018867924528302,7487.png
240,40,6.0,7497.png,354,61,5.80327868852459,7497.png
200,50,4.0,75020.png,322,87,3.7011494252873565,75020.png
360,60,6.0,75075.png,255,96,2.65625,75075.png
360,60,6.0,75140.png,218,93,2.3440860215053765,75140.png
500,100,5.0,75268.png,726,56,12.964285714285714,75268.png
360,60,6.0,75278.png,346,94,3.6808510638297873,75278.png
200,50,4.0,75303.png,299,83,3.602409638554217,75303.png
360,100,3.6,7535.png,350,108,3.240740740740741,7535.png
280,40,7.0,75358.png,444,58,7.655172413793103,75358.png
240,40,6.0,75393.png,353,49,7.204081632653061,75393.png
200,40,5.0,75405.png,349,49,7.122448979591836,75405.png
360,60,6.0,75454.png,287,94,3.0531914893617023,75454.png
360,60,6.0,75533.png,379,94,4.031914893617022,75533.png
120,50,2.4,75622.png,170,50,3.4,75622.png
500,100,5.0,75638.png,845,54,15.648148148148149,75638.png
360,60,6.0,7567.png,464,96,4.833333333333333,7567.png
200,40,5.0,7568.png,319,53,6.018867924528302,7568.png
360,60,6.0,75696.png,504,90,5.6,75696.png
160,40,4.0,75724.png,246,54,4.555555555555555,75724.png
160,40,4.0,75749.png,240,57,4.2105263157894735,75749.png
360,60,6.0,75799.png,543,93,5.838709677419355,75799.png
240,40,6.0,7603.png,403,54,7.462962962962963,7603.png
360,100,3.6,76032.png,566,104,5.4423076923076925,76032.png
360,60,6.0,76067.png,575,98,5.86734693877551,76067.png
400,50,8.0,76110.png,625,92,6.793478260869565,76110.png
360,60,6.0,76126.png,371,94,3.9468085106382977,76126.png
160,40,4.0,76139.png,218,61,3.5737704918032787,76139.png
200,50,4.0,7614.png,303,88,3.4431818181818183,7614.png
500,100,5.0,76163.png,727,93,7.817204301075269,76163.png
280,40,7.0,76171.png,469,57,8.228070175438596,76171.png
280,40,7.0,76196.png,483,56,8.625,76196.png
280,40,7.0,76212.png,446,59,7.559322033898305,76212.png
240,40,6.0,76217.png,357,48,7.4375,76217.png
240,40,6.0,76255.png,398,62,6.419354838709677,76255.png
600,100,6.0,76256.png,1004,56,17.928571428571427,76256.png
360,60,6.0,76380.png,389,98,3.9693877551020407,76380.png
500,100,5.0,76445.png,709,56,12.660714285714286,76445.png
360,100,3.6,76511.png,425,108,3.935185185185185,76511.png
360,40,9.0,76551.png,613,58,10.568965517241379,76551.png
200,40,5.0,7659.png,292,44,6.636363636363637,7659.png
400,160,2.5,76601.png,666,93,7.161290322580645,76601.png
360,60,6.0,76640.png,541,98,5.520408163265306,76640.png
160,40,4.0,76763.png,229,57,4.017543859649122,76763.png
360,100,3.6,76801.png,368,105,3.5047619047619047,76801.png
200,40,5.0,76810.png,302,62,4.870967741935484,76810.png
120,50,2.4,76813.png,171,57,3.0,76813.png
800,100,8.0,76825.png,1162,80,14.525,76825.png
360,60,6.0,76850.png,446,101,4.415841584158416,76850.png
360,60,6.0,76964.png,193,93,2.075268817204301,76964.png
160,40,4.0,7701.png,277,52,5.326923076923077,7701.png
240,40,6.0,77036.png,384,56,6.857142857142857,77036.png
280,40,7.0,77056.png,475,62,7.661290322580645,77056.png
600,100,6.0,77130.png,968,89,10.876404494382022,77130.png
500,100,5.0,772.png,781,56,13.946428571428571,772.png
360,60,6.0,77212.png,484,105,4.609523809523809,77212.png
320,50,6.4,77218.png,510,87,5.862068965517241,77218.png
500,100,5.0,77227.png,829,53,15.641509433962264,77227.png
500,100,5.0,77296.png,798,97,8.22680412371134,77296.png
200,40,5.0,77464.png,349,61,5.721311475409836,77464.png
320,40,8.0,77568.png,511,58,8.810344827586206,77568.png
360,100,3.6,77572.png,237,108,2.1944444444444446,77572.png
280,40,7.0,77602.png,456,52,8.76923076923077,77602.png
360,100,3.6,77608.png,485,102,4.754901960784314,77608.png
360,40,9.0,77626.png,639,56,11.410714285714286,77626.png
120,50,2.4,77638.png,43,42,1.0238095238095237,77638.png
360,40,9.0,77666.png,600,57,10.526315789473685,77666.png
240,40,6.0,77712.png,401,58,6.913793103448276,77712.png
320,40,8.0,77723.png,532,53,10.037735849056604,77723.png
360,40,9.0,77775.png,627,53,11.830188679245284,77775.png
360,60,6.0,77923.png,469,88,5.329545454545454,77923.png
360,60,6.0,77940.png,177,99,1.7878787878787878,77940.png
120,50,2.4,77997.png,120,80,1.5,77997.png
200,40,5.0,7802.png,338,57,5.9298245614035086,7802.png
360,60,6.0,7805.png,227,94,2.4148936170212765,7805.png
280,50,5.6,78061.png,462,96,4.8125,78061.png
320,40,8.0,7808.png,539,56,9.625,7808.png
400,50,8.0,78131.png,635,57,11.140350877192983,78131.png
320,40,8.0,78203.png,512,57,8.982456140350877,78203.png
240,40,6.0,78209.png,373,57,6.543859649122807,78209.png
500,100,5.0,78225.png,852,56,15.214285714285714,78225.png
500,100,5.0,78324.png,805,58,13.879310344827585,78324.png
360,100,3.6,78333.png,340,97,3.5051546391752577,78333.png
400,50,8.0,78350.png,697,59,11.813559322033898,78350.png
400,160,2.5,78360.png,650,107,6.074766355140187,78360.png
320,40,8.0,78369.png,545,56,9.732142857142858,78369.png
360,60,6.0,78465.png,446,93,4.795698924731183,78465.png
120,50,2.4,78490.png,151,88,1.7159090909090908,78490.png
240,40,6.0,78611.png,408,61,6.688524590163935,78611.png
360,50,7.2,78661.png,604,92,6.565217391304348,78661.png
240,50,4.8,78676.png,389,89,4.370786516853933,78676.png
240,40,6.0,78685.png,372,56,6.642857142857143,78685.png
240,50,4.8,78732.png,410,87,4.712643678160919,78732.png
200,40,5.0,78777.png,337,53,6.3584905660377355,78777.png
240,50,4.8,78823.png,364,88,4.136363636363637,78823.png
280,40,7.0,78865.png,477,57,8.368421052631579,78865.png
320,50,6.4,78887.png,500,93,5.376344086021505,78887.png
360,60,6.0,78897.png,225,98,2.295918367346939,78897.png
600,100,6.0,79002.png,974,59,16.508474576271187,79002.png
360,60,6.0,7901.png,447,87,5.137931034482759,7901.png
500,100,5.0,79051.png,741,53,13.981132075471699,79051.png
200,50,4.0,79139.png,283,88,3.215909090909091,79139.png
360,40,9.0,79145.png,587,53,11.075471698113208,79145.png
360,60,6.0,79155.png,256,93,2.752688172043011,79155.png
240,40,6.0,79193.png,378,54,7.0,79193.png
280,50,5.6,79196.png,449,70,6.414285714285715,79196.png
360,40,9.0,79204.png,596,58,10.275862068965518,79204.png
200,50,4.0,79247.png,252,87,2.896551724137931,79247.png
240,40,6.0,79264.png,386,64,6.03125,79264.png
160,40,4.0,79271.png,238,54,4.407407407407407,79271.png
500,100,5.0,79277.png,735,99,7.424242424242424,79277.png
360,60,6.0,79316.png,447,103,4.339805825242719,79316.png
320,50,6.4,79388.png,527,93,5.666666666666667,79388.png
280,40,7.0,79599.png,468,56,8.357142857142858,79599.png
240,40,6.0,79695.png,354,55,6.4363636363636365,79695.png
120,50,2.4,79723.png,114,53,2.150943396226415,79723.png
800,100,8.0,798.png,1190,88,13.522727272727273,798.png
360,60,6.0,79914.png,438,93,4.709677419354839,79914.png
240,40,6.0,79937.png,393,63,6.238095238095238,79937.png
500,100,5.0,8000.png,712,88,8.090909090909092,8000.png
120,50,2.4,80121.png,172,62,2.774193548387097,80121.png
160,40,4.0,80123.png,246,60,4.1,80123.png
360,60,6.0,80187.png,335,94,3.5638297872340425,80187.png
360,100,3.6,80334.png,593,105,5.647619047619048,80334.png
320,40,8.0,80362.png,553,58,9.53448275862069,80362.png
360,100,3.6,80371.png,338,109,3.1009174311926606,80371.png
280,40,7.0,80382.png,424,59,7.186440677966102,80382.png
360,60,6.0,80406.png,556,89,6.247191011235955,80406.png
360,60,6.0,80431.png,479,102,4.696078431372549,80431.png
400,50,8.0,8044.png,634,62,10.225806451612904,8044.png
360,60,6.0,80516.png,448,87,5.149425287356322,80516.png
240,40,6.0,80526.png,357,48,7.4375,80526.png
200,40,5.0,80536.png,356,52,6.846153846153846,80536.png
120,50,2.4,80548.png,194,86,2.255813953488372,80548.png
200,40,5.0,80586.png,304,55,5.527272727272727,80586.png
400,50,8.0,80638.png,698,58,12.03448275862069,80638.png
360,60,6.0,80643.png,493,94,5.24468085106383,80643.png
360,60,6.0,80709.png,386,98,3.938775510204082,80709.png
360,60,6.0,80737.png,542,88,6.159090909090909,80737.png
600,100,6.0,8079.png,909,87,10.448275862068966,8079.png
360,60,6.0,80832.png,387,92,4.206521739130435,80832.png
500,100,5.0,8086.png,722,62,11.64516129032258,8086.png
120,50,2.4,80903.png,208,64,3.25,80903.png
240,40,6.0,80945.png,367,57,6.43859649122807,80945.png
800,100,8.0,81109.png,1109,53,20.92452830188679,81109.png
320,40,8.0,81159.png,520,53,9.81132075471698,81159.png
240,50,4.8,81171.png,402,87,4.620689655172414,81171.png
360,100,3.6,81222.png,405,109,3.7155963302752295,81222.png
280,40,7.0,81236.png,475,56,8.482142857142858,81236.png
360,40,9.0,81295.png,567,57,9.947368421052632,81295.png
320,40,8.0,81313.png,549,56,9.803571428571429,81313.png
240,40,6.0,81325.png,414,59,7.016949152542373,81325.png
360,60,6.0,81342.png,202,111,1.8198198198198199,81342.png
160,40,4.0,81440.png,224,56,4.0,81440.png
360,60,6.0,81454.png,391,92,4.25,81454.png
360,60,6.0,81466.png,222,87,2.5517241379310347,81466.png
360,60,6.0,81522.png,280,95,2.9473684210526314,81522.png
240,40,6.0,81528.png,366,56,6.535714285714286,81528.png
600,100,6.0,81581.png,978,99,9.878787878787879,81581.png
200,50,4.0,81586.png,263,87,3.0229885057471266,81586.png
200,40,5.0,81588.png,310,53,5.849056603773585,81588.png
500,100,5.0,81617.png,719,51,14.098039215686274,81617.png
360,60,6.0,81642.png,397,99,4.01010101010101,81642.png
360,100,3.6,817.png,420,104,4.038461538461538,817.png
160,40,4.0,81707.png,254,54,4.703703703703703,81707.png
360,60,6.0,81765.png,352,95,3.705263157894737,81765.png
400,160,2.5,81766.png,688,107,6.429906542056075,81766.png
240,40,6.0,81860.png,355,45,7.888888888888889,81860.png
240,40,6.0,81870.png,399,58,6.879310344827586,81870.png
160,40,4.0,8188.png,219,57,3.8421052631578947,8188.png
320,40,8.0,8195.png,543,53,10.245283018867925,8195.png
280,40,7.0,81951.png,440,45,9.777777777777779,81951.png
360,60,6.0,81976.png,317,90,3.522222222222222,81976.png
200,40,5.0,82001.png,279,56,4.982142857142857,82001.png
320,40,8.0,82006.png,511,53,9.641509433962264,82006.png
320,40,8.0,82011.png,534,56,9.535714285714286,82011.png
360,40,9.0,82022.png,583,62,9.403225806451612,82022.png
280,40,7.0,82029.png,449,55,8.163636363636364,82029.png
200,40,5.0,82132.png,323,53,6.09433962264151,82132.png
280,40,7.0,82272.png,462,50,9.24,82272.png
360,60,6.0,82301.png,576,103,5.592233009708738,82301.png
200,40,5.0,82345.png,333,53,6.283018867924528,82345.png
360,60,6.0,82380.png,268,92,2.9130434782608696,82380.png
400,160,2.5,8241.png,627,101,6.207920792079208,8241.png
360,60,6.0,82415.png,414,93,4.451612903225806,82415.png
400,50,8.0,82428.png,687,53,12.962264150943396,82428.png
500,100,5.0,82476.png,812,56,14.5,82476.png
360,60,6.0,8250.png,207,99,2.090909090909091,8250.png
360,60,6.0,82633.png,307,88,3.4886363636363638,82633.png
360,60,6.0,82660.png,438,96,4.5625,82660.png
120,50,2.4,82692.png,174,53,3.2830188679245285,82692.png
800,100,8.0,82721.png,1268,111,11.423423423423424,82721.png
360,60,6.0,82748.png,569,93,6.118279569892473,82748.png
200,40,5.0,82755.png,314,42,7.476190476190476,82755.png
360,100,3.6,82945.png,448,105,4.266666666666667,82945.png
500,100,5.0,82959.png,679,105,6.466666666666667,82959.png
400,50,8.0,830.png,684,56,12.214285714285714,830.png
360,60,6.0,83193.png,305,100,3.05,83193.png
320,40,8.0,83310.png,550,57,9.649122807017545,83310.png
200,40,5.0,83323.png,295,53,5.566037735849057,83323.png
500,100,5.0,83418.png,820,59,13.898305084745763,83418.png
160,40,4.0,83457.png,217,49,4.428571428571429,83457.png
360,100,3.6,8346.png,608,98,6.204081632653061,8346.png
500,100,5.0,83461.png,796,59,13.491525423728813,83461.png
360,60,6.0,83557.png,330,98,3.36734693877551,83557.png
120,50,2.4,83572.png,180,87,2.0689655172413794,83572.png
360,100,3.6,8358.png,415,104,3.9903846153846154,8358.png
200,40,5.0,83648.png,309,61,5.065573770491803,83648.png
360,50,7.2,8365.png,616,88,7.0,8365.png
280,40,7.0,8377.png,433,53,8.169811320754716,8377.png
400,50,8.0,83870.png,660,59,11.186440677966102,83870.png
360,60,6.0,83991.png,297,93,3.193548387096774,83991.png
280,40,7.0,84017.png,431,81,5.320987654320987,84017.png
360,40,9.0,84047.png,620,53,11.69811320754717,84047.png
120,50,2.4,84107.png,132,54,2.4444444444444446,84107.png
200,40,5.0,84109.png,334,57,5.859649122807017,84109.png
360,60,6.0,84137.png,251,92,2.7282608695652173,84137.png
200,40,5.0,84193.png,300,53,5.660377358490566,84193.png
240,50,4.8,84205.png,425,90,4.722222222222222,84205.png
200,50,4.0,84310.png,336,88,3.8181818181818183,84310.png
240,40,6.0,84350.png,388,57,6.807017543859649,84350.png
360,60,6.0,84379.png,348,99,3.515151515151515,84379.png
500,100,5.0,84385.png,818,58,14.10344827586207,84385.png
500,100,5.0,8447.png,797,61,13.065573770491802,8447.png
500,100,5.0,84506.png,751,101,7.435643564356436,84506.png
360,60,6.0,84515.png,408,102,4.0,84515.png
200,40,5.0,84585.png,333,56,5.946428571428571,84585.png
360,60,6.0,84901.png,369,102,3.6176470588235294,84901.png
360,100,3.6,84951.png,481,108,4.453703703703703,84951.png
360,100,3.6,85047.png,453,112,4.044642857142857,85047.png
320,50,6.4,8505.png,535,81,6.604938271604938,8505.png
240,40,6.0,85087.png,366,58,6.310344827586207,85087.png
400,50,8.0,85107.png,632,61,10.360655737704919,85107.png
200,50,4.0,85150.png,319,87,3.6666666666666665,85150.png
360,60,6.0,85245.png,222,99,2.242424242424242,85245.png
320,40,8.0,85266.png,535,48,11.145833333333334,85266.png
200,50,4.0,8529.png,202,88,2.2954545454545454,8529.png
200,50,4.0,8531.png,343,87,3.942528735632184,8531.png
320,40,8.0,85419.png,502,59,8.508474576271187,85419.png
240,40,6.0,85439.png,359,53,6.773584905660377,85439.png
200,40,5.0,85484.png,304,56,5.428571428571429,85484.png
400,50,8.0,85495.png,694,87,7.977011494252873,85495.png
360,40,9.0,85623.png,585,57,10.263157894736842,85623.png
360,60,6.0,85684.png,427,88,4.8522727272727275,85684.png
320,40,8.0,85700.png,481,55,8.745454545454546,85700.png
120,50,2.4,8572.png,79,44,1.7954545454545454,8572.png
500,100,5.0,85735.png,760,119,6.38655462184874,85735.png
500,100,5.0,85782.png,699,56,12.482142857142858,85782.png
360,60,6.0,85891.png,404,101,4.0,85891.png
280,40,7.0,86001.png,459,53,8.660377358490566,86001.png
160,40,4.0,86043.png,281,55,5.109090909090909,86043.png
280,40,7.0,86046.png,413,63,6.555555555555555,86046.png
280,50,5.6,86057.png,462,87,5.310344827586207,86057.png
360,60,6.0,86067.png,561,102,5.5,86067.png
360,100,3.6,86103.png,184,101,1.8217821782178218,86103.png
360,60,6.0,86206.png,281,99,2.8383838383838382,86206.png
360,60,6.0,86217.png,238,93,2.5591397849462365,86217.png
120,50,2.4,86257.png,34,42,0.8095238095238095,86257.png
240,40,6.0,86306.png,396,54,7.333333333333333,86306.png
360,60,6.0,86308.png,350,93,3.763440860215054,86308.png
160,40,4.0,86311.png,249,50,4.98,86311.png
320,50,6.4,8632.png,496,84,5.904761904761905,8632.png
320,50,6.4,86342.png,527,88,5.988636363636363,86342.png
800,100,8.0,86371.png,1258,104,12.096153846153847,86371.png
400,50,8.0,86498.png,709,57,12.43859649122807,86498.png
360,100,3.6,86514.png,182,104,1.75,86514.png
160,40,4.0,86532.png,219,54,4.055555555555555,86532.png
280,40,7.0,86577.png,450,56,8.035714285714286,86577.png
200,50,4.0,86642.png,223,92,2.4239130434782608,86642.png
280,40,7.0,86691.png,428,53,8.075471698113208,86691.png
160,40,4.0,86706.png,231,64,3.609375,86706.png
360,100,3.6,86745.png,465,106,4.386792452830188,86745.png
360,60,6.0,86890.png,220,93,2.3655913978494625,86890.png
360,60,6.0,87009.png,330,99,3.3333333333333335,87009.png
280,40,7.0,87010.png,464,54,8.592592592592593,87010.png
200,40,5.0,87046.png,317,56,5.660714285714286,87046.png
360,60,6.0,8706.png,228,87,2.6206896551724137,8706.png
360,60,6.0,87180.png,304,97,3.134020618556701,87180.png
200,40,5.0,87235.png,348,63,5.523809523809524,87235.png
280,40,7.0,87281.png,470,56,8.392857142857142,87281.png
200,50,4.0,87321.png,249,78,3.1923076923076925,87321.png
360,100,3.6,87425.png,324,117,2.769230769230769,87425.png
240,50,4.8,87453.png,355,89,3.9887640449438204,87453.png
200,40,5.0,87480.png,296,63,4.698412698412699,87480.png
280,40,7.0,87481.png,432,57,7.578947368421052,87481.png
160,40,4.0,87549.png,221,55,4.0181818181818185,87549.png
360,60,6.0,8767.png,454,101,4.4950495049504955,8767.png
240,40,6.0,87773.png,406,58,7.0,87773.png
360,60,6.0,878.png,287,96,2.9895833333333335,878.png
120,50,2.4,87891.png,149,59,2.5254237288135593,87891.png
280,40,7.0,87918.png,431,57,7.56140350877193,87918.png
360,60,6.0,87925.png,300,100,3.0,87925.png
200,40,5.0,87989.png,299,63,4.746031746031746,87989.png
800,100,8.0,87993.png,1057,66,16.015151515151516,87993.png
360,60,6.0,88163.png,424,101,4.198019801980198,88163.png
200,50,4.0,88175.png,214,88,2.4318181818181817,88175.png
240,40,6.0,88235.png,369,59,6.254237288135593,88235.png
500,100,5.0,88239.png,740,56,13.214285714285714,88239.png
360,60,6.0,88268.png,390,92,4.239130434782608,88268.png
500,100,5.0,88341.png,763,53,14.39622641509434,88341.png
500,100,5.0,88389.png,781,56,13.946428571428571,88389.png
200,40,5.0,88433.png,296,56,5.285714285714286,88433.png
320,40,8.0,88589.png,527,57,9.24561403508772,88589.png
200,50,4.0,88666.png,239,88,2.715909090909091,88666.png
360,60,6.0,88764.png,502,93,5.397849462365591,88764.png
240,40,6.0,88836.png,384,57,6.7368421052631575,88836.png
280,50,5.6,88893.png,452,87,5.195402298850575,88893.png
280,40,7.0,88937.png,478,58,8.241379310344827,88937.png
500,100,5.0,89018.png,730,53,13.773584905660377,89018.png
360,60,6.0,8909.png,457,93,4.913978494623656,8909.png
800,100,8.0,89122.png,1095,50,21.9,89122.png
240,50,4.8,89136.png,404,81,4.987654320987654,89136.png
360,40,9.0,89159.png,603,54,11.166666666666666,89159.png
500,100,5.0,89203.png,684,60,11.4,89203.png
360,60,6.0,89229.png,399,93,4.290322580645161,89229.png
200,40,5.0,89306.png,349,56,6.232142857142857,89306.png
120,50,2.4,89313.png,201,56,3.5892857142857144,89313.png
600,100,6.0,89401.png,885,101,8.762376237623762,89401.png
360,40,9.0,89415.png,613,56,10.946428571428571,89415.png
320,40,8.0,89434.png,511,56,9.125,89434.png
360,100,3.6,89442.png,377,99,3.808080808080808,89442.png
200,50,4.0,89455.png,342,88,3.8863636363636362,89455.png
160,40,4.0,89470.png,247,62,3.9838709677419355,89470.png
400,50,8.0,89477.png,657,68,9.661764705882353,89477.png
320,40,8.0,89501.png,508,53,9.584905660377359,89501.png
240,40,6.0,89800.png,386,55,7.0181818181818185,89800.png
360,60,6.0,89962.png,258,99,2.606060606060606,89962.png
600,100,6.0,89976.png,954,79,12.075949367088608,89976.png
160,40,4.0,9006.png,263,56,4.696428571428571,9006.png
280,50,5.6,90109.png,452,78,5.794871794871795,90109.png
400,50,8.0,90123.png,681,89,7.651685393258427,90123.png
160,40,4.0,90140.png,232,50,4.64,90140.png
600,100,6.0,90147.png,1020,101,10.099009900990099,90147.png
400,160,2.5,9016.png,633,108,5.861111111111111,9016.png
360,60,6.0,90407.png,307,92,3.3369565217391304,90407.png
360,60,6.0,90434.png,158,99,1.595959595959596,90434.png
280,40,7.0,90459.png,450,64,7.03125,90459.png
360,60,6.0,90575.png,403,100,4.03,90575.png
360,60,6.0,90620.png,477,101,4.7227722772277225,90620.png
360,60,6.0,90720.png,189,94,2.0106382978723403,90720.png
360,60,6.0,90735.png,334,99,3.3737373737373737,90735.png
280,40,7.0,90758.png,446,54,8.25925925925926,90758.png
280,40,7.0,90798.png,444,49,9.061224489795919,90798.png
360,60,6.0,90805.png,372,102,3.6470588235294117,90805.png
360,60,6.0,90826.png,351,103,3.407766990291262,90826.png
360,60,6.0,90877.png,214,96,2.2291666666666665,90877.png
500,100,5.0,90985.png,737,57,12.929824561403509,90985.png
160,40,4.0,91001.png,243,57,4.2631578947368425,91001.png
360,60,6.0,91088.png,196,93,2.10752688172043,91088.png
280,50,5.6,91106.png,462,87,5.310344827586207,91106.png
200,40,5.0,91158.png,298,62,4.806451612903226,91158.png
360,60,6.0,91383.png,232,99,2.3434343434343434,91383.png
360,60,6.0,91397.png,479,100,4.79,91397.png
500,100,5.0,91505.png,773,62,12.46774193548387,91505.png
360,60,6.0,9153.png,319,98,3.2551020408163267,9153.png
280,40,7.0,91677.png,451,58,7.775862068965517,91677.png
360,60,6.0,91689.png,436,101,4.316831683168317,91689.png
360,100,3.6,91818.png,247,101,2.4455445544554455,91818.png
500,100,5.0,91866.png,848,58,14.620689655172415,91866.png
360,40,9.0,91922.png,614,53,11.584905660377359,91922.png
360,60,6.0,92017.png,470,98,4.795918367346939,92017.png
360,50,7.2,92059.png,614,81,7.580246913580247,92059.png
360,40,9.0,92069.png,619,57,10.859649122807017,92069.png
320,40,8.0,9209.png,490,56,8.75,9209.png
240,40,6.0,92261.png,392,56,7.0,92261.png
360,60,6.0,92271.png,250,98,2.5510204081632653,92271.png
280,40,7.0,92425.png,468,62,7.548387096774194,92425.png
280,40,7.0,92442.png,459,56,8.196428571428571,92442.png
280,40,7.0,9246.png,435,58,7.5,9246.png
320,40,8.0,92460.png,532,63,8.444444444444445,92460.png
200,50,4.0,92470.png,261,92,2.8369565217391304,92470.png
360,60,6.0,92500.png,324,111,2.918918918918919,92500.png
360,60,6.0,92524.png,226,84,2.6904761904761907,92524.png
120,50,2.4,92533.png,171,58,2.9482758620689653,92533.png
320,50,6.4,92624.png,531,88,6.034090909090909,92624.png
160,40,4.0,92678.png,260,55,4.7272727272727275,92678.png
320,50,6.4,92752.png,484,81,5.9753086419753085,92752.png
160,40,4.0,92936.png,227,53,4.283018867924528,92936.png
360,40,9.0,92988.png,616,56,11.0,92988.png
360,60,6.0,93045.png,248,102,2.4313725490196076,93045.png
120,50,2.4,93053.png,190,93,2.043010752688172,93053.png
320,40,8.0,93078.png,558,60,9.3,93078.png
360,60,6.0,93109.png,552,90,6.133333333333334,93109.png
360,60,6.0,93137.png,395,96,4.114583333333333,93137.png
360,40,9.0,93239.png,607,53,11.452830188679245,93239.png
360,100,3.6,93261.png,489,104,4.701923076923077,93261.png
600,100,6.0,93264.png,882,61,14.459016393442623,93264.png
360,100,3.6,933.png,449,105,4.276190476190476,933.png
500,100,5.0,93419.png,756,103,7.339805825242719,93419.png
200,50,4.0,93485.png,314,89,3.5280898876404496,93485.png
160,40,4.0,93516.png,282,56,5.035714285714286,93516.png
240,50,4.8,93565.png,394,87,4.528735632183908,93565.png
280,40,7.0,93575.png,434,58,7.482758620689655,93575.png
360,60,6.0,93618.png,300,89,3.3707865168539324,93618.png
280,40,7.0,93643.png,462,54,8.555555555555555,93643.png
360,100,3.6,93644.png,348,104,3.3461538461538463,93644.png
400,160,2.5,93678.png,647,104,6.221153846153846,93678.png
360,60,6.0,93679.png,550,98,5.612244897959184,93679.png
500,100,5.0,93696.png,738,102,7.235294117647059,93696.png
360,60,6.0,93743.png,312,90,3.466666666666667,93743.png
360,60,6.0,93776.png,329,101,3.257425742574257,93776.png
600,100,6.0,93854.png,1029,59,17.440677966101696,93854.png
360,100,3.6,93884.png,340,104,3.269230769230769,93884.png
500,100,5.0,93885.png,741,53,13.981132075471699,93885.png
400,160,2.5,93886.png,675,113,5.9734513274336285,93886.png
280,50,5.6,93904.png,431,81,5.320987654320987,93904.png
200,50,4.0,93943.png,315,89,3.539325842696629,93943.png
360,60,6.0,94002.png,575,100,5.75,94002.png
240,40,6.0,94057.png,358,54,6.62962962962963,94057.png
280,40,7.0,94177.png,426,56,7.607142857142857,94177.png
160,40,4.0,94190.png,239,54,4.425925925925926,94190.png
360,60,6.0,94197.png,414,99,4.181818181818182,94197.png
360,100,3.6,94288.png,126,104,1.2115384615384615,94288.png
120,50,2.4,94290.png,170,88,1.9318181818181819,94290.png
500,100,5.0,94354.png,788,88,8.954545454545455,94354.png
360,60,6.0,94367.png,246,100,2.46,94367.png
280,40,7.0,94409.png,449,53,8.471698113207546,94409.png
320,40,8.0,94489.png,521,57,9.140350877192983,94489.png
320,50,6.4,94543.png,496,88,5.636363636363637,94543.png
360,100,3.6,94559.png,520,111,4.684684684684685,94559.png
360,100,3.6,94621.png,289,104,2.7788461538461537,94621.png
360,100,3.6,94650.png,297,100,2.97,94650.png
320,40,8.0,94724.png,516,54,9.555555555555555,94724.png
360,60,6.0,94733.png,597,94,6.351063829787234,94733.png
200,40,5.0,94777.png,336,49,6.857142857142857,94777.png
160,40,4.0,94848.png,253,62,4.080645161290323,94848.png
360,100,3.6,94853.png,335,104,3.2211538461538463,94853.png
240,40,6.0,94857.png,401,56,7.160714285714286,94857.png
160,40,4.0,94902.png,224,50,4.48,94902.png
360,100,3.6,94904.png,286,103,2.7766990291262137,94904.png
800,100,8.0,94924.png,1252,61,20.524590163934427,94924.png
500,100,5.0,94947.png,844,102,8.27450980392157,94947.png
360,40,9.0,95017.png,629,62,10.14516129032258,95017.png
400,50,8.0,95072.png,675,56,12.053571428571429,95072.png
360,60,6.0,951.png,509,89,5.719101123595506,951.png
280,40,7.0,95111.png,463,58,7.982758620689655,95111.png
240,40,6.0,95128.png,363,54,6.722222222222222,95128.png
240,40,6.0,95140.png,372,53,7.018867924528302,95140.png
200,40,5.0,95229.png,354,59,6.0,95229.png
360,40,9.0,9524.png,564,53,10.641509433962264,9524.png
500,100,5.0,95254.png,776,54,14.37037037037037,95254.png
360,100,3.6,95321.png,240,104,2.3076923076923075,95321.png
360,60,6.0,95336.png,290,95,3.0526315789473686,95336.png
240,50,4.8,95338.png,362,88,4.113636363636363,95338.png
360,60,6.0,95376.png,332,95,3.4947368421052634,95376.png
120,50,2.4,95429.png,48,41,1.170731707317073,95429.png
360,60,6.0,95533.png,552,94,5.872340425531915,95533.png
360,60,6.0,95548.png,353,101,3.495049504950495,95548.png
360,60,6.0,95568.png,406,88,4.613636363636363,95568.png
360,60,6.0,95584.png,567,103,5.504854368932039,95584.png
120,50,2.4,95646.png,200,88,2.272727272727273,95646.png
320,40,8.0,95685.png,530,53,10.0,95685.png
360,40,9.0,9585.png,600,63,9.523809523809524,9585.png
360,60,6.0,95880.png,253,99,2.5555555555555554,95880.png
200,50,4.0,96017.png,308,87,3.5402298850574714,96017.png
500,100,5.0,96067.png,792,56,14.142857142857142,96067.png
120,50,2.4,96091.png,208,51,4.078431372549019,96091.png
240,40,6.0,96262.png,361,57,6.333333333333333,96262.png
360,100,3.6,96279.png,207,100,2.07,96279.png
120,50,2.4,96285.png,203,56,3.625,96285.png
160,40,4.0,96344.png,239,56,4.267857142857143,96344.png
160,40,4.0,96546.png,266,56,4.75,96546.png
360,60,6.0,96568.png,196,92,2.130434782608696,96568.png
800,100,8.0,96605.png,1094,57,19.19298245614035,96605.png
360,60,6.0,96688.png,455,99,4.595959595959596,96688.png
360,50,7.2,96689.png,599,87,6.885057471264368,96689.png
120,50,2.4,9673.png,180,48,3.75,9673.png
360,60,6.0,96825.png,515,89,5.786516853932584,96825.png
320,40,8.0,97012.png,500,61,8.19672131147541,97012.png
200,50,4.0,97035.png,265,96,2.7604166666666665,97035.png
280,40,7.0,97098.png,424,54,7.851851851851852,97098.png
160,40,4.0,97100.png,225,59,3.8135593220338984,97100.png
360,60,6.0,97103.png,486,96,5.0625,97103.png
200,40,5.0,97142.png,346,56,6.178571428571429,97142.png
400,160,2.5,97191.png,666,116,5.741379310344827,97191.png
240,50,4.8,97262.png,408,81,5.037037037037037,97262.png
360,60,6.0,97376.png,340,99,3.4343434343434343,97376.png
320,40,8.0,97437.png,491,57,8.614035087719298,97437.png
400,160,2.5,97496.png,659,104,6.336538461538462,97496.png
500,100,5.0,97534.png,764,87,8.781609195402298,97534.png
200,50,4.0,97568.png,281,87,3.2298850574712645,97568.png
360,60,6.0,97574.png,232,94,2.4680851063829787,97574.png
500,100,5.0,97618.png,841,108,7.787037037037037,97618.png
360,100,3.6,97645.png,560,99,5.656565656565657,97645.png
280,40,7.0,97669.png,440,57,7.719298245614035,97669.png
360,100,3.6,977.png,474,104,4.5576923076923075,977.png
200,40,5.0,97797.png,302,55,5.490909090909091,97797.png
360,60,6.0,97820.png,217,87,2.4942528735632186,97820.png
200,40,5.0,97842.png,290,58,5.0,97842.png
360,60,6.0,97924.png,260,95,2.736842105263158,97924.png
500,100,5.0,9795.png,721,101,7.138613861386139,9795.png
500,100,5.0,97965.png,866,54,16.037037037037038,97965.png
320,40,8.0,98021.png,528,56,9.428571428571429,98021.png
360,60,6.0,98086.png,444,88,5.045454545454546,98086.png
280,40,7.0,98094.png,474,56,8.464285714285714,98094.png
360,60,6.0,98147.png,369,99,3.727272727272727,98147.png
360,60,6.0,98164.png,219,99,2.212121212121212,98164.png
360,100,3.6,98259.png,472,104,4.538461538461538,98259.png
360,100,3.6,98305.png,255,113,2.256637168141593,98305.png
240,40,6.0,98367.png,378,57,6.631578947368421,98367.png
360,60,6.0,98458.png,351,93,3.774193548387097,98458.png
360,40,9.0,98487.png,568,58,9.793103448275861,98487.png
120,50,2.4,98511.png,109,61,1.7868852459016393,98511.png
360,60,6.0,98557.png,613,84,7.2976190476190474,98557.png
240,40,6.0,98575.png,384,54,7.111111111111111,98575.png
360,60,6.0,98583.png,512,94,5.446808510638298,98583.png
400,50,8.0,98638.png,629,89,7.067415730337078,98638.png
200,40,5.0,9865.png,322,58,5.551724137931035,9865.png
160,40,4.0,98719.png,251,60,4.183333333333334,98719.png
160,40,4.0,98734.png,240,50,4.8,98734.png
360,60,6.0,98746.png,289,95,3.042105263157895,98746.png
360,60,6.0,98768.png,298,93,3.204301075268817,98768.png
360,60,6.0,98773.png,320,100,3.2,98773.png
360,60,6.0,98792.png,316,96,3.2916666666666665,98792.png
280,40,7.0,98830.png,480,53,9.056603773584905,98830.png
280,40,7.0,9887.png,438,57,7.684210526315789,9887.png
360,100,3.6,98970.png,450,114,3.9473684210526314,98970.png
320,40,8.0,98993.png,504,52,9.692307692307692,98993.png
320,40,8.0,99004.png,518,54,9.592592592592593,99004.png
360,60,6.0,99050.png,476,99,4.808080808080808,99050.png
120,50,2.4,99075.png,155,88,1.7613636363636365,99075.png
160,40,4.0,99150.png,283,61,4.639344262295082,99150.png
360,60,6.0,99164.png,380,98,3.877551020408163,99164.png
200,40,5.0,99253.png,334,54,6.185185185185185,99253.png
360,60,6.0,99268.png,275,97,2.8350515463917527,99268.png
360,60,6.0,99322.png,400,88,4.545454545454546,99322.png
360,60,6.0,99345.png,481,95,5.063157894736842,99345.png
280,40,7.0,99400.png,434,58,7.482758620689655,99400.png
240,40,6.0,99435.png,391,69,5.666666666666667,99435.png
360,60,6.0,99474.png,456,93,4.903225806451613,99474.png
360,40,9.0,99525.png,565,55,10.272727272727273,99525.png
320,40,8.0,99538.png,549,59,9.305084745762711,99538.png
360,60,6.0,99663.png,196,102,1.9215686274509804,99663.png
280,40,7.0,99707.png,432,63,6.857142857142857,99707.png
360,60,6.0,99721.png,275,87,3.160919540229885,99721.png
360,60,6.0,99785.png,424,101,4.198019801980198,99785.png
360,60,6.0,99803.png,315,97,3.247422680412371,99803.png
160,40,4.0,99815.png,266,58,4.586206896551724,99815.png
360,60,6.0,99908.png,204,93,2.193548387096774,99908.png
120,50,2.4,99943.png,152,53,2.8679245283018866,99943.png
360,100,3.6,99948.png,360,108,3.3333333333333335,99948.png
